05-18 11:33:01.833 11901 11918 W wasm_android_host::pr..: wandr-profile: frame      0 t+    609ms  SLOW 494.1 ms
05-18 11:33:01.833 11901 11918 I wasm_android_host::pr..: wandr-profile: frame      0 t+    609ms  win[N=1 min=494.1ms mean=494.1ms max=494.1ms] over[16ms=1 50ms=1 100ms=1 250ms=1]
05-18 11:33:02.817 11901 11918 I wasm_android_host::pr..: wandr-profile: frame     60 t+   1592ms  win[N=60 min=2.8ms mean=16.3ms max=22.1ms] over[16ms=48 50ms=0 100ms=0 250ms=0]
05-18 11:33:03.815 11901 11918 I wasm_android_host::pr..: wandr-profile: frame    120 t+   2590ms  win[N=60 min=15.1ms mean=16.6ms max=18.1ms] over[16ms=48 50ms=0 100ms=0 250ms=0]
05-18 11:33:04.812 11901 11918 I wasm_android_host::pr..: wandr-profile: frame    180 t+   3588ms  win[N=60 min=14.5ms mean=16.6ms max=18.3ms] over[16ms=49 50ms=0 100ms=0 250ms=0]
05-18 11:33:05.810 11901 11918 I wasm_android_host::pr..: wandr-profile: frame    240 t+   4585ms  win[N=60 min=14.9ms mean=16.6ms max=18.7ms] over[16ms=51 50ms=0 100ms=0 250ms=0]
05-18 11:33:06.807 11901 11918 I wasm_android_host::pr..: wandr-profile: frame    300 t+   5583ms  win[N=60 min=15.1ms mean=16.6ms max=18.2ms] over[16ms=50 50ms=0 100ms=0 250ms=0]
05-18 11:33:07.805 11901 11918 I wasm_android_host::pr..: wandr-profile: frame    360 t+   6580ms  win[N=60 min=14.9ms mean=16.5ms max=18.3ms] over[16ms=46 50ms=0 100ms=0 250ms=0]
05-18 11:33:08.804 11901 11918 I wasm_android_host::pr..: wandr-profile: frame    420 t+   7579ms  win[N=60 min=14.8ms mean=16.6ms max=19.0ms] over[16ms=42 50ms=0 100ms=0 250ms=0]
05-18 11:33:09.797 11901 11918 I wasm_android_host::pr..: wandr-profile: frame    480 t+   8572ms  win[N=60 min=14.6ms mean=16.5ms max=19.3ms] over[16ms=50 50ms=0 100ms=0 250ms=0]
05-18 11:33:10.828 11901 11918 I wasm_android_host::pr..: wandr-profile: frame    540 t+   9603ms  win[N=60 min=13.5ms mean=17.1ms max=37.4ms] over[16ms=52 50ms=0 100ms=0 250ms=0]
05-18 11:33:11.826 11901 11918 I wasm_android_host::pr..: wandr-profile: frame    600 t+  10602ms  win[N=60 min=10.4ms mean=16.2ms max=20.0ms] over[16ms=49 50ms=0 100ms=0 250ms=0]
05-18 11:33:12.824 11901 11918 I wasm_android_host::pr..: wandr-profile: frame    660 t+  11600ms  win[N=60 min=13.4ms mean=16.5ms max=17.3ms] over[16ms=58 50ms=0 100ms=0 250ms=0]
05-18 11:33:13.822 11901 11918 I wasm_android_host::pr..: wandr-profile: frame    720 t+  12598ms  win[N=60 min=4.8ms mean=15.6ms max=17.1ms] over[16ms=43 50ms=0 100ms=0 250ms=0]
05-18 11:33:14.837 11901 11918 I wasm_android_host::pr..: wandr-profile: frame    780 t+  13612ms  win[N=60 min=10.7ms mean=16.6ms max=29.3ms] over[16ms=55 50ms=0 100ms=0 250ms=0]
05-18 11:33:15.833 11901 11918 I wasm_android_host::pr..: wandr-profile: frame    840 t+  14609ms  win[N=60 min=13.1ms mean=16.4ms max=16.9ms] over[16ms=55 50ms=0 100ms=0 250ms=0]
05-18 11:33:16.831 11901 11918 I wasm_android_host::pr..: wandr-profile: frame    900 t+  15607ms  win[N=60 min=9.7ms mean=16.4ms max=19.8ms] over[16ms=50 50ms=0 100ms=0 250ms=0]
05-18 11:33:17.828 11901 11918 I wasm_android_host::pr..: wandr-profile: frame    960 t+  16604ms  win[N=60 min=16.1ms mean=16.6ms max=17.0ms] over[16ms=60 50ms=0 100ms=0 250ms=0]
05-18 11:33:18.829 11901 11918 I wasm_android_host::pr..: wandr-profile: frame   1020 t+  17605ms  win[N=60 min=15.4ms mean=16.6ms max=19.1ms] over[16ms=56 50ms=0 100ms=0 250ms=0]
05-18 11:33:19.824 11901 11918 I wasm_android_host::pr..: wandr-profile: frame   1080 t+  18599ms  win[N=60 min=8.1ms mean=16.2ms max=17.0ms] over[16ms=48 50ms=0 100ms=0 250ms=0]
05-18 11:33:20.821 11901 11918 I wasm_android_host::pr..: wandr-profile: frame   1140 t+  19597ms  win[N=60 min=11.6ms mean=16.2ms max=17.4ms] over[16ms=48 50ms=0 100ms=0 250ms=0]
05-18 11:33:21.836 11901 11918 I wasm_android_host::pr..: wandr-profile: frame   1200 t+  20612ms  win[N=60 min=13.3ms mean=16.5ms max=23.0ms] over[16ms=52 50ms=0 100ms=0 250ms=0]
05-18 11:33:22.834 11901 11918 I wasm_android_host::pr..: wandr-profile: frame   1260 t+  21610ms  win[N=60 min=8.9ms mean=16.0ms max=17.5ms] over[16ms=47 50ms=0 100ms=0 250ms=0]
05-18 11:33:23.831 11901 11918 I wasm_android_host::pr..: wandr-profile: frame   1320 t+  22607ms  win[N=60 min=10.2ms mean=16.2ms max=17.3ms] over[16ms=49 50ms=0 100ms=0 250ms=0]
05-18 11:33:24.830 11901 11918 I wasm_android_host::pr..: wandr-profile: frame   1380 t+  23606ms  win[N=60 min=10.2ms mean=16.0ms max=17.6ms] over[16ms=44 50ms=0 100ms=0 250ms=0]
05-18 11:33:25.827 11901 11918 I wasm_android_host::pr..: wandr-profile: frame   1440 t+  24603ms  win[N=60 min=7.3ms mean=15.9ms max=18.4ms] over[16ms=47 50ms=0 100ms=0 250ms=0]
05-18 11:33:26.824 11901 11918 I wasm_android_host::pr..: wandr-profile: frame   1500 t+  25600ms  win[N=60 min=5.6ms mean=16.1ms max=17.3ms] over[16ms=51 50ms=0 100ms=0 250ms=0]
05-18 11:33:27.822 11901 11918 I wasm_android_host::pr..: wandr-profile: frame   1560 t+  26598ms  win[N=60 min=4.5ms mean=16.0ms max=17.5ms] over[16ms=48 50ms=0 100ms=0 250ms=0]
05-18 11:33:28.838 11901 11918 I wasm_android_host::pr..: wandr-profile: frame   1620 t+  27614ms  win[N=60 min=4.6ms mean=16.1ms max=33.4ms] over[16ms=48 50ms=0 100ms=0 250ms=0]
05-18 11:33:29.834 11901 11918 I wasm_android_host::pr..: wandr-profile: frame   1680 t+  28610ms  win[N=60 min=5.4ms mean=16.0ms max=16.9ms] over[16ms=51 50ms=0 100ms=0 250ms=0]
05-18 11:33:30.833 11901 11918 I wasm_android_host::pr..: wandr-profile: frame   1740 t+  29608ms  win[N=60 min=5.4ms mean=15.9ms max=17.3ms] over[16ms=49 50ms=0 100ms=0 250ms=0]
05-18 11:33:31.830 11901 11918 I wasm_android_host::pr..: wandr-profile: frame   1800 t+  30606ms  win[N=60 min=13.9ms mean=16.5ms max=17.3ms] over[16ms=57 50ms=0 100ms=0 250ms=0]
05-18 11:33:32.827 11901 11918 I wasm_android_host::pr..: wandr-profile: frame   1860 t+  31603ms  win[N=60 min=10.0ms mean=16.2ms max=18.0ms] over[16ms=46 50ms=0 100ms=0 250ms=0]
05-18 11:33:33.825 11901 11918 I wasm_android_host::pr..: wandr-profile: frame   1920 t+  32601ms  win[N=60 min=9.9ms mean=16.2ms max=17.4ms] over[16ms=52 50ms=0 100ms=0 250ms=0]
05-18 11:33:34.823 11901 11918 I wasm_android_host::pr..: wandr-profile: frame   1980 t+  33598ms  win[N=60 min=12.1ms mean=16.2ms max=17.2ms] over[16ms=47 50ms=0 100ms=0 250ms=0]
05-18 11:33:35.820 11901 11918 I wasm_android_host::pr..: wandr-profile: frame   2040 t+  34596ms  win[N=60 min=10.1ms mean=16.3ms max=17.3ms] over[16ms=51 50ms=0 100ms=0 250ms=0]
05-18 11:33:36.821 11901 11918 I wasm_android_host::pr..: wandr-profile: frame   2100 t+  35597ms  win[N=60 min=15.8ms mean=16.6ms max=19.5ms] over[16ms=58 50ms=0 100ms=0 250ms=0]
05-18 11:33:37.819 11901 11918 I wasm_android_host::pr..: wandr-profile: frame   2160 t+  36595ms  win[N=60 min=15.3ms mean=16.5ms max=17.8ms] over[16ms=51 50ms=0 100ms=0 250ms=0]
05-18 11:33:38.818 11901 11918 I wasm_android_host::pr..: wandr-profile: frame   2220 t+  37593ms  win[N=60 min=15.4ms mean=16.6ms max=18.1ms] over[16ms=49 50ms=0 100ms=0 250ms=0]
05-18 11:33:39.815 11901 11918 I wasm_android_host::pr..: wandr-profile: frame   2280 t+  38590ms  win[N=60 min=15.1ms mean=16.5ms max=17.8ms] over[16ms=51 50ms=0 100ms=0 250ms=0]
05-18 11:33:40.813 11901 11918 I wasm_android_host::pr..: wandr-profile: frame   2340 t+  39589ms  win[N=60 min=15.2ms mean=16.6ms max=17.7ms] over[16ms=51 50ms=0 100ms=0 250ms=0]
05-18 11:33:41.810 11901 11918 I wasm_android_host::pr..: wandr-profile: frame   2400 t+  40586ms  win[N=60 min=15.2ms mean=16.5ms max=17.9ms] over[16ms=51 50ms=0 100ms=0 250ms=0]
05-18 11:33:42.808 11901 11918 I wasm_android_host::pr..: wandr-profile: frame   2460 t+  41584ms  win[N=60 min=15.5ms mean=16.6ms max=17.7ms] over[16ms=52 50ms=0 100ms=0 250ms=0]
05-18 11:33:43.806 11901 11918 I wasm_android_host::pr..: wandr-profile: frame   2520 t+  42581ms  win[N=60 min=15.1ms mean=16.6ms max=18.1ms] over[16ms=45 50ms=0 100ms=0 250ms=0]
05-18 11:33:44.804 11901 11918 I wasm_android_host::pr..: wandr-profile: frame   2580 t+  43580ms  win[N=60 min=14.8ms mean=16.6ms max=18.4ms] over[16ms=50 50ms=0 100ms=0 250ms=0]
05-18 11:33:45.801 11901 11918 I wasm_android_host::pr..: wandr-profile: frame   2640 t+  44576ms  win[N=60 min=14.7ms mean=16.5ms max=18.2ms] over[16ms=51 50ms=0 100ms=0 250ms=0]
05-18 11:33:46.799 11901 11918 I wasm_android_host::pr..: wandr-profile: frame   2700 t+  45575ms  win[N=60 min=14.7ms mean=16.6ms max=18.1ms] over[16ms=49 50ms=0 100ms=0 250ms=0]
05-18 11:33:47.797 11901 11918 I wasm_android_host::pr..: wandr-profile: frame   2760 t+  46573ms  win[N=60 min=15.4ms mean=16.6ms max=18.0ms] over[16ms=52 50ms=0 100ms=0 250ms=0]
05-18 11:33:48.792 11901 11918 I wasm_android_host::pr..: wandr-profile: frame   2820 t+  47568ms  win[N=60 min=10.4ms mean=16.1ms max=17.8ms] over[16ms=41 50ms=0 100ms=0 250ms=0]
05-18 11:33:49.789 11901 11918 I wasm_android_host::pr..: wandr-profile: frame   2880 t+  48565ms  win[N=60 min=9.7ms mean=16.2ms max=16.9ms] over[16ms=50 50ms=0 100ms=0 250ms=0]
05-18 11:33:50.788 11901 11918 I wasm_android_host::pr..: wandr-profile: frame   2940 t+  49563ms  win[N=60 min=9.8ms mean=16.2ms max=17.3ms] over[16ms=49 50ms=0 100ms=0 250ms=0]
05-18 11:33:51.785 11901 11918 I wasm_android_host::pr..: wandr-profile: frame   3000 t+  50561ms  win[N=60 min=11.5ms mean=16.0ms max=17.2ms] over[16ms=42 50ms=0 100ms=0 250ms=0]
05-18 11:33:52.783 11901 11918 I wasm_android_host::pr..: wandr-profile: frame   3060 t+  51559ms  win[N=60 min=15.9ms mean=16.6ms max=17.5ms] over[16ms=59 50ms=0 100ms=0 250ms=0]
05-18 11:33:53.798 11901 11918 I wasm_android_host::pr..: wandr-profile: frame   3120 t+  52574ms  win[N=60 min=8.2ms mean=16.2ms max=31.5ms] over[16ms=46 50ms=0 100ms=0 250ms=0]
05-18 11:33:54.795 11901 11918 I wasm_android_host::pr..: wandr-profile: frame   3180 t+  53571ms  win[N=60 min=11.6ms mean=16.3ms max=17.1ms] over[16ms=52 50ms=0 100ms=0 250ms=0]
05-18 11:33:55.792 11901 11918 I wasm_android_host::pr..: wandr-profile: frame   3240 t+  54568ms  win[N=60 min=11.9ms mean=16.3ms max=17.2ms] over[16ms=53 50ms=0 100ms=0 250ms=0]
05-18 11:33:56.695 11901 11918 I wasmtime::runtime::vm..: wandr-drc-sweep: dur=478411us  N=1223135 (removed=1223135 kept=0)  F_before=1 F_after=37269  free_bytes_before=66986352 free_bytes_after=123472784
05-18 11:33:56.695 11901 11918 I wasm_android_host::pr..: wandr-profile: deferred gc ran, took 485.8 ms
05-18 11:33:57.272 11901 11918 I wasm_android_host::pr..: wandr-profile: frame   3300 t+  56048ms  win[N=60 min=6.5ms mean=15.6ms max=19.6ms] over[16ms=43 50ms=0 100ms=0 250ms=0]
05-18 11:33:58.287 11901 11918 I wasm_android_host::pr..: wandr-profile: frame   3360 t+  57063ms  win[N=60 min=7.4ms mean=15.8ms max=33.3ms] over[16ms=44 50ms=0 100ms=0 250ms=0]
05-18 11:33:59.285 11901 11918 I wasm_android_host::pr..: wandr-profile: frame   3420 t+  58061ms  win[N=60 min=5.3ms mean=16.1ms max=17.6ms] over[16ms=51 50ms=0 100ms=0 250ms=0]
05-18 11:34:00.282 11901 11918 I wasm_android_host::pr..: wandr-profile: frame   3480 t+  59058ms  win[N=60 min=7.2ms mean=16.0ms max=17.5ms] over[16ms=49 50ms=0 100ms=0 250ms=0]
05-18 11:34:01.348 11901 11918 I wasm_android_host::pr..: wandr-profile: frame   3540 t+  60124ms  win[N=60 min=8.4ms mean=16.2ms max=19.0ms] over[16ms=50 50ms=0 100ms=0 250ms=0]
05-18 11:34:02.710 11901 11918 I wasm_android_host::pr..: wandr-profile: frame   3600 t+  61486ms  win[N=60 min=3.2ms mean=15.4ms max=20.1ms] over[16ms=47 50ms=0 100ms=0 250ms=0]
05-18 11:34:04.907 11901 11918 I wasm_android_host::pr..: wandr-profile: frame   3660 t+  63682ms  win[N=60 min=2.9ms mean=16.6ms max=189.0ms] over[16ms=37 50ms=1 100ms=1 250ms=0]
05-18 11:34:05.902 11901 11918 I wasm_android_host::pr..: wandr-profile: frame   3720 t+  64677ms  win[N=60 min=3.0ms mean=14.8ms max=18.1ms] over[16ms=41 50ms=0 100ms=0 250ms=0]
05-18 11:34:07.000 11901 11918 I wasm_android_host::pr..: wandr-profile: frame   3780 t+  65776ms  win[N=60 min=3.1ms mean=13.2ms max=17.2ms] over[16ms=39 50ms=0 100ms=0 250ms=0]
05-18 11:34:11.324 11901 11918 I wasm_android_host::pr..: wandr-profile: frame   3840 t+  70100ms  win[N=60 min=3.0ms mean=17.8ms max=117.2ms] over[16ms=45 50ms=3 100ms=1 250ms=0]
05-18 11:34:12.320 11901 11918 I wasm_android_host::pr..: wandr-profile: frame   3900 t+  71096ms  win[N=60 min=14.7ms mean=16.5ms max=18.7ms] over[16ms=54 50ms=0 100ms=0 250ms=0]
05-18 11:34:13.319 11901 11918 I wasm_android_host::pr..: wandr-profile: frame   3960 t+  72095ms  win[N=60 min=14.5ms mean=16.6ms max=18.5ms] over[16ms=54 50ms=0 100ms=0 250ms=0]
05-18 11:34:15.231 11901 11918 I wasm_android_host::pr..: wandr-profile: frame   4020 t+  74006ms  win[N=60 min=3.5ms mean=17.1ms max=37.3ms] over[16ms=46 50ms=0 100ms=0 250ms=0]
05-18 11:34:16.228 11901 11918 I wasm_android_host::pr..: wandr-profile: frame   4080 t+  75004ms  win[N=60 min=15.0ms mean=16.6ms max=18.2ms] over[16ms=53 50ms=0 100ms=0 250ms=0]
05-18 11:34:17.226 11901 11918 I wasm_android_host::pr..: wandr-profile: frame   4140 t+  76001ms  win[N=60 min=15.2ms mean=16.5ms max=18.1ms] over[16ms=53 50ms=0 100ms=0 250ms=0]
05-18 11:34:18.224 11901 11918 I wasm_android_host::pr..: wandr-profile: frame   4200 t+  77000ms  win[N=60 min=16.0ms mean=16.6ms max=17.3ms] over[16ms=60 50ms=0 100ms=0 250ms=0]
05-18 11:34:19.503 11901 11918 I wasm_android_host::pr..: wandr-profile: frame   4260 t+  78279ms  win[N=60 min=3.5ms mean=16.1ms max=18.8ms] over[16ms=45 50ms=0 100ms=0 250ms=0]
05-18 11:34:20.701 11901 11918 I wasm_android_host::pr..: wandr-profile: frame   4320 t+  79477ms  win[N=60 min=3.5ms mean=16.3ms max=32.0ms] over[16ms=47 50ms=0 100ms=0 250ms=0]
05-18 11:34:22.264 11901 11918 I wasm_android_host::pr..: wandr-profile: frame   4380 t+  81040ms  win[N=60 min=3.2ms mean=19.5ms max=78.7ms] over[16ms=49 50ms=1 100ms=0 250ms=0]
05-18 11:34:24.009 11901 11918 I wasm_android_host::pr..: wandr-profile: frame   4440 t+  82785ms  win[N=60 min=4.3ms mean=21.0ms max=79.9ms] over[16ms=52 50ms=1 100ms=0 250ms=0]
05-18 11:34:26.619 11901 11918 I wasm_android_host::pr..: wandr-profile: frame   4500 t+  85395ms  win[N=60 min=3.5ms mean=19.7ms max=79.8ms] over[16ms=50 50ms=1 100ms=0 250ms=0]
05-18 11:34:27.899 11901 11918 I wasm_android_host::pr..: wandr-profile: frame   4560 t+  86675ms  win[N=60 min=3.9ms mean=16.1ms max=19.1ms] over[16ms=49 50ms=0 100ms=0 250ms=0]
05-18 11:34:29.652 11901 11918 I wasm_android_host::pr..: wandr-profile: frame   4620 t+  88427ms  win[N=60 min=3.9ms mean=16.0ms max=19.0ms] over[16ms=42 50ms=0 100ms=0 250ms=0]
05-18 11:34:31.274 11901 11918 I wasm_android_host::pr..: wandr-profile: frame   4680 t+  90049ms  win[N=60 min=3.9ms mean=21.2ms max=58.0ms] over[16ms=49 50ms=1 100ms=0 250ms=0]
05-18 11:34:32.504 11901 11918 I wasm_android_host::pr..: wandr-profile: frame   4740 t+  91280ms  win[N=60 min=3.9ms mean=16.2ms max=31.5ms] over[16ms=55 50ms=0 100ms=0 250ms=0]
05-18 11:34:33.502 11901 11918 I wasm_android_host::pr..: wandr-profile: frame   4800 t+  92277ms  win[N=60 min=14.3ms mean=16.5ms max=18.8ms] over[16ms=50 50ms=0 100ms=0 250ms=0]
05-18 11:34:34.499 11901 11918 I wasm_android_host::pr..: wandr-profile: frame   4860 t+  93275ms  win[N=60 min=14.0ms mean=16.6ms max=19.5ms] over[16ms=48 50ms=0 100ms=0 250ms=0]
05-18 11:34:35.497 11901 11918 I wasm_android_host::pr..: wandr-profile: frame   4920 t+  94273ms  win[N=60 min=14.5ms mean=16.6ms max=18.6ms] over[16ms=55 50ms=0 100ms=0 250ms=0]
05-18 11:34:36.495 11901 11918 I wasm_android_host::pr..: wandr-profile: frame   4980 t+  95271ms  win[N=60 min=14.4ms mean=16.6ms max=18.6ms] over[16ms=54 50ms=0 100ms=0 250ms=0]
05-18 11:34:37.495 11901 11918 I wasm_android_host::pr..: wandr-profile: frame   5040 t+  96270ms  win[N=60 min=15.6ms mean=16.6ms max=18.7ms] over[16ms=57 50ms=0 100ms=0 250ms=0]
05-18 11:34:38.490 11901 11918 I wasm_android_host::pr..: wandr-profile: frame   5100 t+  97266ms  win[N=60 min=14.3ms mean=16.5ms max=18.5ms] over[16ms=53 50ms=0 100ms=0 250ms=0]
05-18 11:34:39.489 11901 11918 I wasm_android_host::pr..: wandr-profile: frame   5160 t+  98264ms  win[N=60 min=14.7ms mean=16.6ms max=18.5ms] over[16ms=52 50ms=0 100ms=0 250ms=0]
05-18 11:34:40.752 11901 11918 I wasm_android_host::pr..: wandr-profile: frame   5220 t+  99528ms  win[N=60 min=4.0ms mean=16.0ms max=19.6ms] over[16ms=46 50ms=0 100ms=0 250ms=0]
05-18 11:34:42.308 11901 11918 I wasm_android_host::pr..: wandr-profile: frame   5280 t+ 101084ms  win[N=60 min=3.9ms mean=15.8ms max=20.0ms] over[16ms=50 50ms=0 100ms=0 250ms=0]
05-18 11:34:43.529 11901 11918 I wasm_android_host::pr..: wandr-profile: frame   5340 t+ 102305ms  win[N=60 min=3.9ms mean=15.9ms max=33.1ms] over[16ms=48 50ms=0 100ms=0 250ms=0]
05-18 11:34:44.991 11901 11918 I wasm_android_host::pr..: wandr-profile: frame   5400 t+ 103767ms  win[N=60 min=3.9ms mean=15.4ms max=19.2ms] over[16ms=42 50ms=0 100ms=0 250ms=0]
05-18 11:34:47.154 11901 11918 I wasm_android_host::pr..: wandr-profile: frame   5460 t+ 105930ms  win[N=60 min=3.9ms mean=17.3ms max=90.7ms] over[16ms=47 50ms=1 100ms=0 250ms=0]
05-18 11:34:48.499 11901 11918 I wasm_android_host::pr..: wandr-profile: frame   5520 t+ 107274ms  win[N=60 min=4.3ms mean=16.1ms max=18.4ms] over[16ms=48 50ms=0 100ms=0 250ms=0]
05-18 11:34:51.756 11901 11918 I wasm_android_host::pr..: wandr-profile: frame   5580 t+ 110532ms  win[N=60 min=4.2ms mean=18.6ms max=103.4ms] over[16ms=41 50ms=2 100ms=1 250ms=0]
05-18 11:34:52.755 11901 11918 I wasm_android_host::pr..: wandr-profile: frame   5640 t+ 111531ms  win[N=60 min=15.3ms mean=16.6ms max=17.7ms] over[16ms=56 50ms=0 100ms=0 250ms=0]
05-18 11:34:53.752 11901 11918 I wasm_android_host::pr..: wandr-profile: frame   5700 t+ 112527ms  win[N=60 min=14.4ms mean=16.5ms max=19.2ms] over[16ms=46 50ms=0 100ms=0 250ms=0]
05-18 11:34:54.750 11901 11918 I wasm_android_host::pr..: wandr-profile: frame   5760 t+ 113525ms  win[N=60 min=14.9ms mean=16.6ms max=18.3ms] over[16ms=55 50ms=0 100ms=0 250ms=0]
05-18 11:34:55.746 11901 11918 I wasm_android_host::pr..: wandr-profile: frame   5820 t+ 114522ms  win[N=60 min=14.9ms mean=16.5ms max=18.6ms] over[16ms=48 50ms=0 100ms=0 250ms=0]
05-18 11:34:56.745 11901 11918 I wasm_android_host::pr..: wandr-profile: frame   5880 t+ 115521ms  win[N=60 min=14.5ms mean=16.6ms max=18.6ms] over[16ms=55 50ms=0 100ms=0 250ms=0]
05-18 11:34:57.742 11901 11918 I wasm_android_host::pr..: wandr-profile: frame   5940 t+ 116518ms  win[N=60 min=14.7ms mean=16.5ms max=18.6ms] over[16ms=54 50ms=0 100ms=0 250ms=0]
05-18 11:34:58.741 11901 11918 I wasm_android_host::pr..: wandr-profile: frame   6000 t+ 117516ms  win[N=60 min=14.3ms mean=16.6ms max=18.8ms] over[16ms=54 50ms=0 100ms=0 250ms=0]
05-18 11:34:59.738 11901 11918 I wasm_android_host::pr..: wandr-profile: frame   6060 t+ 118514ms  win[N=60 min=14.8ms mean=16.5ms max=18.5ms] over[16ms=55 50ms=0 100ms=0 250ms=0]
05-18 11:35:03.976  1756  1955 I InputDispatcher: c47b7e com.example.wasmruntime/android.app.NativeActivity spent 2117ms processing MotionEvent(deviceId=2, eventTime=856545902552000, source=TOUCHSCREEN, displayId=0, action=MOVE, actionButton=0x00000000, flags=0x00000000, metaState=0x00000000, buttonState=0x00000000, classification=NONE, edgeFlags=0x00000000, xPrecision=1.0, yPrecision=1.0, xCursorPosition=nan, yCursorPosition=nan, pointers=[0: (907.0, 1445.0)]), policyFlags=0x62000000
05-18 11:35:03.977  1756  1955 I InputDispatcher: c47b7e com.example.wasmruntime/android.app.NativeActivity spent 2108ms processing MotionEvent(deviceId=2, eventTime=856545910932000, source=TOUCHSCREEN, displayId=0, action=MOVE, actionButton=0x00000000, flags=0x00000000, metaState=0x00000000, buttonState=0x00000000, classification=NONE, edgeFlags=0x00000000, xPrecision=1.0, yPrecision=1.0, xCursorPosition=nan, yCursorPosition=nan, pointers=[0: (915.0, 1476.0)]), policyFlags=0x62000000
05-18 11:35:04.054  1756  1955 I InputDispatcher: c47b7e com.example.wasmruntime/android.app.NativeActivity spent 2178ms processing MotionEvent(deviceId=2, eventTime=856545919092000, source=TOUCHSCREEN, displayId=0, action=MOVE, actionButton=0x00000000, flags=0x00000000, metaState=0x00000000, buttonState=0x00000000, classification=NONE, edgeFlags=0x00000000, xPrecision=1.0, yPrecision=1.0, xCursorPosition=nan, yCursorPosition=nan, pointers=[0: (926.0, 1505.0)]), policyFlags=0x62000000
05-18 11:35:04.054  1756  1955 I InputDispatcher: c47b7e com.example.wasmruntime/android.app.NativeActivity spent 2170ms processing MotionEvent(deviceId=2, eventTime=856545927404000, source=TOUCHSCREEN, displayId=0, action=MOVE, actionButton=0x00000000, flags=0x00000000, metaState=0x00000000, buttonState=0x00000000, classification=NONE, edgeFlags=0x00000000, xPrecision=1.0, yPrecision=1.0, xCursorPosition=nan, yCursorPosition=nan, pointers=[0: (938.0, 1530.0)]), policyFlags=0x62000000
05-18 11:35:04.094  1756  1955 I InputDispatcher: c47b7e com.example.wasmruntime/android.app.NativeActivity spent 2202ms processing MotionEvent(deviceId=2, eventTime=856545935622000, source=TOUCHSCREEN, displayId=0, action=MOVE, actionButton=0x00000000, flags=0x00000000, metaState=0x00000000, buttonState=0x00000000, classification=NONE, edgeFlags=0x00000000, xPrecision=1.0, yPrecision=1.0, xCursorPosition=nan, yCursorPosition=nan, pointers=[0: (944.0, 1546.0)]), policyFlags=0x62000000
05-18 11:35:04.094  1756  1955 I InputDispatcher: c47b7e com.example.wasmruntime/android.app.NativeActivity spent 2193ms processing MotionEvent(deviceId=2, eventTime=856545943918000, source=TOUCHSCREEN, displayId=0, action=MOVE, actionButton=0x00000000, flags=0x00000000, metaState=0x00000000, buttonState=0x00000000, classification=NONE, edgeFlags=0x00000000, xPrecision=1.0, yPrecision=1.0, xCursorPosition=nan, yCursorPosition=nan, pointers=[0: (949.0, 1558.0)]), policyFlags=0x62000000
05-18 11:35:04.156  1756  1955 I InputDispatcher: c47b7e com.example.wasmruntime/android.app.NativeActivity spent 2247ms processing MotionEvent(deviceId=2, eventTime=856545952161000, source=TOUCHSCREEN, displayId=0, action=MOVE, actionButton=0x00000000, flags=0x00000000, metaState=0x00000000, buttonState=0x00000000, classification=NONE, edgeFlags=0x00000000, xPrecision=1.0, yPrecision=1.0, xCursorPosition=nan, yCursorPosition=nan, pointers=[0: (951.0, 1565.0)]), policyFlags=0x62000000
05-18 11:35:04.156  1756  1955 I InputDispatcher: c47b7e com.example.wasmruntime/android.app.NativeActivity spent 2239ms processing MotionEvent(deviceId=2, eventTime=856545960316000, source=TOUCHSCREEN, displayId=0, action=MOVE, actionButton=0x00000000, flags=0x00000000, metaState=0x00000000, buttonState=0x00000000, classification=NONE, edgeFlags=0x00000000, xPrecision=1.0, yPrecision=1.0, xCursorPosition=nan, yCursorPosition=nan, pointers=[0: (951.0, 1567.0)]), policyFlags=0x62000000
05-18 11:35:04.224  1756  1955 I InputDispatcher: c47b7e com.example.wasmruntime/android.app.NativeActivity spent 2299ms processing MotionEvent(deviceId=2, eventTime=856545967734000, source=TOUCHSCREEN, displayId=0, action=UP, actionButton=0x00000000, flags=0x00000000, metaState=0x00000000, buttonState=0x00000000, classification=NONE, edgeFlags=0x00000000, xPrecision=1.0, yPrecision=1.0, xCursorPosition=nan, yCursorPosition=nan, pointers=[0: (951.0, 1567.0)]), policyFlags=0x62000000
05-18 11:35:04.284  1756  1955 I InputDispatcher: c47b7e com.example.wasmruntime/android.app.NativeActivity spent 2114ms processing MotionEvent(deviceId=2, eventTime=856546212575000, source=TOUCHSCREEN, displayId=0, action=DOWN, actionButton=0x00000000, flags=0x00000000, metaState=0x00000000, buttonState=0x00000000, classification=NONE, edgeFlags=0x00000000, xPrecision=1.0, yPrecision=1.0, xCursorPosition=nan, yCursorPosition=nan, pointers=[0: (913.0, 994.0)]), policyFlags=0x62000000
05-18 11:35:04.306  1756  1955 I InputDispatcher: c47b7e com.example.wasmruntime/android.app.NativeActivity spent 2128ms processing MotionEvent(deviceId=2, eventTime=856546221060000, source=TOUCHSCREEN, displayId=0, action=MOVE, actionButton=0x00000000, flags=0x00000000, metaState=0x00000000, buttonState=0x00000000, classification=NONE, edgeFlags=0x00000000, xPrecision=1.0, yPrecision=1.0, xCursorPosition=nan, yCursorPosition=nan, pointers=[0: (913.0, 994.0)]), policyFlags=0x62000000
05-18 11:35:04.329  1756  1955 I InputDispatcher: c47b7e com.example.wasmruntime/android.app.NativeActivity spent 2143ms processing MotionEvent(deviceId=2, eventTime=856546229326000, source=TOUCHSCREEN, displayId=0, action=MOVE, actionButton=0x00000000, flags=0x00000000, metaState=0x00000000, buttonState=0x00000000, classification=NONE, edgeFlags=0x00000000, xPrecision=1.0, yPrecision=1.0, xCursorPosition=nan, yCursorPosition=nan, pointers=[0: (913.0, 994.0)]), policyFlags=0x62000000
05-18 11:35:04.329  1756  1955 I InputDispatcher: c47b7e com.example.wasmruntime/android.app.NativeActivity spent 2134ms processing MotionEvent(deviceId=2, eventTime=856546237660000, source=TOUCHSCREEN, displayId=0, action=MOVE, actionButton=0x00000000, flags=0x00000000, metaState=0x00000000, buttonState=0x00000000, classification=NONE, edgeFlags=0x00000000, xPrecision=1.0, yPrecision=1.0, xCursorPosition=nan, yCursorPosition=nan, pointers=[0: (913.0, 994.0)]), policyFlags=0x62000000
05-18 11:35:04.369  1756  1955 I InputDispatcher: c47b7e com.example.wasmruntime/android.app.NativeActivity spent 2166ms processing MotionEvent(deviceId=2, eventTime=856546245946000, source=TOUCHSCREEN, displayId=0, action=MOVE, actionButton=0x00000000, flags=0x00000000, metaState=0x00000000, buttonState=0x00000000, classification=NONE, edgeFlags=0x00000000, xPrecision=1.0, yPrecision=1.0, xCursorPosition=nan, yCursorPosition=nan, pointers=[0: (913.0, 994.0)]), policyFlags=0x62000000
05-18 11:35:04.369  1756  1955 I InputDispatcher: c47b7e com.example.wasmruntime/android.app.NativeActivity spent 2158ms processing MotionEvent(deviceId=2, eventTime=856546254277000, source=TOUCHSCREEN, displayId=0, action=MOVE, actionButton=0x00000000, flags=0x00000000, metaState=0x00000000, buttonState=0x00000000, classification=NONE, edgeFlags=0x00000000, xPrecision=1.0, yPrecision=1.0, xCursorPosition=nan, yCursorPosition=nan, pointers=[0: (911.0, 1001.0)]), policyFlags=0x62000000
05-18 11:35:04.575  1756  1955 I InputDispatcher: c47b7e com.example.wasmruntime/android.app.NativeActivity spent 2355ms processing MotionEvent(deviceId=2, eventTime=856546262568000, source=TOUCHSCREEN, displayId=0, action=MOVE, actionButton=0x00000000, flags=0x00000000, metaState=0x00000000, buttonState=0x00000000, classification=NONE, edgeFlags=0x00000000, xPrecision=1.0, yPrecision=1.0, xCursorPosition=nan, yCursorPosition=nan, pointers=[0: (906.0, 1015.0)]), policyFlags=0x62000000
05-18 11:35:04.575  1756  1955 I InputDispatcher: c47b7e com.example.wasmruntime/android.app.NativeActivity spent 2347ms processing MotionEvent(deviceId=2, eventTime=856546270878000, source=TOUCHSCREEN, displayId=0, action=MOVE, actionButton=0x00000000, flags=0x00000000, metaState=0x00000000, buttonState=0x00000000, classification=NONE, edgeFlags=0x00000000, xPrecision=1.0, yPrecision=1.0, xCursorPosition=nan, yCursorPosition=nan, pointers=[0: (902.0, 1032.0)]), policyFlags=0x62000000
05-18 11:35:04.754  1756  1955 I InputDispatcher: c47b7e com.example.wasmruntime/android.app.NativeActivity spent 2518ms processing MotionEvent(deviceId=2, eventTime=856546279156000, source=TOUCHSCREEN, displayId=0, action=MOVE, actionButton=0x00000000, flags=0x00000000, metaState=0x00000000, buttonState=0x00000000, classification=NONE, edgeFlags=0x00000000, xPrecision=1.0, yPrecision=1.0, xCursorPosition=nan, yCursorPosition=nan, pointers=[0: (897.0, 1057.0)]), policyFlags=0x62000000
05-18 11:35:04.754  1756  1955 I InputDispatcher: c47b7e com.example.wasmruntime/android.app.NativeActivity spent 2510ms processing MotionEvent(deviceId=2, eventTime=856546287477000, source=TOUCHSCREEN, displayId=0, action=MOVE, actionButton=0x00000000, flags=0x00000000, metaState=0x00000000, buttonState=0x00000000, classification=NONE, edgeFlags=0x00000000, xPrecision=1.0, yPrecision=1.0, xCursorPosition=nan, yCursorPosition=nan, pointers=[0: (890.0, 1087.0)]), policyFlags=0x62000000
05-18 11:35:04.835  1756  1955 I InputDispatcher: c47b7e com.example.wasmruntime/android.app.NativeActivity spent 2583ms processing MotionEvent(deviceId=2, eventTime=856546295614000, source=TOUCHSCREEN, displayId=0, action=MOVE, actionButton=0x00000000, flags=0x00000000, metaState=0x00000000, buttonState=0x00000000, classification=NONE, edgeFlags=0x00000000, xPrecision=1.0, yPrecision=1.0, xCursorPosition=nan, yCursorPosition=nan, pointers=[0: (883.0, 1123.0)]), policyFlags=0x62000000
05-18 11:35:04.835  1756  1955 I InputDispatcher: c47b7e com.example.wasmruntime/android.app.NativeActivity spent 2574ms processing MotionEvent(deviceId=2, eventTime=856546303915000, source=TOUCHSCREEN, displayId=0, action=MOVE, actionButton=0x00000000, flags=0x00000000, metaState=0x00000000, buttonState=0x00000000, classification=NONE, edgeFlags=0x00000000, xPrecision=1.0, yPrecision=1.0, xCursorPosition=nan, yCursorPosition=nan, pointers=[0: (877.0, 1160.0)]), policyFlags=0x62000000
05-18 11:35:05.017  1756  1955 I InputDispatcher: c47b7e com.example.wasmruntime/android.app.NativeActivity spent 2748ms processing MotionEvent(deviceId=2, eventTime=856546312157000, source=TOUCHSCREEN, displayId=0, action=MOVE, actionButton=0x00000000, flags=0x00000000, metaState=0x00000000, buttonState=0x00000000, classification=NONE, edgeFlags=0x00000000, xPrecision=1.0, yPrecision=1.0, xCursorPosition=nan, yCursorPosition=nan, pointers=[0: (874.0, 1198.0)]), policyFlags=0x62000000
05-18 11:35:05.017  1756  1955 I InputDispatcher: c47b7e com.example.wasmruntime/android.app.NativeActivity spent 2740ms processing MotionEvent(deviceId=2, eventTime=856546320485000, source=TOUCHSCREEN, displayId=0, action=MOVE, actionButton=0x00000000, flags=0x00000000, metaState=0x00000000, buttonState=0x00000000, classification=NONE, edgeFlags=0x00000000, xPrecision=1.0, yPrecision=1.0, xCursorPosition=nan, yCursorPosition=nan, pointers=[0: (874.0, 1233.0)]), policyFlags=0x62000000
05-18 11:35:05.197  1756  1955 I InputDispatcher: c47b7e com.example.wasmruntime/android.app.NativeActivity spent 2911ms processing MotionEvent(deviceId=2, eventTime=856546328857000, source=TOUCHSCREEN, displayId=0, action=MOVE, actionButton=0x00000000, flags=0x00000000, metaState=0x00000000, buttonState=0x00000000, classification=NONE, edgeFlags=0x00000000, xPrecision=1.0, yPrecision=1.0, xCursorPosition=nan, yCursorPosition=nan, pointers=[0: (877.0, 1270.0)]), policyFlags=0x62000000
05-18 11:35:05.197  1756  1955 I InputDispatcher: c47b7e com.example.wasmruntime/android.app.NativeActivity spent 2903ms processing MotionEvent(deviceId=2, eventTime=856546337195000, source=TOUCHSCREEN, displayId=0, action=MOVE, actionButton=0x00000000, flags=0x00000000, metaState=0x00000000, buttonState=0x00000000, classification=NONE, edgeFlags=0x00000000, xPrecision=1.0, yPrecision=1.0, xCursorPosition=nan, yCursorPosition=nan, pointers=[0: (883.0, 1307.0)]), policyFlags=0x62000000
05-18 11:35:05.279  1756  1955 I InputDispatcher: c47b7e com.example.wasmruntime/android.app.NativeActivity spent 2977ms processing MotionEvent(deviceId=2, eventTime=856546345463000, source=TOUCHSCREEN, displayId=0, action=MOVE, actionButton=0x00000000, flags=0x00000000, metaState=0x00000000, buttonState=0x00000000, classification=NONE, edgeFlags=0x00000000, xPrecision=1.0, yPrecision=1.0, xCursorPosition=nan, yCursorPosition=nan, pointers=[0: (889.0, 1345.0)]), policyFlags=0x62000000
05-18 11:35:05.279  1756  1955 I InputDispatcher: c47b7e com.example.wasmruntime/android.app.NativeActivity spent 2969ms processing MotionEvent(deviceId=2, eventTime=856546353586000, source=TOUCHSCREEN, displayId=0, action=MOVE, actionButton=0x00000000, flags=0x00000000, metaState=0x00000000, buttonState=0x00000000, classification=NONE, edgeFlags=0x00000000, xPrecision=1.0, yPrecision=1.0, xCursorPosition=nan, yCursorPosition=nan, pointers=[0: (894.0, 1380.0)]), policyFlags=0x62000000
05-18 11:35:05.463  1756  1955 I InputDispatcher: c47b7e com.example.wasmruntime/android.app.NativeActivity spent 3144ms processing MotionEvent(deviceId=2, eventTime=856546362077000, source=TOUCHSCREEN, displayId=0, action=MOVE, actionButton=0x00000000, flags=0x00000000, metaState=0x00000000, buttonState=0x00000000, classification=NONE, edgeFlags=0x00000000, xPrecision=1.0, yPrecision=1.0, xCursorPosition=nan, yCursorPosition=nan, pointers=[0: (900.0, 1411.0)]), policyFlags=0x62000000
05-18 11:35:05.463  1756  1955 I InputDispatcher: c47b7e com.example.wasmruntime/android.app.NativeActivity spent 3136ms processing MotionEvent(deviceId=2, eventTime=856546370566000, source=TOUCHSCREEN, displayId=0, action=MOVE, actionButton=0x00000000, flags=0x00000000, metaState=0x00000000, buttonState=0x00000000, classification=NONE, edgeFlags=0x00000000, xPrecision=1.0, yPrecision=1.0, xCursorPosition=nan, yCursorPosition=nan, pointers=[0: (910.0, 1445.0)]), policyFlags=0x62000000
05-18 11:35:05.546  1756  1955 I InputDispatcher: c47b7e com.example.wasmruntime/android.app.NativeActivity spent 3210ms processing MotionEvent(deviceId=2, eventTime=856546378804000, source=TOUCHSCREEN, displayId=0, action=MOVE, actionButton=0x00000000, flags=0x00000000, metaState=0x00000000, buttonState=0x00000000, classification=NONE, edgeFlags=0x00000000, xPrecision=1.0, yPrecision=1.0, xCursorPosition=nan, yCursorPosition=nan, pointers=[0: (920.0, 1475.0)]), policyFlags=0x62000000
05-18 11:35:05.546  1756  1955 I InputDispatcher: c47b7e com.example.wasmruntime/android.app.NativeActivity spent 3202ms processing MotionEvent(deviceId=2, eventTime=856546386802000, source=TOUCHSCREEN, displayId=0, action=MOVE, actionButton=0x00000000, flags=0x00000000, metaState=0x00000000, buttonState=0x00000000, classification=NONE, edgeFlags=0x00000000, xPrecision=1.0, yPrecision=1.0, xCursorPosition=nan, yCursorPosition=nan, pointers=[0: (931.0, 1500.0)]), policyFlags=0x62000000
05-18 11:35:05.546  1756  1955 I InputDispatcher: c47b7e com.example.wasmruntime/android.app.NativeActivity spent 3194ms processing MotionEvent(deviceId=2, eventTime=856546395002000, source=TOUCHSCREEN, displayId=0, action=MOVE, actionButton=0x00000000, flags=0x00000000, metaState=0x00000000, buttonState=0x00000000, classification=NONE, edgeFlags=0x00000000, xPrecision=1.0, yPrecision=1.0, xCursorPosition=nan, yCursorPosition=nan, pointers=[0: (941.0, 1518.0)]), policyFlags=0x62000000
05-18 11:35:05.590  1756  1955 I InputDispatcher: c47b7e com.example.wasmruntime/android.app.NativeActivity spent 3231ms processing MotionEvent(deviceId=2, eventTime=856546402154000, source=TOUCHSCREEN, displayId=0, action=UP, actionButton=0x00000000, flags=0x00000000, metaState=0x00000000, buttonState=0x00000000, classification=NONE, edgeFlags=0x00000000, xPrecision=1.0, yPrecision=1.0, xCursorPosition=nan, yCursorPosition=nan, pointers=[0: (941.0, 1518.0)]), policyFlags=0x62000000
05-18 11:35:05.847 11901 11918 W wasm_android_host::pr..: wandr-profile: frame   6113 t+ 124623ms  SLOW 257.9 ms
05-18 11:35:05.970 11901 11918 I wasm_android_host::pr..: wandr-profile: frame   6120 t+ 124746ms  win[N=60 min=4.7ms mean=20.7ms max=257.9ms] over[16ms=47 50ms=1 100ms=1 250ms=1]
05-18 11:35:06.968 11901 11918 I wasm_android_host::pr..: wandr-profile: frame   6180 t+ 125743ms  win[N=60 min=14.7ms mean=16.5ms max=18.6ms] over[16ms=53 50ms=0 100ms=0 250ms=0]
05-18 11:35:07.965 11901 11918 I wasm_android_host::pr..: wandr-profile: frame   6240 t+ 126741ms  win[N=60 min=14.7ms mean=16.5ms max=18.4ms] over[16ms=53 50ms=0 100ms=0 250ms=0]
05-18 11:35:08.963 11901 11918 I wasm_android_host::pr..: wandr-profile: frame   6300 t+ 127739ms  win[N=60 min=13.0ms mean=16.5ms max=19.8ms] over[16ms=50 50ms=0 100ms=0 250ms=0]
05-18 11:35:09.961 11901 11918 I wasm_android_host::pr..: wandr-profile: frame   6360 t+ 128736ms  win[N=60 min=13.2ms mean=16.6ms max=19.7ms] over[16ms=55 50ms=0 100ms=0 250ms=0]
05-18 11:35:10.959 11901 11918 I wasm_android_host::pr..: wandr-profile: frame   6420 t+ 129735ms  win[N=60 min=14.3ms mean=16.6ms max=18.7ms] over[16ms=51 50ms=0 100ms=0 250ms=0]
05-18 11:35:11.956 11901 11918 I wasm_android_host::pr..: wandr-profile: frame   6480 t+ 130732ms  win[N=60 min=14.7ms mean=16.5ms max=18.5ms] over[16ms=53 50ms=0 100ms=0 250ms=0]
05-18 11:35:12.954 11901 11918 I wasm_android_host::pr..: wandr-profile: frame   6540 t+ 131730ms  win[N=60 min=14.5ms mean=16.6ms max=18.7ms] over[16ms=58 50ms=0 100ms=0 250ms=0]
05-18 11:35:13.952 11901 11918 I wasm_android_host::pr..: wandr-profile: frame   6600 t+ 132728ms  win[N=60 min=14.5ms mean=16.6ms max=19.0ms] over[16ms=47 50ms=0 100ms=0 250ms=0]
05-18 11:35:18.921 11901 11918 I wasm_android_host::pr..: wandr-profile: frame   6660 t+ 137696ms  win[N=60 min=5.2ms mean=20.4ms max=237.1ms] over[16ms=49 50ms=1 100ms=1 250ms=0]
05-18 11:35:21.898 11901 11918 I wasm_android_host::pr..: wandr-profile: frame   6720 t+ 140673ms  win[N=60 min=4.9ms mean=19.1ms max=194.6ms] over[16ms=49 50ms=1 100ms=1 250ms=0]
05-18 11:35:23.392 11901 11918 I wasm_android_host::pr..: wandr-profile: frame   6780 t+ 142167ms  win[N=60 min=4.7ms mean=15.9ms max=20.1ms] over[16ms=49 50ms=0 100ms=0 250ms=0]
05-18 11:35:25.469 11901 11918 I wasm_android_host::pr..: wandr-profile: frame   6840 t+ 144245ms  win[N=60 min=4.6ms mean=20.7ms max=94.0ms] over[16ms=51 50ms=1 100ms=0 250ms=0]
05-18 11:35:30.203 11901 11918 W wasm_android_host::pr..: wandr-profile: frame   6887 t+ 148978ms  SLOW 292.2 ms
05-18 11:35:30.421 11901 11918 I wasm_android_host::pr..: wandr-profile: frame   6900 t+ 149197ms  win[N=60 min=5.2ms mean=25.2ms max=292.2ms] over[16ms=51 50ms=3 100ms=1 250ms=1]
05-18 11:35:31.419 11901 11918 I wasm_android_host::pr..: wandr-profile: frame   6960 t+ 150195ms  win[N=60 min=15.0ms mean=16.6ms max=18.3ms] over[16ms=56 50ms=0 100ms=0 250ms=0]
05-18 11:35:32.434 11901 11918 I wasm_android_host::pr..: wandr-profile: frame   7020 t+ 151210ms  win[N=60 min=14.6ms mean=16.8ms max=35.2ms] over[16ms=52 50ms=0 100ms=0 250ms=0]
05-18 11:35:33.431 11901 11918 I wasm_android_host::pr..: wandr-profile: frame   7080 t+ 152207ms  win[N=60 min=14.4ms mean=16.5ms max=19.1ms] over[16ms=57 50ms=0 100ms=0 250ms=0]
05-18 11:35:34.445 11901 11918 I wasm_android_host::pr..: wandr-profile: frame   7140 t+ 153221ms  win[N=60 min=14.4ms mean=16.8ms max=33.0ms] over[16ms=53 50ms=0 100ms=0 250ms=0]
05-18 11:35:35.443 11901 11918 I wasm_android_host::pr..: wandr-profile: frame   7200 t+ 154219ms  win[N=60 min=14.2ms mean=16.6ms max=19.0ms] over[16ms=53 50ms=0 100ms=0 250ms=0]
05-18 11:35:38.832 11901 11918 I wasm_android_host::pr..: wandr-profile: frame   7260 t+ 157607ms  win[N=60 min=6.6ms mean=19.9ms max=183.1ms] over[16ms=55 50ms=1 100ms=1 250ms=0]
05-18 11:35:40.641 11901 11918 I wasm_android_host::pr..: wandr-profile: frame   7320 t+ 159417ms  win[N=60 min=5.2ms mean=21.5ms max=50.3ms] over[16ms=51 50ms=1 100ms=0 250ms=0]
05-18 11:35:42.459 11901 11918 I wasm_android_host::pr..: wandr-profile: frame   7380 t+ 161235ms  win[N=60 min=4.9ms mean=23.1ms max=157.7ms] over[16ms=48 50ms=6 100ms=1 250ms=0]
05-18 11:35:44.271 11901 11918 I wasm_android_host::pr..: wandr-profile: frame   7440 t+ 163046ms  win[N=60 min=5.9ms mean=23.9ms max=148.9ms] over[16ms=54 50ms=6 100ms=1 250ms=0]
05-18 11:35:45.268 11901 11918 I wasm_android_host::pr..: wandr-profile: frame   7500 t+ 164044ms  win[N=60 min=14.7ms mean=16.6ms max=18.9ms] over[16ms=52 50ms=0 100ms=0 250ms=0]
05-18 11:35:46.283 11901 11918 I wasm_android_host::pr..: wandr-profile: frame   7560 t+ 165058ms  win[N=60 min=14.8ms mean=16.8ms max=33.0ms] over[16ms=53 50ms=0 100ms=0 250ms=0]
05-18 11:35:47.280 11901 11918 I wasm_android_host::pr..: wandr-profile: frame   7620 t+ 166056ms  win[N=60 min=14.8ms mean=16.6ms max=18.4ms] over[16ms=55 50ms=0 100ms=0 250ms=0]
05-18 11:35:48.278 11901 11918 I wasm_android_host::pr..: wandr-profile: frame   7680 t+ 167054ms  win[N=60 min=14.2ms mean=16.6ms max=19.6ms] over[16ms=54 50ms=0 100ms=0 250ms=0]
05-18 11:35:49.278 11901 11918 I wasm_android_host::pr..: wandr-profile: frame   7740 t+ 168053ms  win[N=60 min=15.2ms mean=16.6ms max=18.0ms] over[16ms=50 50ms=0 100ms=0 250ms=0]
05-18 11:35:50.274 11901 11918 I wasm_android_host::pr..: wandr-profile: frame   7800 t+ 169050ms  win[N=60 min=14.4ms mean=16.5ms max=18.7ms] over[16ms=54 50ms=0 100ms=0 250ms=0]
05-18 11:35:51.272 11901 11918 I wasm_android_host::pr..: wandr-profile: frame   7860 t+ 170048ms  win[N=60 min=14.8ms mean=16.6ms max=18.4ms] over[16ms=56 50ms=0 100ms=0 250ms=0]
05-18 11:35:52.270 11901 11918 I wasm_android_host::pr..: wandr-profile: frame   7920 t+ 171045ms  win[N=60 min=14.2ms mean=16.6ms max=18.6ms] over[16ms=53 50ms=0 100ms=0 250ms=0]
05-18 11:35:53.268 11901 11918 I wasm_android_host::pr..: wandr-profile: frame   7980 t+ 172043ms  win[N=60 min=14.0ms mean=16.6ms max=19.1ms] over[16ms=53 50ms=0 100ms=0 250ms=0]
05-18 11:35:54.265 11901 11918 I wasm_android_host::pr..: wandr-profile: frame   8040 t+ 173041ms  win[N=60 min=14.9ms mean=16.5ms max=18.7ms] over[16ms=51 50ms=0 100ms=0 250ms=0]
05-18 11:35:55.263 11901 11918 I wasm_android_host::pr..: wandr-profile: frame   8100 t+ 174039ms  win[N=60 min=15.0ms mean=16.6ms max=18.2ms] over[16ms=58 50ms=0 100ms=0 250ms=0]
05-18 11:35:56.261 11901 11918 I wasm_android_host::pr..: wandr-profile: frame   8160 t+ 175036ms  win[N=60 min=14.9ms mean=16.6ms max=18.4ms] over[16ms=57 50ms=0 100ms=0 250ms=0]
05-18 11:35:57.261 11901 11918 I wasm_android_host::pr..: wandr-profile: frame   8220 t+ 176036ms  win[N=60 min=15.4ms mean=16.6ms max=18.7ms] over[16ms=59 50ms=0 100ms=0 250ms=0]
05-18 11:35:58.256 11901 11918 I wasm_android_host::pr..: wandr-profile: frame   8280 t+ 177032ms  win[N=60 min=14.2ms mean=16.5ms max=18.8ms] over[16ms=57 50ms=0 100ms=0 250ms=0]
05-18 11:35:59.703 11901 11918 I wasm_android_host::pr..: wandr-profile: frame   8340 t+ 178479ms  win[N=60 min=4.9ms mean=15.9ms max=19.0ms] over[16ms=49 50ms=0 100ms=0 250ms=0]
05-18 11:36:02.044 11901 11918 I wasm_android_host::pr..: wandr-profile: frame   8400 t+ 180820ms  win[N=60 min=4.9ms mean=26.0ms max=154.5ms] over[16ms=51 50ms=7 100ms=2 250ms=0]
05-18 11:36:03.344 11901 11918 I wasm_android_host::pr..: wandr-profile: frame   8460 t+ 182119ms  win[N=60 min=4.7ms mean=21.6ms max=79.1ms] over[16ms=52 50ms=5 100ms=0 250ms=0]
05-18 11:36:06.884 11901 11918 I wasm_android_host::pr..: wandr-profile: frame   8520 t+ 185660ms  win[N=60 min=4.7ms mean=22.4ms max=142.8ms] over[16ms=54 50ms=3 100ms=1 250ms=0]
05-18 11:36:08.663 11901 11918 I wasm_android_host::pr..: wandr-profile: frame   8580 t+ 187439ms  win[N=60 min=5.0ms mean=20.5ms max=86.8ms] over[16ms=48 50ms=1 100ms=0 250ms=0]
05-18 11:36:10.439 11901 11918 I wasm_android_host::pr..: wandr-profile: frame   8640 t+ 189215ms  win[N=60 min=14.3ms mean=20.9ms max=130.1ms] over[16ms=54 50ms=2 100ms=1 250ms=0]
05-18 11:36:12.087 11901 11918 I wasm_android_host::pr..: wandr-profile: frame   8700 t+ 190863ms  win[N=60 min=4.7ms mean=20.7ms max=127.0ms] over[16ms=49 50ms=1 100ms=1 250ms=0]
05-18 11:36:14.432 11901 11918 I wasm_android_host::pr..: wandr-profile: frame   8760 t+ 193208ms  win[N=60 min=5.0ms mean=25.4ms max=133.2ms] over[16ms=51 50ms=4 100ms=2 250ms=0]
05-18 11:36:17.024 11901 11918 I wasm_android_host::pr..: wandr-profile: frame   8820 t+ 195799ms  win[N=60 min=5.0ms mean=31.2ms max=191.9ms] over[16ms=47 50ms=12 100ms=2 250ms=0]
05-18 11:36:19.560 11901 11918 I wasm_android_host::pr..: wandr-profile: frame   8880 t+ 198336ms  win[N=60 min=14.7ms mean=30.1ms max=160.2ms] over[16ms=54 50ms=12 100ms=2 250ms=0]
05-18 11:36:25.202 11901 11918 I wasm_android_host::pr..: wandr-profile: frame   8940 t+ 203977ms  win[N=60 min=4.7ms mean=47.4ms max=173.3ms] over[16ms=53 50ms=19 100ms=4 250ms=0]
05-18 11:36:26.830 11901 11918 I wasm_android_host::pr..: wandr-profile: frame   9000 t+ 205606ms  win[N=60 min=5.2ms mean=16.1ms max=19.1ms] over[16ms=47 50ms=0 100ms=0 250ms=0]
05-18 11:36:28.310 11901 11918 I wasm_android_host::pr..: wandr-profile: frame   9060 t+ 207086ms  win[N=60 min=5.1ms mean=16.0ms max=18.1ms] over[16ms=49 50ms=0 100ms=0 250ms=0]
05-18 11:36:32.581 11901 11918 I wasm_android_host::pr..: wandr-profile: frame   9120 t+ 211357ms  win[N=60 min=5.3ms mean=20.6ms max=171.3ms] over[16ms=45 50ms=2 100ms=2 250ms=0]
05-18 11:36:34.095 11901 11918 I wasm_android_host::pr..: wandr-profile: frame   9180 t+ 212870ms  win[N=60 min=5.3ms mean=16.1ms max=19.4ms] over[16ms=55 50ms=0 100ms=0 250ms=0]
05-18 11:36:36.106 11901 11918 I wasm_android_host::pr..: wandr-profile: frame   9240 t+ 214881ms  win[N=60 min=4.9ms mean=15.5ms max=18.9ms] over[16ms=46 50ms=0 100ms=0 250ms=0]
05-18 11:36:38.167 11901 11918 I wasm_android_host::pr..: wandr-profile: frame   9300 t+ 216943ms  win[N=60 min=5.1ms mean=24.5ms max=99.4ms] over[16ms=48 50ms=9 100ms=0 250ms=0]
05-18 11:36:40.578 11901 11918 I wasm_android_host::pr..: wandr-profile: frame   9360 t+ 219353ms  win[N=60 min=4.9ms mean=26.3ms max=177.4ms] over[16ms=48 50ms=3 100ms=2 250ms=0]
05-18 11:36:42.858 11901 11918 W wasm_android_host::pr..: wandr-profile: frame   9400 t+ 221633ms  SLOW 285.4 ms
05-18 11:36:43.486 11901 11918 I wasm_android_host::pr..: wandr-profile: frame   9420 t+ 222262ms  win[N=60 min=4.8ms mean=33.7ms max=285.4ms] over[16ms=49 50ms=9 100ms=3 250ms=1]
05-18 11:36:44.484 11901 11918 I wasm_android_host::pr..: wandr-profile: frame   9480 t+ 223260ms  win[N=60 min=14.0ms mean=16.6ms max=19.0ms] over[16ms=56 50ms=0 100ms=0 250ms=0]
05-18 11:36:45.482 11901 11918 I wasm_android_host::pr..: wandr-profile: frame   9540 t+ 224258ms  win[N=60 min=14.2ms mean=16.6ms max=19.0ms] over[16ms=50 50ms=0 100ms=0 250ms=0]
05-18 11:36:46.480 11901 11918 I wasm_android_host::pr..: wandr-profile: frame   9600 t+ 225256ms  win[N=60 min=15.1ms mean=16.6ms max=18.4ms] over[16ms=57 50ms=0 100ms=0 250ms=0]
05-18 11:36:47.477 11901 11918 I wasm_android_host::pr..: wandr-profile: frame   9660 t+ 226253ms  win[N=60 min=14.0ms mean=16.5ms max=19.4ms] over[16ms=58 50ms=0 100ms=0 250ms=0]
05-18 11:36:48.476 11901 11918 I wasm_android_host::pr..: wandr-profile: frame   9720 t+ 227251ms  win[N=60 min=13.5ms mean=16.6ms max=20.0ms] over[16ms=50 50ms=0 100ms=0 250ms=0]
05-18 11:36:49.489 11901 11918 I wasm_android_host::pr..: wandr-profile: frame   9780 t+ 228265ms  win[N=60 min=14.5ms mean=16.8ms max=32.7ms] over[16ms=52 50ms=0 100ms=0 250ms=0]
05-18 11:36:50.487 11901 11918 I wasm_android_host::pr..: wandr-profile: frame   9840 t+ 229263ms  win[N=60 min=14.5ms mean=16.5ms max=19.3ms] over[16ms=56 50ms=0 100ms=0 250ms=0]
05-18 11:36:51.485 11901 11918 I wasm_android_host::pr..: wandr-profile: frame   9900 t+ 230261ms  win[N=60 min=14.2ms mean=16.6ms max=18.7ms] over[16ms=50 50ms=0 100ms=0 250ms=0]
05-18 11:36:52.499 11901 11918 I wasm_android_host::pr..: wandr-profile: frame   9960 t+ 231275ms  win[N=60 min=14.7ms mean=16.8ms max=32.9ms] over[16ms=56 50ms=0 100ms=0 250ms=0]
05-18 11:36:53.514 11901 11918 I wasm_android_host::pr..: wandr-profile: frame  10020 t+ 232289ms  win[N=60 min=14.4ms mean=16.8ms max=34.8ms] over[16ms=53 50ms=0 100ms=0 250ms=0]
05-18 11:36:54.511 11901 11918 I wasm_android_host::pr..: wandr-profile: frame  10080 t+ 233287ms  win[N=60 min=14.4ms mean=16.6ms max=18.9ms] over[16ms=54 50ms=0 100ms=0 250ms=0]
05-18 11:36:55.526 11901 11918 I wasm_android_host::pr..: wandr-profile: frame  10140 t+ 234301ms  win[N=60 min=14.7ms mean=16.8ms max=34.6ms] over[16ms=51 50ms=0 100ms=0 250ms=0]
05-18 11:36:56.523 11901 11918 I wasm_android_host::pr..: wandr-profile: frame  10200 t+ 235299ms  win[N=60 min=14.2ms mean=16.6ms max=19.0ms] over[16ms=53 50ms=0 100ms=0 250ms=0]
05-18 11:36:57.521 11901 11918 I wasm_android_host::pr..: wandr-profile: frame  10260 t+ 236297ms  win[N=60 min=14.8ms mean=16.6ms max=18.8ms] over[16ms=53 50ms=0 100ms=0 250ms=0]
05-18 11:36:58.521 11901 11918 I wasm_android_host::pr..: wandr-profile: frame  10320 t+ 237297ms  win[N=60 min=14.2ms mean=16.6ms max=19.0ms] over[16ms=53 50ms=0 100ms=0 250ms=0]
05-18 11:36:59.518 11901 11918 I wasm_android_host::pr..: wandr-profile: frame  10380 t+ 238294ms  win[N=60 min=14.1ms mean=16.5ms max=19.0ms] over[16ms=53 50ms=0 100ms=0 250ms=0]
05-18 11:37:00.515 11901 11918 I wasm_android_host::pr..: wandr-profile: frame  10440 t+ 239290ms  win[N=60 min=14.5ms mean=16.5ms max=19.1ms] over[16ms=51 50ms=0 100ms=0 250ms=0]
05-18 11:37:01.512 11901 11918 I wasm_android_host::pr..: wandr-profile: frame  10500 t+ 240288ms  win[N=60 min=14.5ms mean=16.6ms max=19.1ms] over[16ms=56 50ms=0 100ms=0 250ms=0]
05-18 11:37:02.510 11901 11918 I wasm_android_host::pr..: wandr-profile: frame  10560 t+ 241286ms  win[N=60 min=15.3ms mean=16.6ms max=17.9ms] over[16ms=55 50ms=0 100ms=0 250ms=0]
05-18 11:37:05.601 11901 11918 I wasm_android_host::pr..: wandr-profile: frame  10620 t+ 244377ms  win[N=60 min=5.3ms mean=25.6ms max=111.9ms] over[16ms=48 50ms=8 100ms=2 250ms=0]
05-18 11:37:07.546 11901 11918 I wasm_android_host::pr..: wandr-profile: frame  10680 t+ 246322ms  win[N=60 min=5.2ms mean=25.0ms max=77.0ms] over[16ms=48 50ms=10 100ms=0 250ms=0]
05-18 11:37:08.375 11901 11918 W wasm_android_host::pr..: wandr-profile: frame  10686 t+ 247151ms  SLOW 275.9 ms
05-18 11:37:09.575 11901 11918 I wasm_android_host::pr..: wandr-profile: frame  10740 t+ 248351ms  win[N=60 min=5.2ms mean=28.6ms max=275.9ms] over[16ms=51 50ms=8 100ms=2 250ms=1]
05-18 11:37:10.572 11901 11918 I wasm_android_host::pr..: wandr-profile: frame  10800 t+ 249348ms  win[N=60 min=15.0ms mean=16.5ms max=18.4ms] over[16ms=51 50ms=0 100ms=0 250ms=0]
05-18 11:37:11.572 11901 11918 I wasm_android_host::pr..: wandr-profile: frame  10860 t+ 250347ms  win[N=60 min=15.4ms mean=16.6ms max=18.2ms] over[16ms=53 50ms=0 100ms=0 250ms=0]
05-18 11:37:12.568 11901 11918 I wasm_android_host::pr..: wandr-profile: frame  10920 t+ 251344ms  win[N=60 min=14.1ms mean=16.5ms max=19.1ms] over[16ms=52 50ms=0 100ms=0 250ms=0]
05-18 11:37:13.582 11901 11918 I wasm_android_host::pr..: wandr-profile: frame  10980 t+ 252358ms  win[N=60 min=14.5ms mean=16.8ms max=34.5ms] over[16ms=54 50ms=0 100ms=0 250ms=0]
05-18 11:37:14.598 11901 11918 I wasm_android_host::pr..: wandr-profile: frame  11040 t+ 253374ms  win[N=60 min=14.3ms mean=16.9ms max=33.2ms] over[16ms=51 50ms=0 100ms=0 250ms=0]
05-18 11:37:15.595 11901 11918 I wasm_android_host::pr..: wandr-profile: frame  11100 t+ 254371ms  win[N=60 min=14.4ms mean=16.5ms max=18.9ms] over[16ms=51 50ms=0 100ms=0 250ms=0]
05-18 11:37:16.593 11901 11918 I wasm_android_host::pr..: wandr-profile: frame  11160 t+ 255368ms  win[N=60 min=14.7ms mean=16.6ms max=19.6ms] over[16ms=50 50ms=0 100ms=0 250ms=0]
05-18 11:37:17.590 11901 11918 I wasm_android_host::pr..: wandr-profile: frame  11220 t+ 256366ms  win[N=60 min=14.5ms mean=16.6ms max=18.9ms] over[16ms=50 50ms=0 100ms=0 250ms=0]
05-18 11:37:18.588 11901 11918 I wasm_android_host::pr..: wandr-profile: frame  11280 t+ 257364ms  win[N=60 min=14.3ms mean=16.6ms max=21.2ms] over[16ms=53 50ms=0 100ms=0 250ms=0]
05-18 11:37:19.602 11901 11918 I wasm_android_host::pr..: wandr-profile: frame  11340 t+ 258378ms  win[N=60 min=14.6ms mean=16.8ms max=35.7ms] over[16ms=56 50ms=0 100ms=0 250ms=0]
05-18 11:37:20.600 11901 11918 I wasm_android_host::pr..: wandr-profile: frame  11400 t+ 259376ms  win[N=60 min=15.6ms mean=16.6ms max=17.4ms] over[16ms=58 50ms=0 100ms=0 250ms=0]
05-18 11:37:21.599 11901 11918 I wasm_android_host::pr..: wandr-profile: frame  11460 t+ 260374ms  win[N=60 min=14.3ms mean=16.6ms max=18.8ms] over[16ms=52 50ms=0 100ms=0 250ms=0]
05-18 11:37:22.596 11901 11918 I wasm_android_host::pr..: wandr-profile: frame  11520 t+ 261371ms  win[N=60 min=14.6ms mean=16.5ms max=18.8ms] over[16ms=54 50ms=0 100ms=0 250ms=0]
05-18 11:37:23.615 11901 11918 I wasm_android_host::pr..: wandr-profile: frame  11580 t+ 262390ms  win[N=60 min=14.4ms mean=16.9ms max=35.4ms] over[16ms=56 50ms=0 100ms=0 250ms=0]
05-18 11:37:24.608 11901 11918 I wasm_android_host::pr..: wandr-profile: frame  11640 t+ 263384ms  win[N=60 min=12.1ms mean=16.5ms max=19.0ms] over[16ms=49 50ms=0 100ms=0 250ms=0]
05-18 11:37:25.622 11901 11918 I wasm_android_host::pr..: wandr-profile: frame  11700 t+ 264398ms  win[N=60 min=15.0ms mean=16.8ms max=34.9ms] over[16ms=57 50ms=0 100ms=0 250ms=0]
05-18 11:37:26.620 11901 11918 I wasm_android_host::pr..: wandr-profile: frame  11760 t+ 265396ms  win[N=60 min=14.4ms mean=16.6ms max=19.0ms] over[16ms=58 50ms=0 100ms=0 250ms=0]
05-18 11:37:27.635 11901 11918 I wasm_android_host::pr..: wandr-profile: frame  11820 t+ 266411ms  win[N=60 min=14.6ms mean=16.8ms max=34.6ms] over[16ms=52 50ms=0 100ms=0 250ms=0]
05-18 11:37:28.650 11901 11918 I wasm_android_host::pr..: wandr-profile: frame  11880 t+ 267425ms  win[N=60 min=14.8ms mean=16.8ms max=32.3ms] over[16ms=59 50ms=0 100ms=0 250ms=0]
05-18 11:37:29.647 11901 11918 I wasm_android_host::pr..: wandr-profile: frame  11940 t+ 268423ms  win[N=60 min=14.6ms mean=16.6ms max=18.7ms] over[16ms=55 50ms=0 100ms=0 250ms=0]
05-18 11:37:30.645 11901 11918 I wasm_android_host::pr..: wandr-profile: frame  12000 t+ 269421ms  win[N=60 min=14.8ms mean=16.6ms max=18.8ms] over[16ms=54 50ms=0 100ms=0 250ms=0]
05-18 11:37:31.660 11901 11918 I wasm_android_host::pr..: wandr-profile: frame  12060 t+ 270435ms  win[N=60 min=14.7ms mean=16.8ms max=32.6ms] over[16ms=54 50ms=0 100ms=0 250ms=0]
05-18 11:37:32.658 11901 11918 I wasm_android_host::pr..: wandr-profile: frame  12120 t+ 271434ms  win[N=60 min=15.1ms mean=16.6ms max=17.9ms] over[16ms=56 50ms=0 100ms=0 250ms=0]
05-18 11:37:33.655 11901 11918 I wasm_android_host::pr..: wandr-profile: frame  12180 t+ 272431ms  win[N=60 min=15.7ms mean=16.5ms max=18.0ms] over[16ms=58 50ms=0 100ms=0 250ms=0]
05-18 11:37:34.655 11901 11918 I wasm_android_host::pr..: wandr-profile: frame  12240 t+ 273430ms  win[N=60 min=14.9ms mean=16.6ms max=18.6ms] over[16ms=54 50ms=0 100ms=0 250ms=0]
05-18 11:37:35.652 11901 11918 I wasm_android_host::pr..: wandr-profile: frame  12300 t+ 274427ms  win[N=60 min=14.8ms mean=16.5ms max=18.6ms] over[16ms=56 50ms=0 100ms=0 250ms=0]
05-18 11:37:36.649 11901 11918 I wasm_android_host::pr..: wandr-profile: frame  12360 t+ 275425ms  win[N=60 min=15.2ms mean=16.6ms max=18.2ms] over[16ms=56 50ms=0 100ms=0 250ms=0]
05-18 11:37:37.647 11901 11918 I wasm_android_host::pr..: wandr-profile: frame  12420 t+ 276423ms  win[N=60 min=14.6ms mean=16.6ms max=18.4ms] over[16ms=53 50ms=0 100ms=0 250ms=0]
05-18 11:37:38.645 11901 11918 I wasm_android_host::pr..: wandr-profile: frame  12480 t+ 277421ms  win[N=60 min=13.5ms mean=16.6ms max=18.9ms] over[16ms=51 50ms=0 100ms=0 250ms=0]
05-18 11:37:39.642 11901 11918 I wasm_android_host::pr..: wandr-profile: frame  12540 t+ 278418ms  win[N=60 min=14.7ms mean=16.6ms max=18.8ms] over[16ms=52 50ms=0 100ms=0 250ms=0]
05-18 11:37:40.640 11901 11918 I wasm_android_host::pr..: wandr-profile: frame  12600 t+ 279416ms  win[N=60 min=14.7ms mean=16.6ms max=18.5ms] over[16ms=54 50ms=0 100ms=0 250ms=0]
05-18 11:37:41.639 11901 11918 I wasm_android_host::pr..: wandr-profile: frame  12660 t+ 280414ms  win[N=60 min=14.1ms mean=16.6ms max=19.1ms] over[16ms=51 50ms=0 100ms=0 250ms=0]
05-18 11:37:42.653 11901 11918 I wasm_android_host::pr..: wandr-profile: frame  12720 t+ 281428ms  win[N=60 min=12.7ms mean=16.8ms max=34.4ms] over[16ms=53 50ms=0 100ms=0 250ms=0]
05-18 11:37:43.652 11901 11918 I wasm_android_host::pr..: wandr-profile: frame  12780 t+ 282427ms  win[N=60 min=13.5ms mean=16.6ms max=19.5ms] over[16ms=56 50ms=0 100ms=0 250ms=0]
05-18 11:37:44.648 11901 11918 I wasm_android_host::pr..: wandr-profile: frame  12840 t+ 283424ms  win[N=60 min=15.0ms mean=16.5ms max=18.4ms] over[16ms=57 50ms=0 100ms=0 250ms=0]
05-18 11:37:45.645 11901 11918 I wasm_android_host::pr..: wandr-profile: frame  12900 t+ 284421ms  win[N=60 min=14.7ms mean=16.5ms max=18.6ms] over[16ms=54 50ms=0 100ms=0 250ms=0]
05-18 11:37:46.643 11901 11918 I wasm_android_host::pr..: wandr-profile: frame  12960 t+ 285419ms  win[N=60 min=15.8ms mean=16.6ms max=17.2ms] over[16ms=58 50ms=0 100ms=0 250ms=0]
05-18 11:37:47.641 11901 11918 I wasm_android_host::pr..: wandr-profile: frame  13020 t+ 286417ms  win[N=60 min=14.6ms mean=16.6ms max=18.7ms] over[16ms=55 50ms=0 100ms=0 250ms=0]
05-18 11:37:48.656 11901 11918 I wasm_android_host::pr..: wandr-profile: frame  13080 t+ 287431ms  win[N=60 min=14.7ms mean=16.8ms max=33.0ms] over[16ms=55 50ms=0 100ms=0 250ms=0]
05-18 11:37:49.670 11901 11918 I wasm_android_host::pr..: wandr-profile: frame  13140 t+ 288446ms  win[N=60 min=15.7ms mean=16.8ms max=31.6ms] over[16ms=58 50ms=0 100ms=0 250ms=0]
05-18 11:37:50.668 11901 11918 I wasm_android_host::pr..: wandr-profile: frame  13200 t+ 289443ms  win[N=60 min=14.4ms mean=16.5ms max=18.8ms] over[16ms=55 50ms=0 100ms=0 250ms=0]
05-18 11:37:51.665 11901 11918 I wasm_android_host::pr..: wandr-profile: frame  13260 t+ 290441ms  win[N=60 min=15.0ms mean=16.6ms max=18.3ms] over[16ms=51 50ms=0 100ms=0 250ms=0]
05-18 11:37:52.664 11901 11918 I wasm_android_host::pr..: wandr-profile: frame  13320 t+ 291439ms  win[N=60 min=14.4ms mean=16.6ms max=18.9ms] over[16ms=58 50ms=0 100ms=0 250ms=0]
05-18 11:37:53.661 11901 11918 I wasm_android_host::pr..: wandr-profile: frame  13380 t+ 292437ms  win[N=60 min=14.9ms mean=16.6ms max=18.6ms] over[16ms=54 50ms=0 100ms=0 250ms=0]
05-18 11:37:54.659 11901 11918 I wasm_android_host::pr..: wandr-profile: frame  13440 t+ 293435ms  win[N=60 min=14.7ms mean=16.6ms max=18.7ms] over[16ms=52 50ms=0 100ms=0 250ms=0]
05-18 11:37:55.657 11901 11918 I wasm_android_host::pr..: wandr-profile: frame  13500 t+ 294433ms  win[N=60 min=14.7ms mean=16.6ms max=18.1ms] over[16ms=57 50ms=0 100ms=0 250ms=0]
05-18 11:37:56.655 11901 11918 I wasm_android_host::pr..: wandr-profile: frame  13560 t+ 295430ms  win[N=60 min=14.0ms mean=16.6ms max=19.9ms] over[16ms=53 50ms=0 100ms=0 250ms=0]
05-18 11:37:57.653 11901 11918 I wasm_android_host::pr..: wandr-profile: frame  13620 t+ 296429ms  win[N=60 min=13.3ms mean=16.6ms max=20.0ms] over[16ms=50 50ms=0 100ms=0 250ms=0]
05-18 11:37:58.650 11901 11918 I wasm_android_host::pr..: wandr-profile: frame  13680 t+ 297426ms  win[N=60 min=14.6ms mean=16.5ms max=18.6ms] over[16ms=55 50ms=0 100ms=0 250ms=0]
05-18 11:37:59.665 11901 11918 I wasm_android_host::pr..: wandr-profile: frame  13740 t+ 298441ms  win[N=60 min=14.5ms mean=16.8ms max=34.4ms] over[16ms=51 50ms=0 100ms=0 250ms=0]
05-18 11:38:00.662 11901 11918 I wasm_android_host::pr..: wandr-profile: frame  13800 t+ 299438ms  win[N=60 min=14.5ms mean=16.5ms max=18.5ms] over[16ms=50 50ms=0 100ms=0 250ms=0]
05-18 11:38:01.678 11901 11918 I wasm_android_host::pr..: wandr-profile: frame  13860 t+ 300453ms  win[N=60 min=14.6ms mean=16.8ms max=33.9ms] over[16ms=57 50ms=0 100ms=0 250ms=0]
05-18 11:38:02.674 11901 11918 I wasm_android_host::pr..: wandr-profile: frame  13920 t+ 301450ms  win[N=60 min=14.6ms mean=16.5ms max=18.6ms] over[16ms=53 50ms=0 100ms=0 250ms=0]
05-18 11:38:03.671 11901 11918 I wasm_android_host::pr..: wandr-profile: frame  13980 t+ 302447ms  win[N=60 min=14.6ms mean=16.5ms max=18.8ms] over[16ms=53 50ms=0 100ms=0 250ms=0]
05-18 11:38:04.671 11901 11918 I wasm_android_host::pr..: wandr-profile: frame  14040 t+ 303446ms  win[N=60 min=14.6ms mean=16.6ms max=19.0ms] over[16ms=55 50ms=0 100ms=0 250ms=0]
05-18 11:38:05.668 11901 11918 I wasm_android_host::pr..: wandr-profile: frame  14100 t+ 304444ms  win[N=60 min=14.6ms mean=16.5ms max=18.6ms] over[16ms=53 50ms=0 100ms=0 250ms=0]
05-18 11:38:06.666 11901 11918 I wasm_android_host::pr..: wandr-profile: frame  14160 t+ 305442ms  win[N=60 min=15.2ms mean=16.6ms max=18.3ms] over[16ms=55 50ms=0 100ms=0 250ms=0]
05-18 11:38:07.664 11901 11918 I wasm_android_host::pr..: wandr-profile: frame  14220 t+ 306440ms  win[N=60 min=14.1ms mean=16.6ms max=18.2ms] over[16ms=56 50ms=0 100ms=0 250ms=0]
05-18 11:38:08.662 11901 11918 I wasm_android_host::pr..: wandr-profile: frame  14280 t+ 307438ms  win[N=60 min=15.3ms mean=16.6ms max=18.3ms] over[16ms=55 50ms=0 100ms=0 250ms=0]
05-18 11:38:09.660 11901 11918 I wasm_android_host::pr..: wandr-profile: frame  14340 t+ 308435ms  win[N=60 min=14.5ms mean=16.6ms max=18.6ms] over[16ms=55 50ms=0 100ms=0 250ms=0]
05-18 11:38:10.658 11901 11918 I wasm_android_host::pr..: wandr-profile: frame  14400 t+ 309433ms  win[N=60 min=14.9ms mean=16.6ms max=18.4ms] over[16ms=57 50ms=0 100ms=0 250ms=0]
05-18 11:38:11.655 11901 11918 I wasm_android_host::pr..: wandr-profile: frame  14460 t+ 310431ms  win[N=60 min=15.0ms mean=16.6ms max=18.5ms] over[16ms=56 50ms=0 100ms=0 250ms=0]
05-18 11:38:12.653 11901 11918 I wasm_android_host::pr..: wandr-profile: frame  14520 t+ 311429ms  win[N=60 min=14.8ms mean=16.6ms max=19.1ms] over[16ms=56 50ms=0 100ms=0 250ms=0]
05-18 11:38:13.651 11901 11918 I wasm_android_host::pr..: wandr-profile: frame  14580 t+ 312427ms  win[N=60 min=14.1ms mean=16.6ms max=19.1ms] over[16ms=52 50ms=0 100ms=0 250ms=0]
05-18 11:38:14.649 11901 11918 I wasm_android_host::pr..: wandr-profile: frame  14640 t+ 313424ms  win[N=60 min=14.6ms mean=16.5ms max=18.8ms] over[16ms=49 50ms=0 100ms=0 250ms=0]
05-18 11:38:15.646 11901 11918 I wasm_android_host::pr..: wandr-profile: frame  14700 t+ 314422ms  win[N=60 min=14.1ms mean=16.5ms max=18.9ms] over[16ms=53 50ms=0 100ms=0 250ms=0]
05-18 11:38:16.644 11901 11918 I wasm_android_host::pr..: wandr-profile: frame  14760 t+ 315420ms  win[N=60 min=14.8ms mean=16.6ms max=18.5ms] over[16ms=54 50ms=0 100ms=0 250ms=0]
05-18 11:38:17.642 11901 11918 I wasm_android_host::pr..: wandr-profile: frame  14820 t+ 316418ms  win[N=60 min=14.8ms mean=16.6ms max=18.6ms] over[16ms=50 50ms=0 100ms=0 250ms=0]
05-18 11:38:18.640 11901 11918 I wasm_android_host::pr..: wandr-profile: frame  14880 t+ 317416ms  win[N=60 min=14.6ms mean=16.5ms max=18.9ms] over[16ms=55 50ms=0 100ms=0 250ms=0]
05-18 11:38:19.638 11901 11918 I wasm_android_host::pr..: wandr-profile: frame  14940 t+ 318414ms  win[N=60 min=14.4ms mean=16.6ms max=18.6ms] over[16ms=56 50ms=0 100ms=0 250ms=0]
05-18 11:38:20.636 11901 11918 I wasm_android_host::pr..: wandr-profile: frame  15000 t+ 319411ms  win[N=60 min=14.4ms mean=16.6ms max=19.1ms] over[16ms=57 50ms=0 100ms=0 250ms=0]
05-18 11:38:21.634 11901 11918 I wasm_android_host::pr..: wandr-profile: frame  15060 t+ 320409ms  win[N=60 min=14.6ms mean=16.6ms max=18.6ms] over[16ms=54 50ms=0 100ms=0 250ms=0]
05-18 11:38:22.632 11901 11918 I wasm_android_host::pr..: wandr-profile: frame  15120 t+ 321408ms  win[N=60 min=14.3ms mean=16.6ms max=19.1ms] over[16ms=51 50ms=0 100ms=0 250ms=0]
05-18 11:38:23.631 11901 11918 I wasm_android_host::pr..: wandr-profile: frame  15180 t+ 322406ms  win[N=60 min=14.4ms mean=16.6ms max=18.4ms] over[16ms=52 50ms=0 100ms=0 250ms=0]
05-18 11:38:24.627 11901 11918 I wasm_android_host::pr..: wandr-profile: frame  15240 t+ 323403ms  win[N=60 min=14.4ms mean=16.5ms max=18.7ms] over[16ms=53 50ms=0 100ms=0 250ms=0]
05-18 11:38:25.625 11901 11918 I wasm_android_host::pr..: wandr-profile: frame  15300 t+ 324401ms  win[N=60 min=14.3ms mean=16.6ms max=18.6ms] over[16ms=51 50ms=0 100ms=0 250ms=0]
05-18 11:38:26.639 11901 11918 I wasm_android_host::pr..: wandr-profile: frame  15360 t+ 325415ms  win[N=60 min=15.2ms mean=16.8ms max=34.5ms] over[16ms=55 50ms=0 100ms=0 250ms=0]
05-18 11:38:27.637 11901 11918 I wasm_android_host::pr..: wandr-profile: frame  15420 t+ 326413ms  win[N=60 min=14.6ms mean=16.6ms max=18.6ms] over[16ms=57 50ms=0 100ms=0 250ms=0]
05-18 11:38:28.635 11901 11918 I wasm_android_host::pr..: wandr-profile: frame  15480 t+ 327410ms  win[N=60 min=14.0ms mean=16.6ms max=19.5ms] over[16ms=53 50ms=0 100ms=0 250ms=0]
05-18 11:38:29.649 11901 11918 I wasm_android_host::pr..: wandr-profile: frame  15540 t+ 328425ms  win[N=60 min=15.2ms mean=16.8ms max=33.2ms] over[16ms=56 50ms=0 100ms=0 250ms=0]
05-18 11:38:30.647 11901 11918 I wasm_android_host::pr..: wandr-profile: frame  15600 t+ 329423ms  win[N=60 min=14.1ms mean=16.6ms max=19.4ms] over[16ms=55 50ms=0 100ms=0 250ms=0]
05-18 11:38:31.645 11901 11918 I wasm_android_host::pr..: wandr-profile: frame  15660 t+ 330420ms  win[N=60 min=14.6ms mean=16.6ms max=18.6ms] over[16ms=53 50ms=0 100ms=0 250ms=0]
05-18 11:38:32.659 11901 11918 I wasm_android_host::pr..: wandr-profile: frame  15720 t+ 331434ms  win[N=60 min=14.6ms mean=16.8ms max=34.0ms] over[16ms=51 50ms=0 100ms=0 250ms=0]
05-18 11:38:33.673 11901 11918 I wasm_android_host::pr..: wandr-profile: frame  15780 t+ 332449ms  win[N=60 min=14.5ms mean=16.8ms max=33.0ms] over[16ms=57 50ms=0 100ms=0 250ms=0]
05-18 11:38:34.671 11901 11918 I wasm_android_host::pr..: wandr-profile: frame  15840 t+ 333447ms  win[N=60 min=14.1ms mean=16.6ms max=19.0ms] over[16ms=50 50ms=0 100ms=0 250ms=0]
05-18 11:38:35.669 11901 11918 I wasm_android_host::pr..: wandr-profile: frame  15900 t+ 334445ms  win[N=60 min=15.2ms mean=16.6ms max=18.0ms] over[16ms=55 50ms=0 100ms=0 250ms=0]
05-18 11:38:36.667 11901 11918 I wasm_android_host::pr..: wandr-profile: frame  15960 t+ 335443ms  win[N=60 min=14.4ms mean=16.6ms max=18.5ms] over[16ms=53 50ms=0 100ms=0 250ms=0]
05-18 11:38:37.665 11901 11918 I wasm_android_host::pr..: wandr-profile: frame  16020 t+ 336440ms  win[N=60 min=14.6ms mean=16.6ms max=18.8ms] over[16ms=54 50ms=0 100ms=0 250ms=0]
05-18 11:38:38.662 11901 11918 I wasm_android_host::pr..: wandr-profile: frame  16080 t+ 337438ms  win[N=60 min=14.6ms mean=16.6ms max=20.5ms] over[16ms=52 50ms=0 100ms=0 250ms=0]
05-18 11:38:39.660 11901 11918 I wasm_android_host::pr..: wandr-profile: frame  16140 t+ 338436ms  win[N=60 min=14.3ms mean=16.6ms max=19.2ms] over[16ms=54 50ms=0 100ms=0 250ms=0]
05-18 11:38:40.658 11901 11918 I wasm_android_host::pr..: wandr-profile: frame  16200 t+ 339434ms  win[N=60 min=15.1ms mean=16.6ms max=18.4ms] over[16ms=54 50ms=0 100ms=0 250ms=0]
05-18 11:38:41.656 11901 11918 I wasm_android_host::pr..: wandr-profile: frame  16260 t+ 340432ms  win[N=60 min=15.0ms mean=16.6ms max=18.5ms] over[16ms=54 50ms=0 100ms=0 250ms=0]
05-18 11:38:42.670 11901 11918 I wasm_android_host::pr..: wandr-profile: frame  16320 t+ 341446ms  win[N=60 min=13.5ms mean=16.8ms max=34.3ms] over[16ms=53 50ms=0 100ms=0 250ms=0]
05-18 11:38:43.668 11901 11918 I wasm_android_host::pr..: wandr-profile: frame  16380 t+ 342444ms  win[N=60 min=14.2ms mean=16.6ms max=19.0ms] over[16ms=52 50ms=0 100ms=0 250ms=0]
05-18 11:38:44.665 11901 11918 I wasm_android_host::pr..: wandr-profile: frame  16440 t+ 343441ms  win[N=60 min=14.8ms mean=16.5ms max=18.4ms] over[16ms=55 50ms=0 100ms=0 250ms=0]
05-18 11:38:45.664 11901 11918 I wasm_android_host::pr..: wandr-profile: frame  16500 t+ 344439ms  win[N=60 min=14.7ms mean=16.6ms max=18.3ms] over[16ms=56 50ms=0 100ms=0 250ms=0]
05-18 11:38:46.661 11901 11918 I wasm_android_host::pr..: wandr-profile: frame  16560 t+ 345437ms  win[N=60 min=14.2ms mean=16.6ms max=19.1ms] over[16ms=53 50ms=0 100ms=0 250ms=0]
05-18 11:38:47.676 11901 11918 I wasm_android_host::pr..: wandr-profile: frame  16620 t+ 346451ms  win[N=60 min=15.0ms mean=16.8ms max=34.1ms] over[16ms=55 50ms=0 100ms=0 250ms=0]
05-18 11:38:48.673 11901 11918 I wasm_android_host::pr..: wandr-profile: frame  16680 t+ 347449ms  win[N=60 min=14.1ms mean=16.6ms max=19.6ms] over[16ms=52 50ms=0 100ms=0 250ms=0]
05-18 11:38:49.671 11901 11918 I wasm_android_host::pr..: wandr-profile: frame  16740 t+ 348447ms  win[N=60 min=14.4ms mean=16.6ms max=18.8ms] over[16ms=56 50ms=0 100ms=0 250ms=0]
05-18 11:38:50.669 11901 11918 I wasm_android_host::pr..: wandr-profile: frame  16800 t+ 349445ms  win[N=60 min=14.8ms mean=16.5ms max=18.3ms] over[16ms=58 50ms=0 100ms=0 250ms=0]
05-18 11:38:51.667 11901 11918 I wasm_android_host::pr..: wandr-profile: frame  16860 t+ 350443ms  win[N=60 min=14.5ms mean=16.6ms max=18.6ms] over[16ms=55 50ms=0 100ms=0 250ms=0]
05-18 11:38:52.664 11901 11918 I wasm_android_host::pr..: wandr-profile: frame  16920 t+ 351440ms  win[N=60 min=15.0ms mean=16.5ms max=18.4ms] over[16ms=53 50ms=0 100ms=0 250ms=0]
05-18 11:38:53.679 11901 11918 I wasm_android_host::pr..: wandr-profile: frame  16980 t+ 352455ms  win[N=60 min=14.4ms mean=16.8ms max=34.9ms] over[16ms=53 50ms=0 100ms=0 250ms=0]
05-18 11:38:54.677 11901 11918 I wasm_android_host::pr..: wandr-profile: frame  17040 t+ 353453ms  win[N=60 min=14.6ms mean=16.6ms max=18.9ms] over[16ms=54 50ms=0 100ms=0 250ms=0]
05-18 11:38:55.675 11901 11918 I wasm_android_host::pr..: wandr-profile: frame  17100 t+ 354451ms  win[N=60 min=14.7ms mean=16.6ms max=18.5ms] over[16ms=52 50ms=0 100ms=0 250ms=0]
05-18 11:38:56.673 11901 11918 I wasm_android_host::pr..: wandr-profile: frame  17160 t+ 355449ms  win[N=60 min=14.7ms mean=16.6ms max=18.3ms] over[16ms=56 50ms=0 100ms=0 250ms=0]
05-18 11:38:57.672 11901 11918 I wasm_android_host::pr..: wandr-profile: frame  17220 t+ 356447ms  win[N=60 min=14.7ms mean=16.6ms max=18.9ms] over[16ms=58 50ms=0 100ms=0 250ms=0]
05-18 11:38:58.685 11901 11918 I wasm_android_host::pr..: wandr-profile: frame  17280 t+ 357460ms  win[N=60 min=13.0ms mean=16.8ms max=34.8ms] over[16ms=49 50ms=0 100ms=0 250ms=0]
05-18 11:38:59.683 11901 11918 I wasm_android_host::pr..: wandr-profile: frame  17340 t+ 358458ms  win[N=60 min=15.2ms mean=16.6ms max=18.0ms] over[16ms=54 50ms=0 100ms=0 250ms=0]
05-18 11:39:00.680 11901 11918 I wasm_android_host::pr..: wandr-profile: frame  17400 t+ 359456ms  win[N=60 min=14.5ms mean=16.6ms max=18.6ms] over[16ms=52 50ms=0 100ms=0 250ms=0]
05-18 11:39:01.695 11901 11918 I wasm_android_host::pr..: wandr-profile: frame  17460 t+ 360471ms  win[N=60 min=14.3ms mean=16.8ms max=35.0ms] over[16ms=51 50ms=0 100ms=0 250ms=0]
05-18 11:39:02.693 11901 11918 I wasm_android_host::pr..: wandr-profile: frame  17520 t+ 361469ms  win[N=60 min=15.2ms mean=16.6ms max=18.1ms] over[16ms=56 50ms=0 100ms=0 250ms=0]
05-18 11:39:03.690 11901 11918 I wasm_android_host::pr..: wandr-profile: frame  17580 t+ 362466ms  win[N=60 min=14.6ms mean=16.6ms max=18.6ms] over[16ms=56 50ms=0 100ms=0 250ms=0]
05-18 11:39:04.689 11901 11918 I wasm_android_host::pr..: wandr-profile: frame  17640 t+ 363464ms  win[N=60 min=14.3ms mean=16.6ms max=18.9ms] over[16ms=53 50ms=0 100ms=0 250ms=0]
05-18 11:39:05.703 11901 11918 I wasm_android_host::pr..: wandr-profile: frame  17700 t+ 364478ms  win[N=60 min=15.2ms mean=16.8ms max=33.9ms] over[16ms=55 50ms=0 100ms=0 250ms=0]
05-18 11:39:06.700 11901 11918 I wasm_android_host::pr..: wandr-profile: frame  17760 t+ 365476ms  win[N=60 min=14.6ms mean=16.6ms max=18.8ms] over[16ms=54 50ms=0 100ms=0 250ms=0]
05-18 11:39:07.699 11901 11918 I wasm_android_host::pr..: wandr-profile: frame  17820 t+ 366474ms  win[N=60 min=14.8ms mean=16.6ms max=18.6ms] over[16ms=53 50ms=0 100ms=0 250ms=0]
05-18 11:39:08.713 11901 11918 I wasm_android_host::pr..: wandr-profile: frame  17880 t+ 367489ms  win[N=60 min=14.9ms mean=16.8ms max=34.7ms] over[16ms=52 50ms=0 100ms=0 250ms=0]
05-18 11:39:09.712 11901 11918 I wasm_android_host::pr..: wandr-profile: frame  17940 t+ 368487ms  win[N=60 min=14.7ms mean=16.6ms max=18.7ms] over[16ms=55 50ms=0 100ms=0 250ms=0]
05-18 11:39:10.708 11901 11918 I wasm_android_host::pr..: wandr-profile: frame  18000 t+ 369484ms  win[N=60 min=14.5ms mean=16.5ms max=18.9ms] over[16ms=51 50ms=0 100ms=0 250ms=0]
05-18 11:39:11.706 11901 11918 I wasm_android_host::pr..: wandr-profile: frame  18060 t+ 370482ms  win[N=60 min=15.4ms mean=16.6ms max=18.1ms] over[16ms=50 50ms=0 100ms=0 250ms=0]
05-18 11:39:12.704 11901 11918 I wasm_android_host::pr..: wandr-profile: frame  18120 t+ 371480ms  win[N=60 min=14.6ms mean=16.6ms max=18.9ms] over[16ms=55 50ms=0 100ms=0 250ms=0]
05-18 11:39:13.719 11901 11918 I wasm_android_host::pr..: wandr-profile: frame  18180 t+ 372495ms  win[N=60 min=14.3ms mean=16.8ms max=33.3ms] over[16ms=53 50ms=0 100ms=0 250ms=0]
05-18 11:39:14.733 11901 11918 I wasm_android_host::pr..: wandr-profile: frame  18240 t+ 373509ms  win[N=60 min=14.9ms mean=16.8ms max=34.2ms] over[16ms=50 50ms=0 100ms=0 250ms=0]
05-18 11:39:15.731 11901 11918 I wasm_android_host::pr..: wandr-profile: frame  18300 t+ 374506ms  win[N=60 min=14.3ms mean=16.6ms max=18.9ms] over[16ms=53 50ms=0 100ms=0 250ms=0]
05-18 11:39:16.729 11901 11918 I wasm_android_host::pr..: wandr-profile: frame  18360 t+ 375504ms  win[N=60 min=14.7ms mean=16.6ms max=18.7ms] over[16ms=56 50ms=0 100ms=0 250ms=0]
05-18 11:39:17.743 11901 11918 I wasm_android_host::pr..: wandr-profile: frame  18420 t+ 376519ms  win[N=60 min=15.2ms mean=16.8ms max=32.9ms] over[16ms=55 50ms=0 100ms=0 250ms=0]
05-18 11:39:18.741 11901 11918 I wasm_android_host::pr..: wandr-profile: frame  18480 t+ 377516ms  win[N=60 min=13.7ms mean=16.6ms max=19.0ms] over[16ms=57 50ms=0 100ms=0 250ms=0]
05-18 11:39:19.739 11901 11918 I wasm_android_host::pr..: wandr-profile: frame  18540 t+ 378514ms  win[N=60 min=14.8ms mean=16.6ms max=18.4ms] over[16ms=55 50ms=0 100ms=0 250ms=0]
05-18 11:39:20.736 11901 11918 I wasm_android_host::pr..: wandr-profile: frame  18600 t+ 379512ms  win[N=60 min=14.5ms mean=16.6ms max=18.5ms] over[16ms=51 50ms=0 100ms=0 250ms=0]
05-18 11:39:21.734 11901 11918 I wasm_android_host::pr..: wandr-profile: frame  18660 t+ 380510ms  win[N=60 min=14.8ms mean=16.6ms max=18.4ms] over[16ms=54 50ms=0 100ms=0 250ms=0]
05-18 11:39:22.749 11901 11918 I wasm_android_host::pr..: wandr-profile: frame  18720 t+ 381524ms  win[N=60 min=14.9ms mean=16.8ms max=35.1ms] over[16ms=53 50ms=0 100ms=0 250ms=0]
05-18 11:39:23.763 11901 11918 I wasm_android_host::pr..: wandr-profile: frame  18780 t+ 382538ms  win[N=60 min=11.7ms mean=16.8ms max=36.0ms] over[16ms=48 50ms=0 100ms=0 250ms=0]
05-18 11:39:24.761 11901 11918 I wasm_android_host::pr..: wandr-profile: frame  18840 t+ 383536ms  win[N=60 min=14.1ms mean=16.6ms max=19.1ms] over[16ms=55 50ms=0 100ms=0 250ms=0]
05-18 11:39:25.758 11901 11918 I wasm_android_host::pr..: wandr-profile: frame  18900 t+ 384533ms  win[N=60 min=15.0ms mean=16.5ms max=19.2ms] over[16ms=53 50ms=0 100ms=0 250ms=0]
05-18 11:39:26.756 11901 11918 I wasm_android_host::pr..: wandr-profile: frame  18960 t+ 385532ms  win[N=60 min=14.9ms mean=16.6ms max=18.3ms] over[16ms=54 50ms=0 100ms=0 250ms=0]
05-18 11:39:27.755 11901 11918 I wasm_android_host::pr..: wandr-profile: frame  19020 t+ 386531ms  win[N=60 min=15.1ms mean=16.6ms max=18.6ms] over[16ms=51 50ms=0 100ms=0 250ms=0]
05-18 11:39:28.751 11901 11918 I wasm_android_host::pr..: wandr-profile: frame  19080 t+ 387527ms  win[N=60 min=14.7ms mean=16.5ms max=18.7ms] over[16ms=51 50ms=0 100ms=0 250ms=0]
05-18 11:39:29.749 11901 11918 I wasm_android_host::pr..: wandr-profile: frame  19140 t+ 388525ms  win[N=60 min=14.6ms mean=16.6ms max=18.3ms] over[16ms=54 50ms=0 100ms=0 250ms=0]
05-18 11:39:30.747 11901 11918 I wasm_android_host::pr..: wandr-profile: frame  19200 t+ 389523ms  win[N=60 min=14.7ms mean=16.6ms max=18.8ms] over[16ms=56 50ms=0 100ms=0 250ms=0]
05-18 11:39:31.745 11901 11918 I wasm_android_host::pr..: wandr-profile: frame  19260 t+ 390521ms  win[N=60 min=14.1ms mean=16.6ms max=19.7ms] over[16ms=51 50ms=0 100ms=0 250ms=0]
05-18 11:39:32.743 11901 11918 I wasm_android_host::pr..: wandr-profile: frame  19320 t+ 391518ms  win[N=60 min=13.8ms mean=16.6ms max=19.1ms] over[16ms=54 50ms=0 100ms=0 250ms=0]
05-18 11:39:33.741 11901 11918 I wasm_android_host::pr..: wandr-profile: frame  19380 t+ 392517ms  win[N=60 min=14.4ms mean=16.6ms max=18.8ms] over[16ms=55 50ms=0 100ms=0 250ms=0]
05-18 11:39:34.738 11901 11918 I wasm_android_host::pr..: wandr-profile: frame  19440 t+ 393514ms  win[N=60 min=15.3ms mean=16.5ms max=18.3ms] over[16ms=53 50ms=0 100ms=0 250ms=0]
05-18 11:39:35.736 11901 11918 I wasm_android_host::pr..: wandr-profile: frame  19500 t+ 394512ms  win[N=60 min=15.0ms mean=16.6ms max=19.4ms] over[16ms=53 50ms=0 100ms=0 250ms=0]
05-18 11:39:36.734 11901 11918 I wasm_android_host::pr..: wandr-profile: frame  19560 t+ 395510ms  win[N=60 min=15.5ms mean=16.6ms max=17.5ms] over[16ms=59 50ms=0 100ms=0 250ms=0]
05-18 11:39:37.732 11901 11918 I wasm_android_host::pr..: wandr-profile: frame  19620 t+ 396508ms  win[N=60 min=14.6ms mean=16.6ms max=18.6ms] over[16ms=53 50ms=0 100ms=0 250ms=0]
05-18 11:39:38.730 11901 11918 I wasm_android_host::pr..: wandr-profile: frame  19680 t+ 397505ms  win[N=60 min=15.0ms mean=16.6ms max=18.2ms] over[16ms=56 50ms=0 100ms=0 250ms=0]
05-18 11:39:39.728 11901 11918 I wasm_android_host::pr..: wandr-profile: frame  19740 t+ 398503ms  win[N=60 min=14.6ms mean=16.6ms max=18.6ms] over[16ms=57 50ms=0 100ms=0 250ms=0]
05-18 11:39:40.742 11901 11918 I wasm_android_host::pr..: wandr-profile: frame  19800 t+ 399518ms  win[N=60 min=14.3ms mean=16.8ms max=34.7ms] over[16ms=52 50ms=0 100ms=0 250ms=0]
05-18 11:39:41.740 11901 11918 I wasm_android_host::pr..: wandr-profile: frame  19860 t+ 400515ms  win[N=60 min=15.0ms mean=16.6ms max=18.2ms] over[16ms=55 50ms=0 100ms=0 250ms=0]
05-18 11:39:42.738 11901 11918 I wasm_android_host::pr..: wandr-profile: frame  19920 t+ 401514ms  win[N=60 min=14.3ms mean=16.6ms max=18.7ms] over[16ms=51 50ms=0 100ms=0 250ms=0]
05-18 11:39:43.735 11901 11918 I wasm_android_host::pr..: wandr-profile: frame  19980 t+ 402511ms  win[N=60 min=14.7ms mean=16.5ms max=19.0ms] over[16ms=54 50ms=0 100ms=0 250ms=0]
05-18 11:39:44.733 11901 11918 I wasm_android_host::pr..: wandr-profile: frame  20040 t+ 403509ms  win[N=60 min=15.9ms mean=16.6ms max=17.3ms] over[16ms=58 50ms=0 100ms=0 250ms=0]
05-18 11:39:45.731 11901 11918 I wasm_android_host::pr..: wandr-profile: frame  20100 t+ 404507ms  win[N=60 min=14.4ms mean=16.6ms max=18.9ms] over[16ms=51 50ms=0 100ms=0 250ms=0]
05-18 11:39:46.729 11901 11918 I wasm_android_host::pr..: wandr-profile: frame  20160 t+ 405505ms  win[N=60 min=14.2ms mean=16.6ms max=18.9ms] over[16ms=56 50ms=0 100ms=0 250ms=0]
05-18 11:39:47.727 11901 11918 I wasm_android_host::pr..: wandr-profile: frame  20220 t+ 406502ms  win[N=60 min=14.7ms mean=16.6ms max=18.6ms] over[16ms=58 50ms=0 100ms=0 250ms=0]
05-18 11:39:48.724 11901 11918 I wasm_android_host::pr..: wandr-profile: frame  20280 t+ 407500ms  win[N=60 min=15.9ms mean=16.6ms max=17.4ms] over[16ms=55 50ms=0 100ms=0 250ms=0]
05-18 11:39:49.739 11901 11918 I wasm_android_host::pr..: wandr-profile: frame  20340 t+ 408514ms  win[N=60 min=10.0ms mean=16.8ms max=36.1ms] over[16ms=51 50ms=0 100ms=0 250ms=0]
05-18 11:39:50.753 11901 11918 I wasm_android_host::pr..: wandr-profile: frame  20400 t+ 409529ms  win[N=60 min=14.3ms mean=16.8ms max=34.7ms] over[16ms=55 50ms=0 100ms=0 250ms=0]
05-18 11:39:51.751 11901 11918 I wasm_android_host::pr..: wandr-profile: frame  20460 t+ 410527ms  win[N=60 min=14.6ms mean=16.6ms max=18.6ms] over[16ms=52 50ms=0 100ms=0 250ms=0]
05-18 11:39:52.749 11901 11918 I wasm_android_host::pr..: wandr-profile: frame  20520 t+ 411524ms  win[N=60 min=14.5ms mean=16.6ms max=18.6ms] over[16ms=57 50ms=0 100ms=0 250ms=0]
05-18 11:39:53.763 11901 11918 I wasm_android_host::pr..: wandr-profile: frame  20580 t+ 412539ms  win[N=60 min=12.3ms mean=16.8ms max=35.7ms] over[16ms=52 50ms=0 100ms=0 250ms=0]
05-18 11:39:54.761 11901 11918 I wasm_android_host::pr..: wandr-profile: frame  20640 t+ 413537ms  win[N=60 min=14.2ms mean=16.6ms max=19.2ms] over[16ms=55 50ms=0 100ms=0 250ms=0]
05-18 11:39:55.758 11901 11918 I wasm_android_host::pr..: wandr-profile: frame  20700 t+ 414534ms  win[N=60 min=14.7ms mean=16.6ms max=18.6ms] over[16ms=51 50ms=0 100ms=0 250ms=0]
05-18 11:39:56.756 11901 11918 I wasm_android_host::pr..: wandr-profile: frame  20760 t+ 415532ms  win[N=60 min=14.8ms mean=16.6ms max=18.5ms] over[16ms=54 50ms=0 100ms=0 250ms=0]
05-18 11:39:57.754 11901 11918 I wasm_android_host::pr..: wandr-profile: frame  20820 t+ 416530ms  win[N=60 min=14.4ms mean=16.6ms max=19.4ms] over[16ms=54 50ms=0 100ms=0 250ms=0]
05-18 11:39:58.768 11901 11918 I wasm_android_host::pr..: wandr-profile: frame  20880 t+ 417544ms  win[N=60 min=14.0ms mean=16.8ms max=34.8ms] over[16ms=53 50ms=0 100ms=0 250ms=0]
05-18 11:39:59.766 11901 11918 I wasm_android_host::pr..: wandr-profile: frame  20940 t+ 418542ms  win[N=60 min=15.0ms mean=16.6ms max=19.1ms] over[16ms=52 50ms=0 100ms=0 250ms=0]
05-18 11:40:00.764 11901 11918 I wasm_android_host::pr..: wandr-profile: frame  21000 t+ 419540ms  win[N=60 min=14.5ms mean=16.6ms max=18.6ms] over[16ms=53 50ms=0 100ms=0 250ms=0]
05-18 11:40:01.762 11901 11918 I wasm_android_host::pr..: wandr-profile: frame  21060 t+ 420537ms  win[N=60 min=14.6ms mean=16.6ms max=18.6ms] over[16ms=53 50ms=0 100ms=0 250ms=0]
05-18 11:40:02.760 11901 11918 I wasm_android_host::pr..: wandr-profile: frame  21120 t+ 421535ms  win[N=60 min=14.6ms mean=16.6ms max=18.3ms] over[16ms=54 50ms=0 100ms=0 250ms=0]
05-18 11:40:03.758 11901 11918 I wasm_android_host::pr..: wandr-profile: frame  21180 t+ 422533ms  win[N=60 min=14.4ms mean=16.6ms max=19.0ms] over[16ms=54 50ms=0 100ms=0 250ms=0]
05-18 11:40:04.755 11901 11918 I wasm_android_host::pr..: wandr-profile: frame  21240 t+ 423531ms  win[N=60 min=13.8ms mean=16.6ms max=18.7ms] over[16ms=56 50ms=0 100ms=0 250ms=0]
05-18 11:40:05.770 11901 11918 I wasm_android_host::pr..: wandr-profile: frame  21300 t+ 424546ms  win[N=60 min=15.0ms mean=16.8ms max=33.0ms] over[16ms=53 50ms=0 100ms=0 250ms=0]
05-18 11:40:06.766 11901 11918 I wasm_android_host::pr..: wandr-profile: frame  21360 t+ 425542ms  win[N=60 min=14.4ms mean=16.5ms max=19.2ms] over[16ms=53 50ms=0 100ms=0 250ms=0]
05-18 11:40:07.765 11901 11918 I wasm_android_host::pr..: wandr-profile: frame  21420 t+ 426541ms  win[N=60 min=14.6ms mean=16.6ms max=18.9ms] over[16ms=54 50ms=0 100ms=0 250ms=0]
05-18 11:40:08.763 11901 11918 I wasm_android_host::pr..: wandr-profile: frame  21480 t+ 427539ms  win[N=60 min=15.0ms mean=16.6ms max=18.4ms] over[16ms=56 50ms=0 100ms=0 250ms=0]
05-18 11:40:09.761 11901 11918 I wasm_android_host::pr..: wandr-profile: frame  21540 t+ 428537ms  win[N=60 min=14.0ms mean=16.6ms max=19.1ms] over[16ms=53 50ms=0 100ms=0 250ms=0]
05-18 11:40:10.759 11901 11918 I wasm_android_host::pr..: wandr-profile: frame  21600 t+ 429535ms  win[N=60 min=14.3ms mean=16.6ms max=18.1ms] over[16ms=57 50ms=0 100ms=0 250ms=0]
05-18 11:40:11.757 11901 11918 I wasm_android_host::pr..: wandr-profile: frame  21660 t+ 430533ms  win[N=60 min=14.8ms mean=16.6ms max=18.6ms] over[16ms=55 50ms=0 100ms=0 250ms=0]
05-18 11:40:12.755 11901 11918 I wasm_android_host::pr..: wandr-profile: frame  21720 t+ 431531ms  win[N=60 min=14.6ms mean=16.6ms max=18.8ms] over[16ms=54 50ms=0 100ms=0 250ms=0]
05-18 11:40:13.754 11901 11918 I wasm_android_host::pr..: wandr-profile: frame  21780 t+ 432529ms  win[N=60 min=15.8ms mean=16.6ms max=17.9ms] over[16ms=55 50ms=0 100ms=0 250ms=0]
05-18 11:40:14.751 11901 11918 I wasm_android_host::pr..: wandr-profile: frame  21840 t+ 433526ms  win[N=60 min=14.8ms mean=16.5ms max=18.6ms] over[16ms=56 50ms=0 100ms=0 250ms=0]
05-18 11:40:15.748 11901 11918 I wasm_android_host::pr..: wandr-profile: frame  21900 t+ 434524ms  win[N=60 min=14.8ms mean=16.5ms max=18.5ms] over[16ms=54 50ms=0 100ms=0 250ms=0]
05-18 11:40:16.746 11901 11918 I wasm_android_host::pr..: wandr-profile: frame  21960 t+ 435522ms  win[N=60 min=14.6ms mean=16.6ms max=18.8ms] over[16ms=52 50ms=0 100ms=0 250ms=0]
05-18 11:40:17.744 11901 11918 I wasm_android_host::pr..: wandr-profile: frame  22020 t+ 436520ms  win[N=60 min=14.2ms mean=16.6ms max=19.2ms] over[16ms=55 50ms=0 100ms=0 250ms=0]
05-18 11:40:18.758 11901 11918 I wasm_android_host::pr..: wandr-profile: frame  22080 t+ 437534ms  win[N=60 min=14.6ms mean=16.8ms max=34.5ms] over[16ms=51 50ms=0 100ms=0 250ms=0]
05-18 11:40:19.758 11901 11918 I wasm_android_host::pr..: wandr-profile: frame  22140 t+ 438534ms  win[N=60 min=14.4ms mean=16.6ms max=18.7ms] over[16ms=51 50ms=0 100ms=0 250ms=0]
05-18 11:40:20.754 11901 11918 I wasm_android_host::pr..: wandr-profile: frame  22200 t+ 439530ms  win[N=60 min=14.2ms mean=16.5ms max=19.1ms] over[16ms=56 50ms=0 100ms=0 250ms=0]
05-18 11:40:21.752 11901 11918 I wasm_android_host::pr..: wandr-profile: frame  22260 t+ 440528ms  win[N=60 min=13.5ms mean=16.6ms max=20.1ms] over[16ms=50 50ms=0 100ms=0 250ms=0]
05-18 11:40:22.751 11901 11918 I wasm_android_host::pr..: wandr-profile: frame  22320 t+ 441526ms  win[N=60 min=15.3ms mean=16.6ms max=17.8ms] over[16ms=57 50ms=0 100ms=0 250ms=0]
05-18 11:40:23.749 11901 11918 I wasm_android_host::pr..: wandr-profile: frame  22380 t+ 442524ms  win[N=60 min=14.7ms mean=16.6ms max=18.4ms] over[16ms=57 50ms=0 100ms=0 250ms=0]
05-18 11:40:24.746 11901 11918 I wasm_android_host::pr..: wandr-profile: frame  22440 t+ 443522ms  win[N=60 min=15.0ms mean=16.5ms max=18.4ms] over[16ms=54 50ms=0 100ms=0 250ms=0]
05-18 11:40:25.744 11901 11918 I wasm_android_host::pr..: wandr-profile: frame  22500 t+ 444520ms  win[N=60 min=16.0ms mean=16.6ms max=17.6ms] over[16ms=59 50ms=0 100ms=0 250ms=0]
05-18 11:40:26.742 11901 11918 I wasm_android_host::pr..: wandr-profile: frame  22560 t+ 445517ms  win[N=60 min=14.7ms mean=16.6ms max=18.5ms] over[16ms=56 50ms=0 100ms=0 250ms=0]
05-18 11:40:27.739 11901 11918 I wasm_android_host::pr..: wandr-profile: frame  22620 t+ 446515ms  win[N=60 min=15.1ms mean=16.5ms max=18.1ms] over[16ms=56 50ms=0 100ms=0 250ms=0]
05-18 11:40:28.738 11901 11918 I wasm_android_host::pr..: wandr-profile: frame  22680 t+ 447513ms  win[N=60 min=13.8ms mean=16.6ms max=19.1ms] over[16ms=52 50ms=0 100ms=0 250ms=0]
05-18 11:40:29.753 11901 11918 I wasm_android_host::pr..: wandr-profile: frame  22740 t+ 448528ms  win[N=60 min=14.8ms mean=16.8ms max=34.5ms] over[16ms=52 50ms=0 100ms=0 250ms=0]
05-18 11:40:30.766 11901 11918 I wasm_android_host::pr..: wandr-profile: frame  22800 t+ 449542ms  win[N=60 min=12.7ms mean=16.8ms max=32.8ms] over[16ms=52 50ms=0 100ms=0 250ms=0]
05-18 11:40:31.765 11901 11918 I wasm_android_host::pr..: wandr-profile: frame  22860 t+ 450541ms  win[N=60 min=14.4ms mean=16.6ms max=19.4ms] over[16ms=55 50ms=0 100ms=0 250ms=0]
05-18 11:40:32.779 11901 11918 I wasm_android_host::pr..: wandr-profile: frame  22920 t+ 451554ms  win[N=60 min=14.7ms mean=16.8ms max=34.5ms] over[16ms=54 50ms=0 100ms=0 250ms=0]
05-18 11:40:33.777 11901 11918 I wasm_android_host::pr..: wandr-profile: frame  22980 t+ 452552ms  win[N=60 min=14.4ms mean=16.6ms max=18.8ms] over[16ms=54 50ms=0 100ms=0 250ms=0]
05-18 11:40:34.775 11901 11918 I wasm_android_host::pr..: wandr-profile: frame  23040 t+ 453550ms  win[N=60 min=14.1ms mean=16.6ms max=19.0ms] over[16ms=54 50ms=0 100ms=0 250ms=0]
05-18 11:40:35.789 11901 11918 I wasm_android_host::pr..: wandr-profile: frame  23100 t+ 454565ms  win[N=60 min=15.0ms mean=16.8ms max=31.9ms] over[16ms=54 50ms=0 100ms=0 250ms=0]
05-18 11:40:36.803 11901 11918 I wasm_android_host::pr..: wandr-profile: frame  23160 t+ 455579ms  win[N=60 min=14.6ms mean=16.8ms max=34.9ms] over[16ms=54 50ms=0 100ms=0 250ms=0]
05-18 11:40:37.801 11901 11918 I wasm_android_host::pr..: wandr-profile: frame  23220 t+ 456577ms  win[N=60 min=14.5ms mean=16.6ms max=18.9ms] over[16ms=55 50ms=0 100ms=0 250ms=0]
05-18 11:40:38.816 11901 11918 I wasm_android_host::pr..: wandr-profile: frame  23280 t+ 457591ms  win[N=60 min=15.0ms mean=16.8ms max=32.9ms] over[16ms=57 50ms=0 100ms=0 250ms=0]
05-18 11:40:39.831 11901 11918 I wasm_android_host::pr..: wandr-profile: frame  23340 t+ 458607ms  win[N=60 min=14.0ms mean=16.9ms max=32.9ms] over[16ms=53 50ms=0 100ms=0 250ms=0]
05-18 11:40:40.828 11901 11918 I wasm_android_host::pr..: wandr-profile: frame  23400 t+ 459604ms  win[N=60 min=13.7ms mean=16.5ms max=18.7ms] over[16ms=55 50ms=0 100ms=0 250ms=0]
05-18 11:40:41.825 11901 11918 I wasm_android_host::pr..: wandr-profile: frame  23460 t+ 460601ms  win[N=60 min=15.4ms mean=16.5ms max=17.8ms] over[16ms=56 50ms=0 100ms=0 250ms=0]
05-18 11:40:42.823 11901 11918 I wasm_android_host::pr..: wandr-profile: frame  23520 t+ 461599ms  win[N=60 min=13.6ms mean=16.6ms max=19.2ms] over[16ms=51 50ms=0 100ms=0 250ms=0]
05-18 11:40:43.821 11901 11918 I wasm_android_host::pr..: wandr-profile: frame  23580 t+ 462597ms  win[N=60 min=14.8ms mean=16.6ms max=18.6ms] over[16ms=53 50ms=0 100ms=0 250ms=0]
05-18 11:40:44.819 11901 11918 I wasm_android_host::pr..: wandr-profile: frame  23640 t+ 463594ms  win[N=60 min=14.7ms mean=16.6ms max=18.3ms] over[16ms=57 50ms=0 100ms=0 250ms=0]
05-18 11:40:45.833 11901 11918 I wasm_android_host::pr..: wandr-profile: frame  23700 t+ 464609ms  win[N=60 min=14.6ms mean=16.8ms max=35.0ms] over[16ms=53 50ms=0 100ms=0 250ms=0]
05-18 11:40:46.831 11901 11918 I wasm_android_host::pr..: wandr-profile: frame  23760 t+ 465607ms  win[N=60 min=14.9ms mean=16.6ms max=18.4ms] over[16ms=54 50ms=0 100ms=0 250ms=0]
05-18 11:40:47.829 11901 11918 I wasm_android_host::pr..: wandr-profile: frame  23820 t+ 466605ms  win[N=60 min=14.7ms mean=16.6ms max=18.3ms] over[16ms=55 50ms=0 100ms=0 250ms=0]
05-18 11:40:48.827 11901 11918 I wasm_android_host::pr..: wandr-profile: frame  23880 t+ 467602ms  win[N=60 min=14.9ms mean=16.6ms max=17.9ms] over[16ms=56 50ms=0 100ms=0 250ms=0]
05-18 11:40:49.825 11901 11918 I wasm_android_host::pr..: wandr-profile: frame  23940 t+ 468600ms  win[N=60 min=14.2ms mean=16.6ms max=18.9ms] over[16ms=52 50ms=0 100ms=0 250ms=0]
05-18 11:40:50.822 11901 11918 I wasm_android_host::pr..: wandr-profile: frame  24000 t+ 469598ms  win[N=60 min=14.2ms mean=16.5ms max=18.5ms] over[16ms=54 50ms=0 100ms=0 250ms=0]
05-18 11:40:51.837 11901 11918 I wasm_android_host::pr..: wandr-profile: frame  24060 t+ 470613ms  win[N=60 min=14.8ms mean=16.8ms max=34.8ms] over[16ms=49 50ms=0 100ms=0 250ms=0]
05-18 11:40:52.835 11901 11918 I wasm_android_host::pr..: wandr-profile: frame  24120 t+ 471611ms  win[N=60 min=14.7ms mean=16.6ms max=18.7ms] over[16ms=55 50ms=0 100ms=0 250ms=0]
05-18 11:40:53.835 11901 11918 I wasm_android_host::pr..: wandr-profile: frame  24180 t+ 472610ms  win[N=60 min=14.9ms mean=16.6ms max=18.9ms] over[16ms=53 50ms=0 100ms=0 250ms=0]
05-18 11:40:54.847 11901 11918 I wasm_android_host::pr..: wandr-profile: frame  24240 t+ 473623ms  win[N=60 min=14.2ms mean=16.8ms max=32.7ms] over[16ms=53 50ms=0 100ms=0 250ms=0]
05-18 11:40:55.844 11901 11918 I wasm_android_host::pr..: wandr-profile: frame  24300 t+ 474620ms  win[N=60 min=14.6ms mean=16.6ms max=18.5ms] over[16ms=53 50ms=0 100ms=0 250ms=0]
05-18 11:40:56.842 11901 11918 I wasm_android_host::pr..: wandr-profile: frame  24360 t+ 475618ms  win[N=60 min=14.7ms mean=16.6ms max=18.3ms] over[16ms=54 50ms=0 100ms=0 250ms=0]
05-18 11:40:57.840 11901 11918 I wasm_android_host::pr..: wandr-profile: frame  24420 t+ 476616ms  win[N=60 min=14.8ms mean=16.6ms max=18.4ms] over[16ms=52 50ms=0 100ms=0 250ms=0]
05-18 11:40:58.838 11901 11918 I wasm_android_host::pr..: wandr-profile: frame  24480 t+ 477614ms  win[N=60 min=14.7ms mean=16.6ms max=18.3ms] over[16ms=57 50ms=0 100ms=0 250ms=0]
05-18 11:40:59.836 11901 11918 I wasm_android_host::pr..: wandr-profile: frame  24540 t+ 478612ms  win[N=60 min=15.0ms mean=16.6ms max=18.3ms] over[16ms=57 50ms=0 100ms=0 250ms=0]
05-18 11:41:00.834 11901 11918 I wasm_android_host::pr..: wandr-profile: frame  24600 t+ 479609ms  win[N=60 min=14.1ms mean=16.6ms max=19.6ms] over[16ms=56 50ms=0 100ms=0 250ms=0]
05-18 11:41:01.832 11901 11918 I wasm_android_host::pr..: wandr-profile: frame  24660 t+ 480607ms  win[N=60 min=14.3ms mean=16.6ms max=18.8ms] over[16ms=57 50ms=0 100ms=0 250ms=0]
05-18 11:41:02.846 11901 11918 I wasm_android_host::pr..: wandr-profile: frame  24720 t+ 481621ms  win[N=60 min=12.4ms mean=16.8ms max=35.1ms] over[16ms=54 50ms=0 100ms=0 250ms=0]
05-18 11:41:03.844 11901 11918 I wasm_android_host::pr..: wandr-profile: frame  24780 t+ 482620ms  win[N=60 min=14.7ms mean=16.6ms max=18.3ms] over[16ms=53 50ms=0 100ms=0 250ms=0]
05-18 11:41:04.841 11901 11918 I wasm_android_host::pr..: wandr-profile: frame  24840 t+ 483617ms  win[N=60 min=14.5ms mean=16.6ms max=18.2ms] over[16ms=52 50ms=0 100ms=0 250ms=0]
05-18 11:41:05.841 11901 11918 I wasm_android_host::pr..: wandr-profile: frame  24900 t+ 484616ms  win[N=60 min=14.7ms mean=16.6ms max=19.1ms] over[16ms=50 50ms=0 100ms=0 250ms=0]
05-18 11:41:06.837 11901 11918 I wasm_android_host::pr..: wandr-profile: frame  24960 t+ 485613ms  win[N=60 min=14.5ms mean=16.5ms max=18.9ms] over[16ms=58 50ms=0 100ms=0 250ms=0]
05-18 11:41:07.851 11901 11918 I wasm_android_host::pr..: wandr-profile: frame  25020 t+ 486627ms  win[N=60 min=14.2ms mean=16.8ms max=33.1ms] over[16ms=49 50ms=0 100ms=0 250ms=0]
05-18 11:41:08.866 11901 11918 I wasm_android_host::pr..: wandr-profile: frame  25080 t+ 487642ms  win[N=60 min=14.5ms mean=16.8ms max=32.7ms] over[16ms=54 50ms=0 100ms=0 250ms=0]
05-18 11:41:09.864 11901 11918 I wasm_android_host::pr..: wandr-profile: frame  25140 t+ 488639ms  win[N=60 min=14.8ms mean=16.6ms max=18.5ms] over[16ms=54 50ms=0 100ms=0 250ms=0]
05-18 11:41:10.878 11901 11918 I wasm_android_host::pr..: wandr-profile: frame  25200 t+ 489654ms  win[N=60 min=12.4ms mean=16.8ms max=36.0ms] over[16ms=48 50ms=0 100ms=0 250ms=0]
05-18 11:41:11.876 11901 11918 I wasm_android_host::pr..: wandr-profile: frame  25260 t+ 490651ms  win[N=60 min=14.9ms mean=16.5ms max=18.2ms] over[16ms=51 50ms=0 100ms=0 250ms=0]
05-18 11:41:12.874 11901 11918 I wasm_android_host::pr..: wandr-profile: frame  25320 t+ 491650ms  win[N=60 min=13.8ms mean=16.6ms max=19.0ms] over[16ms=56 50ms=0 100ms=0 250ms=0]
05-18 11:41:13.888 11901 11918 I wasm_android_host::pr..: wandr-profile: frame  25380 t+ 492664ms  win[N=60 min=12.3ms mean=16.8ms max=35.1ms] over[16ms=55 50ms=0 100ms=0 250ms=0]
05-18 11:41:14.903 11901 11918 I wasm_android_host::pr..: wandr-profile: frame  25440 t+ 493678ms  win[N=60 min=14.8ms mean=16.8ms max=34.4ms] over[16ms=54 50ms=0 100ms=0 250ms=0]
05-18 11:41:15.901 11901 11918 I wasm_android_host::pr..: wandr-profile: frame  25500 t+ 494676ms  win[N=60 min=14.6ms mean=16.6ms max=18.7ms] over[16ms=59 50ms=0 100ms=0 250ms=0]
05-18 11:41:16.915 11901 11918 I wasm_android_host::pr..: wandr-profile: frame  25560 t+ 495691ms  win[N=60 min=14.8ms mean=16.8ms max=35.1ms] over[16ms=55 50ms=0 100ms=0 250ms=0]
05-18 11:41:17.913 11901 11918 I wasm_android_host::pr..: wandr-profile: frame  25620 t+ 496689ms  win[N=60 min=15.3ms mean=16.6ms max=17.7ms] over[16ms=56 50ms=0 100ms=0 250ms=0]
05-18 11:41:18.912 11901 11918 I wasm_android_host::pr..: wandr-profile: frame  25680 t+ 497687ms  win[N=60 min=14.1ms mean=16.6ms max=19.2ms] over[16ms=53 50ms=0 100ms=0 250ms=0]
05-18 11:41:19.909 11901 11918 I wasm_android_host::pr..: wandr-profile: frame  25740 t+ 498684ms  win[N=60 min=14.5ms mean=16.5ms max=18.7ms] over[16ms=54 50ms=0 100ms=0 250ms=0]
05-18 11:41:20.906 11901 11918 I wasm_android_host::pr..: wandr-profile: frame  25800 t+ 499682ms  win[N=60 min=14.7ms mean=16.6ms max=18.8ms] over[16ms=56 50ms=0 100ms=0 250ms=0]
05-18 11:41:21.904 11901 11918 I wasm_android_host::pr..: wandr-profile: frame  25860 t+ 500680ms  win[N=60 min=16.0ms mean=16.6ms max=17.1ms] over[16ms=60 50ms=0 100ms=0 250ms=0]
05-18 11:41:22.918 11901 11918 I wasm_android_host::pr..: wandr-profile: frame  25920 t+ 501694ms  win[N=60 min=12.2ms mean=16.8ms max=35.0ms] over[16ms=55 50ms=0 100ms=0 250ms=0]
05-18 11:41:23.916 11901 11918 I wasm_android_host::pr..: wandr-profile: frame  25980 t+ 502692ms  win[N=60 min=15.3ms mean=16.6ms max=18.0ms] over[16ms=55 50ms=0 100ms=0 250ms=0]
05-18 11:41:24.914 11901 11918 I wasm_android_host::pr..: wandr-profile: frame  26040 t+ 503690ms  win[N=60 min=14.4ms mean=16.6ms max=18.7ms] over[16ms=53 50ms=0 100ms=0 250ms=0]
05-18 11:41:25.912 11901 11918 I wasm_android_host::pr..: wandr-profile: frame  26100 t+ 504688ms  win[N=60 min=14.4ms mean=16.6ms max=18.9ms] over[16ms=54 50ms=0 100ms=0 250ms=0]
05-18 11:41:26.909 11901 11918 I wasm_android_host::pr..: wandr-profile: frame  26160 t+ 505685ms  win[N=60 min=15.2ms mean=16.5ms max=18.2ms] over[16ms=57 50ms=0 100ms=0 250ms=0]
05-18 11:41:27.907 11901 11918 I wasm_android_host::pr..: wandr-profile: frame  26220 t+ 506683ms  win[N=60 min=15.2ms mean=16.6ms max=17.8ms] over[16ms=55 50ms=0 100ms=0 250ms=0]
05-18 11:41:28.905 11901 11918 I wasm_android_host::pr..: wandr-profile: frame  26280 t+ 507681ms  win[N=60 min=14.7ms mean=16.6ms max=18.5ms] over[16ms=53 50ms=0 100ms=0 250ms=0]
05-18 11:41:29.902 11901 11918 I wasm_android_host::pr..: wandr-profile: frame  26340 t+ 508678ms  win[N=60 min=15.1ms mean=16.6ms max=18.1ms] over[16ms=55 50ms=0 100ms=0 250ms=0]
05-18 11:41:30.900 11901 11918 I wasm_android_host::pr..: wandr-profile: frame  26400 t+ 509676ms  win[N=60 min=14.1ms mean=16.6ms max=19.1ms] over[16ms=56 50ms=0 100ms=0 250ms=0]
05-18 11:41:31.899 11901 11918 I wasm_android_host::pr..: wandr-profile: frame  26460 t+ 510674ms  win[N=60 min=14.8ms mean=16.6ms max=18.6ms] over[16ms=53 50ms=0 100ms=0 250ms=0]
05-18 11:41:32.913 11901 11918 I wasm_android_host::pr..: wandr-profile: frame  26520 t+ 511688ms  win[N=60 min=14.8ms mean=16.8ms max=32.3ms] over[16ms=59 50ms=0 100ms=0 250ms=0]
05-18 11:41:33.912 11901 11918 I wasm_android_host::pr..: wandr-profile: frame  26580 t+ 512688ms  win[N=60 min=15.1ms mean=16.6ms max=18.5ms] over[16ms=52 50ms=0 100ms=0 250ms=0]
05-18 11:41:34.908 11901 11918 I wasm_android_host::pr..: wandr-profile: frame  26640 t+ 513684ms  win[N=60 min=14.7ms mean=16.5ms max=18.4ms] over[16ms=54 50ms=0 100ms=0 250ms=0]
05-18 11:41:35.906 11901 11918 I wasm_android_host::pr..: wandr-profile: frame  26700 t+ 514682ms  win[N=60 min=14.9ms mean=16.6ms max=18.3ms] over[16ms=55 50ms=0 100ms=0 250ms=0]
05-18 11:41:36.903 11901 11918 I wasm_android_host::pr..: wandr-profile: frame  26760 t+ 515679ms  win[N=60 min=14.9ms mean=16.5ms max=18.4ms] over[16ms=55 50ms=0 100ms=0 250ms=0]
05-18 11:41:37.902 11901 11918 I wasm_android_host::pr..: wandr-profile: frame  26820 t+ 516677ms  win[N=60 min=13.8ms mean=16.6ms max=19.0ms] over[16ms=52 50ms=0 100ms=0 250ms=0]
05-18 11:41:38.899 11901 11918 I wasm_android_host::pr..: wandr-profile: frame  26880 t+ 517675ms  win[N=60 min=14.7ms mean=16.6ms max=18.5ms] over[16ms=54 50ms=0 100ms=0 250ms=0]
05-18 11:41:39.897 11901 11918 I wasm_android_host::pr..: wandr-profile: frame  26940 t+ 518673ms  win[N=60 min=14.6ms mean=16.6ms max=18.5ms] over[16ms=58 50ms=0 100ms=0 250ms=0]
05-18 11:41:40.895 11901 11918 I wasm_android_host::pr..: wandr-profile: frame  27000 t+ 519671ms  win[N=60 min=14.4ms mean=16.6ms max=18.8ms] over[16ms=51 50ms=0 100ms=0 250ms=0]
05-18 11:41:41.892 11901 11918 I wasm_android_host::pr..: wandr-profile: frame  27060 t+ 520668ms  win[N=60 min=14.8ms mean=16.6ms max=18.3ms] over[16ms=55 50ms=0 100ms=0 250ms=0]
05-18 11:41:42.891 11901 11918 I wasm_android_host::pr..: wandr-profile: frame  27120 t+ 521666ms  win[N=60 min=14.9ms mean=16.6ms max=18.5ms] over[16ms=57 50ms=0 100ms=0 250ms=0]
05-18 11:41:43.905 11901 11918 I wasm_android_host::pr..: wandr-profile: frame  27180 t+ 522680ms  win[N=60 min=14.3ms mean=16.8ms max=34.6ms] over[16ms=52 50ms=0 100ms=0 250ms=0]
05-18 11:41:44.903 11901 11918 I wasm_android_host::pr..: wandr-profile: frame  27240 t+ 523678ms  win[N=60 min=15.0ms mean=16.6ms max=18.4ms] over[16ms=55 50ms=0 100ms=0 250ms=0]
05-18 11:41:45.900 11901 11918 I wasm_android_host::pr..: wandr-profile: frame  27300 t+ 524676ms  win[N=60 min=14.5ms mean=16.6ms max=19.1ms] over[16ms=55 50ms=0 100ms=0 250ms=0]
05-18 11:41:46.897 11901 11918 I wasm_android_host::pr..: wandr-profile: frame  27360 t+ 525673ms  win[N=60 min=14.5ms mean=16.5ms max=18.9ms] over[16ms=47 50ms=0 100ms=0 250ms=0]
05-18 11:41:47.896 11901 11918 I wasm_android_host::pr..: wandr-profile: frame  27420 t+ 526672ms  win[N=60 min=14.8ms mean=16.6ms max=18.7ms] over[16ms=55 50ms=0 100ms=0 250ms=0]
05-18 11:41:48.894 11901 11918 I wasm_android_host::pr..: wandr-profile: frame  27480 t+ 527670ms  win[N=60 min=14.7ms mean=16.6ms max=19.0ms] over[16ms=51 50ms=0 100ms=0 250ms=0]
05-18 11:41:49.892 11901 11918 I wasm_android_host::pr..: wandr-profile: frame  27540 t+ 528668ms  win[N=60 min=15.0ms mean=16.6ms max=18.6ms] over[16ms=57 50ms=0 100ms=0 250ms=0]
05-18 11:41:52.050 11901 11918 I wasmtime::runtime::vm..: wandr-drc-sweep: dur=1248079us  N=2333452 (removed=2333452 kept=0)  F_before=9966 F_after=67394  free_bytes_before=134376416 free_bytes_after=250123648
05-18 11:41:52.050 11901 11918 I wasm_android_host::pr..: wandr-profile: deferred gc ran, took 1260.5 ms
05-18 11:41:52.154 11901 11918 I wasm_android_host::pr..: wandr-profile: frame  27600 t+ 530930ms  win[N=60 min=3.0ms mean=16.6ms max=33.7ms] over[16ms=51 50ms=0 100ms=0 250ms=0]
05-18 11:41:53.150 11901 11918 I wasm_android_host::pr..: wandr-profile: frame  27660 t+ 531926ms  win[N=60 min=15.2ms mean=16.5ms max=18.1ms] over[16ms=57 50ms=0 100ms=0 250ms=0]
05-18 11:41:54.148 11901 11918 I wasm_android_host::pr..: wandr-profile: frame  27720 t+ 532924ms  win[N=60 min=15.0ms mean=16.6ms max=18.3ms] over[16ms=45 50ms=0 100ms=0 250ms=0]
05-18 11:41:55.146 11901 11918 I wasm_android_host::pr..: wandr-profile: frame  27780 t+ 533921ms  win[N=60 min=15.1ms mean=16.6ms max=18.8ms] over[16ms=48 50ms=0 100ms=0 250ms=0]
05-18 11:41:56.144 11901 11918 I wasm_android_host::pr..: wandr-profile: frame  27840 t+ 534919ms  win[N=60 min=14.9ms mean=16.6ms max=18.1ms] over[16ms=57 50ms=0 100ms=0 250ms=0]
05-18 11:41:57.142 11901 11918 I wasm_android_host::pr..: wandr-profile: frame  27900 t+ 535917ms  win[N=60 min=15.0ms mean=16.6ms max=18.3ms] over[16ms=49 50ms=0 100ms=0 250ms=0]
05-18 11:41:58.157 11901 11918 I wasm_android_host::pr..: wandr-profile: frame  27960 t+ 536933ms  win[N=60 min=15.4ms mean=16.9ms max=32.8ms] over[16ms=52 50ms=0 100ms=0 250ms=0]
05-18 11:41:59.154 11901 11918 I wasm_android_host::pr..: wandr-profile: frame  28020 t+ 537930ms  win[N=60 min=14.8ms mean=16.5ms max=18.5ms] over[16ms=52 50ms=0 100ms=0 250ms=0]
05-18 11:42:00.152 11901 11918 I wasm_android_host::pr..: wandr-profile: frame  28080 t+ 538928ms  win[N=60 min=15.0ms mean=16.6ms max=19.5ms] over[16ms=50 50ms=0 100ms=0 250ms=0]
05-18 11:42:01.149 11901 11918 I wasm_android_host::pr..: wandr-profile: frame  28140 t+ 539925ms  win[N=60 min=15.2ms mean=16.6ms max=17.9ms] over[16ms=53 50ms=0 100ms=0 250ms=0]
05-18 11:42:02.147 11901 11918 I wasm_android_host::pr..: wandr-profile: frame  28200 t+ 540923ms  win[N=60 min=15.0ms mean=16.6ms max=18.6ms] over[16ms=56 50ms=0 100ms=0 250ms=0]
05-18 11:42:03.145 11901 11918 I wasm_android_host::pr..: wandr-profile: frame  28260 t+ 541921ms  win[N=60 min=15.3ms mean=16.6ms max=18.3ms] over[16ms=52 50ms=0 100ms=0 250ms=0]
05-18 11:42:04.159 11901 11918 I wasm_android_host::pr..: wandr-profile: frame  28320 t+ 542935ms  win[N=60 min=14.8ms mean=16.8ms max=34.6ms] over[16ms=52 50ms=0 100ms=0 250ms=0]
05-18 11:42:05.157 11901 11918 I wasm_android_host::pr..: wandr-profile: frame  28380 t+ 543933ms  win[N=60 min=15.2ms mean=16.6ms max=18.1ms] over[16ms=55 50ms=0 100ms=0 250ms=0]
05-18 11:42:06.155 11901 11918 I wasm_android_host::pr..: wandr-profile: frame  28440 t+ 544931ms  win[N=60 min=15.3ms mean=16.6ms max=18.4ms] over[16ms=48 50ms=0 100ms=0 250ms=0]
05-18 11:42:07.153 11901 11918 I wasm_android_host::pr..: wandr-profile: frame  28500 t+ 545929ms  win[N=60 min=15.4ms mean=16.6ms max=18.0ms] over[16ms=53 50ms=0 100ms=0 250ms=0]
05-18 11:42:08.151 11901 11918 I wasm_android_host::pr..: wandr-profile: frame  28560 t+ 546926ms  win[N=60 min=14.7ms mean=16.6ms max=18.1ms] over[16ms=49 50ms=0 100ms=0 250ms=0]
05-18 11:42:09.149 11901 11918 I wasm_android_host::pr..: wandr-profile: frame  28620 t+ 547925ms  win[N=60 min=15.0ms mean=16.6ms max=18.7ms] over[16ms=49 50ms=0 100ms=0 250ms=0]
05-18 11:42:10.163 11901 11918 I wasm_android_host::pr..: wandr-profile: frame  28680 t+ 548939ms  win[N=60 min=15.1ms mean=16.8ms max=33.2ms] over[16ms=50 50ms=0 100ms=0 250ms=0]
05-18 11:42:11.162 11901 11918 I wasm_android_host::pr..: wandr-profile: frame  28740 t+ 549937ms  win[N=60 min=14.9ms mean=16.6ms max=18.2ms] over[16ms=53 50ms=0 100ms=0 250ms=0]
05-18 11:42:12.159 11901 11918 I wasm_android_host::pr..: wandr-profile: frame  28800 t+ 550934ms  win[N=60 min=14.5ms mean=16.5ms max=18.5ms] over[16ms=45 50ms=0 100ms=0 250ms=0]
05-18 11:42:13.157 11901 11918 I wasm_android_host::pr..: wandr-profile: frame  28860 t+ 551932ms  win[N=60 min=14.7ms mean=16.6ms max=19.1ms] over[16ms=44 50ms=0 100ms=0 250ms=0]
05-18 11:42:14.155 11901 11918 I wasm_android_host::pr..: wandr-profile: frame  28920 t+ 552931ms  win[N=60 min=15.0ms mean=16.6ms max=17.8ms] over[16ms=50 50ms=0 100ms=0 250ms=0]
05-18 11:42:15.152 11901 11918 I wasm_android_host::pr..: wandr-profile: frame  28980 t+ 553928ms  win[N=60 min=14.9ms mean=16.5ms max=18.3ms] over[16ms=48 50ms=0 100ms=0 250ms=0]
05-18 11:42:16.151 11901 11918 I wasm_android_host::pr..: wandr-profile: frame  29040 t+ 554926ms  win[N=60 min=14.7ms mean=16.6ms max=18.5ms] over[16ms=46 50ms=0 100ms=0 250ms=0]
05-18 11:42:17.148 11901 11918 I wasm_android_host::pr..: wandr-profile: frame  29100 t+ 555924ms  win[N=60 min=14.7ms mean=16.6ms max=18.6ms] over[16ms=49 50ms=0 100ms=0 250ms=0]
05-18 11:42:18.146 11901 11918 I wasm_android_host::pr..: wandr-profile: frame  29160 t+ 556921ms  win[N=60 min=15.2ms mean=16.6ms max=17.9ms] over[16ms=53 50ms=0 100ms=0 250ms=0]
05-18 11:42:19.144 11901 11918 I wasm_android_host::pr..: wandr-profile: frame  29220 t+ 557919ms  win[N=60 min=15.0ms mean=16.6ms max=18.4ms] over[16ms=56 50ms=0 100ms=0 250ms=0]
05-18 11:42:20.142 11901 11918 I wasm_android_host::pr..: wandr-profile: frame  29280 t+ 558917ms  win[N=60 min=14.9ms mean=16.6ms max=18.5ms] over[16ms=40 50ms=0 100ms=0 250ms=0]
05-18 11:42:21.140 11901 11918 I wasm_android_host::pr..: wandr-profile: frame  29340 t+ 559915ms  win[N=60 min=15.1ms mean=16.6ms max=18.0ms] over[16ms=51 50ms=0 100ms=0 250ms=0]
05-18 11:42:22.138 11901 11918 I wasm_android_host::pr..: wandr-profile: frame  29400 t+ 560914ms  win[N=60 min=14.6ms mean=16.6ms max=18.2ms] over[16ms=52 50ms=0 100ms=0 250ms=0]
05-18 11:42:23.152 11901 11918 I wasm_android_host::pr..: wandr-profile: frame  29460 t+ 561928ms  win[N=60 min=14.4ms mean=16.8ms max=32.9ms] over[16ms=48 50ms=0 100ms=0 250ms=0]
05-18 11:42:24.150 11901 11918 I wasm_android_host::pr..: wandr-profile: frame  29520 t+ 562926ms  win[N=60 min=14.6ms mean=16.6ms max=18.4ms] over[16ms=47 50ms=0 100ms=0 250ms=0]
05-18 11:42:25.148 11901 11918 I wasm_android_host::pr..: wandr-profile: frame  29580 t+ 563924ms  win[N=60 min=15.2ms mean=16.6ms max=18.3ms] over[16ms=55 50ms=0 100ms=0 250ms=0]
05-18 11:42:26.162 11901 11918 I wasm_android_host::pr..: wandr-profile: frame  29640 t+ 564938ms  win[N=60 min=14.7ms mean=16.8ms max=34.2ms] over[16ms=52 50ms=0 100ms=0 250ms=0]
05-18 11:42:27.161 11901 11918 I wasm_android_host::pr..: wandr-profile: frame  29700 t+ 565937ms  win[N=60 min=14.7ms mean=16.6ms max=18.2ms] over[16ms=52 50ms=0 100ms=0 250ms=0]
05-18 11:42:28.158 11901 11918 I wasm_android_host::pr..: wandr-profile: frame  29760 t+ 566934ms  win[N=60 min=15.3ms mean=16.5ms max=18.5ms] over[16ms=56 50ms=0 100ms=0 250ms=0]
05-18 11:42:29.156 11901 11918 I wasm_android_host::pr..: wandr-profile: frame  29820 t+ 567931ms  win[N=60 min=15.2ms mean=16.6ms max=18.1ms] over[16ms=50 50ms=0 100ms=0 250ms=0]
05-18 11:42:30.171 11901 11918 I wasm_android_host::pr..: wandr-profile: frame  29880 t+ 568946ms  win[N=60 min=15.1ms mean=16.8ms max=32.3ms] over[16ms=52 50ms=0 100ms=0 250ms=0]
05-18 11:42:31.168 11901 11918 I wasm_android_host::pr..: wandr-profile: frame  29940 t+ 569944ms  win[N=60 min=14.9ms mean=16.6ms max=18.4ms] over[16ms=52 50ms=0 100ms=0 250ms=0]
05-18 11:42:32.166 11901 11918 I wasm_android_host::pr..: wandr-profile: frame  30000 t+ 570942ms  win[N=60 min=15.0ms mean=16.6ms max=18.0ms] over[16ms=50 50ms=0 100ms=0 250ms=0]
05-18 11:42:33.164 11901 11918 I wasm_android_host::pr..: wandr-profile: frame  30060 t+ 571940ms  win[N=60 min=14.9ms mean=16.6ms max=18.2ms] over[16ms=56 50ms=0 100ms=0 250ms=0]
05-18 11:42:34.162 11901 11918 I wasm_android_host::pr..: wandr-profile: frame  30120 t+ 572938ms  win[N=60 min=15.0ms mean=16.6ms max=18.5ms] over[16ms=47 50ms=0 100ms=0 250ms=0]
05-18 11:42:35.161 11901 11918 I wasm_android_host::pr..: wandr-profile: frame  30180 t+ 573937ms  win[N=60 min=15.1ms mean=16.6ms max=18.4ms] over[16ms=50 50ms=0 100ms=0 250ms=0]
05-18 11:42:36.157 11901 11918 I wasm_android_host::pr..: wandr-profile: frame  30240 t+ 574933ms  win[N=60 min=15.0ms mean=16.5ms max=17.9ms] over[16ms=51 50ms=0 100ms=0 250ms=0]
05-18 11:42:37.172 11901 11918 I wasm_android_host::pr..: wandr-profile: frame  30300 t+ 575948ms  win[N=60 min=14.9ms mean=16.8ms max=34.7ms] over[16ms=53 50ms=0 100ms=0 250ms=0]
05-18 11:42:38.170 11901 11918 I wasm_android_host::pr..: wandr-profile: frame  30360 t+ 576945ms  win[N=60 min=15.1ms mean=16.5ms max=18.3ms] over[16ms=53 50ms=0 100ms=0 250ms=0]
05-18 11:42:39.167 11901 11918 I wasm_android_host::pr..: wandr-profile: frame  30420 t+ 577943ms  win[N=60 min=14.6ms mean=16.6ms max=18.5ms] over[16ms=50 50ms=0 100ms=0 250ms=0]
05-18 11:42:40.165 11901 11918 I wasm_android_host::pr..: wandr-profile: frame  30480 t+ 578941ms  win[N=60 min=14.6ms mean=16.6ms max=18.7ms] over[16ms=44 50ms=0 100ms=0 250ms=0]
05-18 11:42:41.180 11901 11918 I wasm_android_host::pr..: wandr-profile: frame  30540 t+ 579955ms  win[N=60 min=15.2ms mean=16.8ms max=33.0ms] over[16ms=53 50ms=0 100ms=0 250ms=0]
05-18 11:42:42.177 11901 11918 I wasm_android_host::pr..: wandr-profile: frame  30600 t+ 580953ms  win[N=60 min=14.9ms mean=16.6ms max=18.4ms] over[16ms=57 50ms=0 100ms=0 250ms=0]
05-18 11:42:43.192 11901 11918 I wasm_android_host::pr..: wandr-profile: frame  30660 t+ 581968ms  win[N=60 min=15.0ms mean=16.8ms max=34.0ms] over[16ms=53 50ms=0 100ms=0 250ms=0]
05-18 11:42:44.190 11901 11918 I wasm_android_host::pr..: wandr-profile: frame  30720 t+ 582966ms  win[N=60 min=13.8ms mean=16.5ms max=19.0ms] over[16ms=51 50ms=0 100ms=0 250ms=0]
05-18 11:42:45.188 11901 11918 I wasm_android_host::pr..: wandr-profile: frame  30780 t+ 583963ms  win[N=60 min=14.5ms mean=16.6ms max=18.8ms] over[16ms=53 50ms=0 100ms=0 250ms=0]
05-18 11:42:46.185 11901 11918 I wasm_android_host::pr..: wandr-profile: frame  30840 t+ 584961ms  win[N=60 min=14.5ms mean=16.6ms max=18.9ms] over[16ms=50 50ms=0 100ms=0 250ms=0]
05-18 11:42:47.183 11901 11918 I wasm_android_host::pr..: wandr-profile: frame  30900 t+ 585959ms  win[N=60 min=14.3ms mean=16.6ms max=19.1ms] over[16ms=48 50ms=0 100ms=0 250ms=0]
05-18 11:42:48.182 11901 11918 I wasm_android_host::pr..: wandr-profile: frame  30960 t+ 586957ms  win[N=60 min=14.6ms mean=16.6ms max=18.4ms] over[16ms=54 50ms=0 100ms=0 250ms=0]
05-18 11:42:49.195 11901 11918 I wasm_android_host::pr..: wandr-profile: frame  31020 t+ 587971ms  win[N=60 min=14.7ms mean=16.8ms max=33.6ms] over[16ms=47 50ms=0 100ms=0 250ms=0]
05-18 11:42:50.193 11901 11918 I wasm_android_host::pr..: wandr-profile: frame  31080 t+ 588969ms  win[N=60 min=15.0ms mean=16.6ms max=18.2ms] over[16ms=53 50ms=0 100ms=0 250ms=0]
05-18 11:42:51.191 11901 11918 I wasm_android_host::pr..: wandr-profile: frame  31140 t+ 589967ms  win[N=60 min=14.4ms mean=16.6ms max=19.0ms] over[16ms=53 50ms=0 100ms=0 250ms=0]
05-18 11:42:52.189 11901 11918 I wasm_android_host::pr..: wandr-profile: frame  31200 t+ 590965ms  win[N=60 min=14.4ms mean=16.6ms max=18.9ms] over[16ms=55 50ms=0 100ms=0 250ms=0]
05-18 11:42:53.203 11901 11918 I wasm_android_host::pr..: wandr-profile: frame  31260 t+ 591979ms  win[N=60 min=15.5ms mean=16.8ms max=35.3ms] over[16ms=53 50ms=0 100ms=0 250ms=0]
05-18 11:42:54.201 11901 11918 I wasm_android_host::pr..: wandr-profile: frame  31320 t+ 592977ms  win[N=60 min=14.4ms mean=16.6ms max=19.1ms] over[16ms=52 50ms=0 100ms=0 250ms=0]
05-18 11:42:55.199 11901 11918 I wasm_android_host::pr..: wandr-profile: frame  31380 t+ 593974ms  win[N=60 min=15.3ms mean=16.6ms max=18.0ms] over[16ms=51 50ms=0 100ms=0 250ms=0]
05-18 11:42:56.196 11901 11918 I wasm_android_host::pr..: wandr-profile: frame  31440 t+ 594972ms  win[N=60 min=15.2ms mean=16.6ms max=18.1ms] over[16ms=52 50ms=0 100ms=0 250ms=0]
05-18 11:42:57.194 11901 11918 I wasm_android_host::pr..: wandr-profile: frame  31500 t+ 595970ms  win[N=60 min=14.6ms mean=16.6ms max=18.8ms] over[16ms=57 50ms=0 100ms=0 250ms=0]
05-18 11:42:58.192 11901 11918 I wasm_android_host::pr..: wandr-profile: frame  31560 t+ 596968ms  win[N=60 min=14.7ms mean=16.6ms max=18.7ms] over[16ms=53 50ms=0 100ms=0 250ms=0]
05-18 11:42:59.190 11901 11918 I wasm_android_host::pr..: wandr-profile: frame  31620 t+ 597966ms  win[N=60 min=14.3ms mean=16.6ms max=18.8ms] over[16ms=53 50ms=0 100ms=0 250ms=0]
05-18 11:43:00.188 11901 11918 I wasm_android_host::pr..: wandr-profile: frame  31680 t+ 598964ms  win[N=60 min=13.5ms mean=16.6ms max=20.0ms] over[16ms=54 50ms=0 100ms=0 250ms=0]
05-18 11:43:01.185 11901 11918 I wasm_android_host::pr..: wandr-profile: frame  31740 t+ 599961ms  win[N=60 min=14.8ms mean=16.6ms max=19.2ms] over[16ms=49 50ms=0 100ms=0 250ms=0]
05-18 11:43:02.183 11901 11918 I wasm_android_host::pr..: wandr-profile: frame  31800 t+ 600959ms  win[N=60 min=15.4ms mean=16.6ms max=18.3ms] over[16ms=57 50ms=0 100ms=0 250ms=0]
05-18 11:43:03.181 11901 11918 I wasm_android_host::pr..: wandr-profile: frame  31860 t+ 601957ms  win[N=60 min=14.6ms mean=16.6ms max=18.6ms] over[16ms=51 50ms=0 100ms=0 250ms=0]
05-18 11:43:04.196 11901 11918 I wasm_android_host::pr..: wandr-profile: frame  31920 t+ 602971ms  win[N=60 min=13.9ms mean=16.8ms max=33.3ms] over[16ms=54 50ms=0 100ms=0 250ms=0]
05-18 11:43:05.210 11901 11918 I wasm_android_host::pr..: wandr-profile: frame  31980 t+ 603986ms  win[N=60 min=14.5ms mean=16.8ms max=34.5ms] over[16ms=53 50ms=0 100ms=0 250ms=0]
05-18 11:43:06.208 11901 11918 I wasm_android_host::pr..: wandr-profile: frame  32040 t+ 604984ms  win[N=60 min=14.3ms mean=16.6ms max=18.8ms] over[16ms=53 50ms=0 100ms=0 250ms=0]
05-18 11:43:07.222 11901 11918 I wasm_android_host::pr..: wandr-profile: frame  32100 t+ 605998ms  win[N=60 min=15.1ms mean=16.8ms max=33.0ms] over[16ms=53 50ms=0 100ms=0 250ms=0]
05-18 11:43:08.237 11901 11918 I wasm_android_host::pr..: wandr-profile: frame  32160 t+ 607013ms  win[N=60 min=15.0ms mean=16.8ms max=34.0ms] over[16ms=52 50ms=0 100ms=0 250ms=0]
05-18 11:43:09.235 11901 11918 I wasm_android_host::pr..: wandr-profile: frame  32220 t+ 608010ms  win[N=60 min=14.7ms mean=16.6ms max=18.5ms] over[16ms=54 50ms=0 100ms=0 250ms=0]
05-18 11:43:10.232 11901 11918 I wasm_android_host::pr..: wandr-profile: frame  32280 t+ 609008ms  win[N=60 min=14.8ms mean=16.6ms max=18.4ms] over[16ms=53 50ms=0 100ms=0 250ms=0]
05-18 11:43:11.231 11901 11918 I wasm_android_host::pr..: wandr-profile: frame  32340 t+ 610006ms  win[N=60 min=14.8ms mean=16.6ms max=18.5ms] over[16ms=55 50ms=0 100ms=0 250ms=0]
05-18 11:43:12.228 11901 11918 I wasm_android_host::pr..: wandr-profile: frame  32400 t+ 611004ms  win[N=60 min=14.8ms mean=16.6ms max=18.7ms] over[16ms=53 50ms=0 100ms=0 250ms=0]
05-18 11:43:13.226 11901 11918 I wasm_android_host::pr..: wandr-profile: frame  32460 t+ 612001ms  win[N=60 min=15.3ms mean=16.6ms max=18.3ms] over[16ms=55 50ms=0 100ms=0 250ms=0]
05-18 11:43:14.224 11901 11918 I wasm_android_host::pr..: wandr-profile: frame  32520 t+ 613000ms  win[N=60 min=14.6ms mean=16.6ms max=19.0ms] over[16ms=56 50ms=0 100ms=0 250ms=0]
05-18 11:43:15.238 11901 11918 I wasm_android_host::pr..: wandr-profile: frame  32580 t+ 614014ms  win[N=60 min=14.4ms mean=16.8ms max=33.6ms] over[16ms=51 50ms=0 100ms=0 250ms=0]
05-18 11:43:16.236 11901 11918 I wasm_android_host::pr..: wandr-profile: frame  32640 t+ 615012ms  win[N=60 min=15.1ms mean=16.6ms max=18.2ms] over[16ms=54 50ms=0 100ms=0 250ms=0]
05-18 11:43:17.234 11901 11918 I wasm_android_host::pr..: wandr-profile: frame  32700 t+ 616010ms  win[N=60 min=14.6ms mean=16.6ms max=18.7ms] over[16ms=55 50ms=0 100ms=0 250ms=0]
05-18 11:43:18.248 11901 11918 I wasm_android_host::pr..: wandr-profile: frame  32760 t+ 617024ms  win[N=60 min=14.5ms mean=16.8ms max=32.6ms] over[16ms=49 50ms=0 100ms=0 250ms=0]
05-18 11:43:19.246 11901 11918 I wasm_android_host::pr..: wandr-profile: frame  32820 t+ 618021ms  win[N=60 min=14.7ms mean=16.5ms max=18.6ms] over[16ms=56 50ms=0 100ms=0 250ms=0]
05-18 11:43:20.244 11901 11918 I wasm_android_host::pr..: wandr-profile: frame  32880 t+ 619019ms  win[N=60 min=14.0ms mean=16.6ms max=19.6ms] over[16ms=48 50ms=0 100ms=0 250ms=0]
05-18 11:43:21.242 11901 11918 I wasm_android_host::pr..: wandr-profile: frame  32940 t+ 620017ms  win[N=60 min=14.5ms mean=16.6ms max=18.7ms] over[16ms=54 50ms=0 100ms=0 250ms=0]
05-18 11:43:22.256 11901 11918 I wasm_android_host::pr..: wandr-profile: frame  33000 t+ 621032ms  win[N=60 min=11.8ms mean=16.8ms max=35.6ms] over[16ms=56 50ms=0 100ms=0 250ms=0]
05-18 11:43:23.254 11901 11918 I wasm_android_host::pr..: wandr-profile: frame  33060 t+ 622030ms  win[N=60 min=16.0ms mean=16.6ms max=17.9ms] over[16ms=59 50ms=0 100ms=0 250ms=0]
05-18 11:43:24.252 11901 11918 I wasm_android_host::pr..: wandr-profile: frame  33120 t+ 623028ms  win[N=60 min=13.0ms mean=16.6ms max=20.1ms] over[16ms=51 50ms=0 100ms=0 250ms=0]
05-18 11:43:25.250 11901 11918 I wasm_android_host::pr..: wandr-profile: frame  33180 t+ 624025ms  win[N=60 min=15.1ms mean=16.6ms max=18.2ms] over[16ms=49 50ms=0 100ms=0 250ms=0]
05-18 11:43:26.247 11901 11918 I wasm_android_host::pr..: wandr-profile: frame  33240 t+ 625023ms  win[N=60 min=14.7ms mean=16.6ms max=18.3ms] over[16ms=55 50ms=0 100ms=0 250ms=0]
05-18 11:43:27.245 11901 11918 I wasm_android_host::pr..: wandr-profile: frame  33300 t+ 626021ms  win[N=60 min=15.0ms mean=16.6ms max=18.1ms] over[16ms=58 50ms=0 100ms=0 250ms=0]
05-18 11:43:28.243 11901 11918 I wasm_android_host::pr..: wandr-profile: frame  33360 t+ 627019ms  win[N=60 min=14.5ms mean=16.6ms max=18.9ms] over[16ms=50 50ms=0 100ms=0 250ms=0]
05-18 11:43:29.240 11901 11918 I wasm_android_host::pr..: wandr-profile: frame  33420 t+ 628016ms  win[N=60 min=14.6ms mean=16.5ms max=18.4ms] over[16ms=56 50ms=0 100ms=0 250ms=0]
05-18 11:43:30.255 11901 11918 I wasm_android_host::pr..: wandr-profile: frame  33480 t+ 629031ms  win[N=60 min=14.9ms mean=16.8ms max=33.1ms] over[16ms=54 50ms=0 100ms=0 250ms=0]
05-18 11:43:31.254 11901 11918 I wasm_android_host::pr..: wandr-profile: frame  33540 t+ 630030ms  win[N=60 min=14.8ms mean=16.6ms max=18.5ms] over[16ms=50 50ms=0 100ms=0 250ms=0]
05-18 11:43:32.251 11901 11918 I wasm_android_host::pr..: wandr-profile: frame  33600 t+ 631027ms  win[N=60 min=14.7ms mean=16.5ms max=18.3ms] over[16ms=58 50ms=0 100ms=0 250ms=0]
05-18 11:43:33.248 11901 11918 I wasm_android_host::pr..: wandr-profile: frame  33660 t+ 632024ms  win[N=60 min=13.6ms mean=16.6ms max=19.9ms] over[16ms=49 50ms=0 100ms=0 250ms=0]
05-18 11:43:34.246 11901 11918 I wasm_android_host::pr..: wandr-profile: frame  33720 t+ 633022ms  win[N=60 min=15.4ms mean=16.6ms max=18.1ms] over[16ms=54 50ms=0 100ms=0 250ms=0]
05-18 11:43:35.244 11901 11918 I wasm_android_host::pr..: wandr-profile: frame  33780 t+ 634020ms  win[N=60 min=14.0ms mean=16.6ms max=19.8ms] over[16ms=55 50ms=0 100ms=0 250ms=0]
05-18 11:43:36.242 11901 11918 I wasm_android_host::pr..: wandr-profile: frame  33840 t+ 635018ms  win[N=60 min=14.9ms mean=16.6ms max=18.7ms] over[16ms=48 50ms=0 100ms=0 250ms=0]
05-18 11:43:37.258 11901 11918 I wasm_android_host::pr..: wandr-profile: frame  33900 t+ 636034ms  win[N=60 min=15.1ms mean=16.9ms max=34.0ms] over[16ms=54 50ms=0 100ms=0 250ms=0]
05-18 11:43:38.255 11901 11918 I wasm_android_host::pr..: wandr-profile: frame  33960 t+ 637031ms  win[N=60 min=14.6ms mean=16.5ms max=19.1ms] over[16ms=57 50ms=0 100ms=0 250ms=0]
05-18 11:43:39.252 11901 11918 I wasm_android_host::pr..: wandr-profile: frame  34020 t+ 638028ms  win[N=60 min=14.2ms mean=16.5ms max=18.9ms] over[16ms=51 50ms=0 100ms=0 250ms=0]
05-18 11:43:40.250 11901 11918 I wasm_android_host::pr..: wandr-profile: frame  34080 t+ 639025ms  win[N=60 min=14.7ms mean=16.5ms max=18.5ms] over[16ms=49 50ms=0 100ms=0 250ms=0]
05-18 11:43:41.247 11901 11918 I wasm_android_host::pr..: wandr-profile: frame  34140 t+ 640023ms  win[N=60 min=14.0ms mean=16.6ms max=18.8ms] over[16ms=54 50ms=0 100ms=0 250ms=0]
05-18 11:43:42.245 11901 11918 I wasm_android_host::pr..: wandr-profile: frame  34200 t+ 641021ms  win[N=60 min=14.4ms mean=16.6ms max=19.0ms] over[16ms=50 50ms=0 100ms=0 250ms=0]
05-18 11:43:43.243 11901 11918 I wasm_android_host::pr..: wandr-profile: frame  34260 t+ 642019ms  win[N=60 min=14.6ms mean=16.6ms max=18.4ms] over[16ms=53 50ms=0 100ms=0 250ms=0]
05-18 11:43:44.241 11901 11918 I wasm_android_host::pr..: wandr-profile: frame  34320 t+ 643017ms  win[N=60 min=14.7ms mean=16.6ms max=18.8ms] over[16ms=52 50ms=0 100ms=0 250ms=0]
05-18 11:43:45.255 11901 11918 I wasm_android_host::pr..: wandr-profile: frame  34380 t+ 644031ms  win[N=60 min=12.6ms mean=16.8ms max=33.1ms] over[16ms=50 50ms=0 100ms=0 250ms=0]
05-18 11:43:46.253 11901 11918 I wasm_android_host::pr..: wandr-profile: frame  34440 t+ 645029ms  win[N=60 min=14.4ms mean=16.6ms max=19.1ms] over[16ms=57 50ms=0 100ms=0 250ms=0]
05-18 11:43:47.251 11901 11918 I wasm_android_host::pr..: wandr-profile: frame  34500 t+ 646027ms  win[N=60 min=14.1ms mean=16.6ms max=19.0ms] over[16ms=56 50ms=0 100ms=0 250ms=0]
05-18 11:43:48.249 11901 11918 I wasm_android_host::pr..: wandr-profile: frame  34560 t+ 647025ms  win[N=60 min=14.7ms mean=16.6ms max=18.6ms] over[16ms=53 50ms=0 100ms=0 250ms=0]
05-18 11:43:49.247 11901 11918 I wasm_android_host::pr..: wandr-profile: frame  34620 t+ 648022ms  win[N=60 min=15.2ms mean=16.5ms max=18.1ms] over[16ms=55 50ms=0 100ms=0 250ms=0]
05-18 11:43:50.244 11901 11918 I wasm_android_host::pr..: wandr-profile: frame  34680 t+ 649020ms  win[N=60 min=14.4ms mean=16.6ms max=18.9ms] over[16ms=52 50ms=0 100ms=0 250ms=0]
05-18 11:43:51.259 11901 11918 I wasm_android_host::pr..: wandr-profile: frame  34740 t+ 650035ms  win[N=60 min=14.0ms mean=16.8ms max=34.1ms] over[16ms=54 50ms=0 100ms=0 250ms=0]
05-18 11:43:52.257 11901 11918 I wasm_android_host::pr..: wandr-profile: frame  34800 t+ 651033ms  win[N=60 min=14.1ms mean=16.6ms max=18.7ms] over[16ms=59 50ms=0 100ms=0 250ms=0]
05-18 11:43:53.255 11901 11918 I wasm_android_host::pr..: wandr-profile: frame  34860 t+ 652031ms  win[N=60 min=14.2ms mean=16.6ms max=19.3ms] over[16ms=53 50ms=0 100ms=0 250ms=0]
05-18 11:43:54.253 11901 11918 I wasm_android_host::pr..: wandr-profile: frame  34920 t+ 653028ms  win[N=60 min=15.0ms mean=16.5ms max=18.4ms] over[16ms=53 50ms=0 100ms=0 250ms=0]
05-18 11:43:55.251 11901 11918 I wasm_android_host::pr..: wandr-profile: frame  34980 t+ 654026ms  win[N=60 min=14.7ms mean=16.6ms max=18.6ms] over[16ms=53 50ms=0 100ms=0 250ms=0]
05-18 11:43:56.248 11901 11918 I wasm_android_host::pr..: wandr-profile: frame  35040 t+ 655024ms  win[N=60 min=14.4ms mean=16.6ms max=18.7ms] over[16ms=52 50ms=0 100ms=0 250ms=0]
05-18 11:43:57.263 11901 11918 I wasm_android_host::pr..: wandr-profile: frame  35100 t+ 656038ms  win[N=60 min=14.7ms mean=16.8ms max=33.0ms] over[16ms=55 50ms=0 100ms=0 250ms=0]
05-18 11:43:58.261 11901 11918 I wasm_android_host::pr..: wandr-profile: frame  35160 t+ 657036ms  win[N=60 min=15.9ms mean=16.6ms max=17.6ms] over[16ms=58 50ms=0 100ms=0 250ms=0]
05-18 11:43:59.261 11901 11918 I wasm_android_host::pr..: wandr-profile: frame  35220 t+ 658036ms  win[N=60 min=14.7ms mean=16.6ms max=18.6ms] over[16ms=55 50ms=0 100ms=0 250ms=0]
05-18 11:44:00.258 11901 11918 I wasm_android_host::pr..: wandr-profile: frame  35280 t+ 659034ms  win[N=60 min=14.5ms mean=16.5ms max=18.5ms] over[16ms=56 50ms=0 100ms=0 250ms=0]
05-18 11:44:01.254 11901 11918 I wasm_android_host::pr..: wandr-profile: frame  35340 t+ 660030ms  win[N=60 min=14.6ms mean=16.5ms max=18.1ms] over[16ms=54 50ms=0 100ms=0 250ms=0]
05-18 11:44:02.269 11901 11918 I wasm_android_host::pr..: wandr-profile: frame  35400 t+ 661045ms  win[N=60 min=12.9ms mean=16.8ms max=35.9ms] over[16ms=52 50ms=0 100ms=0 250ms=0]
05-18 11:44:03.266 11901 11918 I wasm_android_host::pr..: wandr-profile: frame  35460 t+ 662042ms  win[N=60 min=14.5ms mean=16.5ms max=17.9ms] over[16ms=57 50ms=0 100ms=0 250ms=0]
05-18 11:44:04.264 11901 11918 I wasm_android_host::pr..: wandr-profile: frame  35520 t+ 663040ms  win[N=60 min=14.7ms mean=16.6ms max=18.5ms] over[16ms=54 50ms=0 100ms=0 250ms=0]
05-18 11:44:05.262 11901 11918 I wasm_android_host::pr..: wandr-profile: frame  35580 t+ 664038ms  win[N=60 min=14.6ms mean=16.6ms max=18.3ms] over[16ms=53 50ms=0 100ms=0 250ms=0]
05-18 11:44:06.260 11901 11918 I wasm_android_host::pr..: wandr-profile: frame  35640 t+ 665035ms  win[N=60 min=14.6ms mean=16.6ms max=18.9ms] over[16ms=52 50ms=0 100ms=0 250ms=0]
05-18 11:44:07.259 11901 11918 I wasm_android_host::pr..: wandr-profile: frame  35700 t+ 666034ms  win[N=60 min=14.5ms mean=16.6ms max=18.8ms] over[16ms=48 50ms=0 100ms=0 250ms=0]
05-18 11:44:08.272 11901 11918 I wasm_android_host::pr..: wandr-profile: frame  35760 t+ 667048ms  win[N=60 min=14.6ms mean=16.8ms max=34.7ms] over[16ms=54 50ms=0 100ms=0 250ms=0]
05-18 11:44:09.287 11901 11918 I wasm_android_host::pr..: wandr-profile: frame  35820 t+ 668063ms  win[N=60 min=15.4ms mean=16.8ms max=32.6ms] over[16ms=57 50ms=0 100ms=0 250ms=0]
05-18 11:44:10.284 11901 11918 I wasm_android_host::pr..: wandr-profile: frame  35880 t+ 669060ms  win[N=60 min=14.7ms mean=16.5ms max=18.8ms] over[16ms=51 50ms=0 100ms=0 250ms=0]
05-18 11:44:11.299 11901 11918 I wasm_android_host::pr..: wandr-profile: frame  35940 t+ 670075ms  win[N=60 min=14.5ms mean=16.8ms max=34.8ms] over[16ms=53 50ms=0 100ms=0 250ms=0]
05-18 11:44:12.297 11901 11918 I wasm_android_host::pr..: wandr-profile: frame  36000 t+ 671073ms  win[N=60 min=15.8ms mean=16.6ms max=17.7ms] over[16ms=58 50ms=0 100ms=0 250ms=0]
05-18 11:44:13.311 11901 11918 I wasm_android_host::pr..: wandr-profile: frame  36060 t+ 672087ms  win[N=60 min=14.5ms mean=16.8ms max=34.1ms] over[16ms=56 50ms=0 100ms=0 250ms=0]
05-18 11:44:14.309 11901 11918 I wasm_android_host::pr..: wandr-profile: frame  36120 t+ 673085ms  win[N=60 min=14.7ms mean=16.6ms max=18.6ms] over[16ms=55 50ms=0 100ms=0 250ms=0]
05-18 11:44:15.307 11901 11918 I wasm_android_host::pr..: wandr-profile: frame  36180 t+ 674083ms  win[N=60 min=14.3ms mean=16.6ms max=18.9ms] over[16ms=59 50ms=0 100ms=0 250ms=0]
05-18 11:44:16.322 11901 11918 I wasm_android_host::pr..: wandr-profile: frame  36240 t+ 675098ms  win[N=60 min=14.5ms mean=16.8ms max=32.8ms] over[16ms=53 50ms=0 100ms=0 250ms=0]
05-18 11:44:17.336 11901 11918 I wasm_android_host::pr..: wandr-profile: frame  36300 t+ 676112ms  win[N=60 min=14.5ms mean=16.8ms max=34.5ms] over[16ms=51 50ms=0 100ms=0 250ms=0]
05-18 11:44:18.334 11901 11918 I wasm_android_host::pr..: wandr-profile: frame  36360 t+ 677110ms  win[N=60 min=13.8ms mean=16.6ms max=18.8ms] over[16ms=54 50ms=0 100ms=0 250ms=0]
05-18 11:44:19.332 11901 11918 I wasm_android_host::pr..: wandr-profile: frame  36420 t+ 678108ms  win[N=60 min=14.5ms mean=16.6ms max=18.7ms] over[16ms=51 50ms=0 100ms=0 250ms=0]
05-18 11:44:20.330 11901 11918 I wasm_android_host::pr..: wandr-profile: frame  36480 t+ 679106ms  win[N=60 min=13.1ms mean=16.6ms max=20.0ms] over[16ms=56 50ms=0 100ms=0 250ms=0]
05-18 11:44:21.328 11901 11918 I wasm_android_host::pr..: wandr-profile: frame  36540 t+ 680104ms  win[N=60 min=14.7ms mean=16.6ms max=18.8ms] over[16ms=52 50ms=0 100ms=0 250ms=0]
05-18 11:44:22.325 11901 11918 I wasm_android_host::pr..: wandr-profile: frame  36600 t+ 681101ms  win[N=60 min=16.0ms mean=16.5ms max=17.2ms] over[16ms=60 50ms=0 100ms=0 250ms=0]
05-18 11:44:23.323 11901 11918 I wasm_android_host::pr..: wandr-profile: frame  36660 t+ 682099ms  win[N=60 min=14.7ms mean=16.6ms max=18.8ms] over[16ms=57 50ms=0 100ms=0 250ms=0]
05-18 11:44:24.321 11901 11918 I wasm_android_host::pr..: wandr-profile: frame  36720 t+ 683097ms  win[N=60 min=14.7ms mean=16.6ms max=19.0ms] over[16ms=55 50ms=0 100ms=0 250ms=0]
05-18 11:44:25.321 11901 11918 I wasm_android_host::pr..: wandr-profile: frame  36780 t+ 684096ms  win[N=60 min=14.8ms mean=16.6ms max=19.0ms] over[16ms=54 50ms=0 100ms=0 250ms=0]
05-18 11:44:26.318 11901 11918 I wasm_android_host::pr..: wandr-profile: frame  36840 t+ 685094ms  win[N=60 min=14.1ms mean=16.5ms max=18.9ms] over[16ms=54 50ms=0 100ms=0 250ms=0]
05-18 11:44:27.315 11901 11918 I wasm_android_host::pr..: wandr-profile: frame  36900 t+ 686091ms  win[N=60 min=14.3ms mean=16.5ms max=19.0ms] over[16ms=51 50ms=0 100ms=0 250ms=0]
05-18 11:44:28.313 11901 11918 I wasm_android_host::pr..: wandr-profile: frame  36960 t+ 687089ms  win[N=60 min=14.6ms mean=16.6ms max=18.4ms] over[16ms=51 50ms=0 100ms=0 250ms=0]
05-18 11:44:29.310 11901 11918 I wasm_android_host::pr..: wandr-profile: frame  37020 t+ 688086ms  win[N=60 min=14.4ms mean=16.5ms max=18.8ms] over[16ms=52 50ms=0 100ms=0 250ms=0]
05-18 11:44:30.325 11901 11918 I wasm_android_host::pr..: wandr-profile: frame  37080 t+ 689101ms  win[N=60 min=14.3ms mean=16.8ms max=33.2ms] over[16ms=53 50ms=0 100ms=0 250ms=0]
05-18 11:44:31.323 11901 11918 I wasm_android_host::pr..: wandr-profile: frame  37140 t+ 690098ms  win[N=60 min=15.4ms mean=16.6ms max=18.3ms] over[16ms=55 50ms=0 100ms=0 250ms=0]
05-18 11:44:32.320 11901 11918 I wasm_android_host::pr..: wandr-profile: frame  37200 t+ 691096ms  win[N=60 min=14.3ms mean=16.6ms max=19.1ms] over[16ms=56 50ms=0 100ms=0 250ms=0]
05-18 11:44:33.321 11901 11918 I wasm_android_host::pr..: wandr-profile: frame  37260 t+ 692096ms  win[N=60 min=14.5ms mean=16.6ms max=18.9ms] over[16ms=53 50ms=0 100ms=0 250ms=0]
05-18 11:44:34.316 11901 11918 I wasm_android_host::pr..: wandr-profile: frame  37320 t+ 693092ms  win[N=60 min=14.1ms mean=16.5ms max=19.2ms] over[16ms=52 50ms=0 100ms=0 250ms=0]
05-18 11:44:35.314 11901 11918 I wasm_android_host::pr..: wandr-profile: frame  37380 t+ 694090ms  win[N=60 min=14.8ms mean=16.6ms max=18.5ms] over[16ms=57 50ms=0 100ms=0 250ms=0]
05-18 11:44:36.331 11901 11918 I wasm_android_host::pr..: wandr-profile: frame  37440 t+ 695107ms  win[N=60 min=14.7ms mean=16.9ms max=34.5ms] over[16ms=50 50ms=0 100ms=0 250ms=0]
05-18 11:44:37.327 11901 11918 I wasm_android_host::pr..: wandr-profile: frame  37500 t+ 696103ms  win[N=60 min=14.4ms mean=16.5ms max=17.8ms] over[16ms=55 50ms=0 100ms=0 250ms=0]
05-18 11:44:38.322 11901 11918 I wasm_android_host::pr..: wandr-profile: frame  37560 t+ 697098ms  win[N=60 min=14.7ms mean=16.5ms max=18.9ms] over[16ms=52 50ms=0 100ms=0 250ms=0]
05-18 11:44:39.322 11901 11918 I wasm_android_host::pr..: wandr-profile: frame  37620 t+ 698098ms  win[N=60 min=14.3ms mean=16.6ms max=19.0ms] over[16ms=52 50ms=0 100ms=0 250ms=0]
05-18 11:44:40.320 11901 11918 I wasm_android_host::pr..: wandr-profile: frame  37680 t+ 699096ms  win[N=60 min=15.1ms mean=16.6ms max=18.1ms] over[16ms=54 50ms=0 100ms=0 250ms=0]
05-18 11:44:41.318 11901 11918 I wasm_android_host::pr..: wandr-profile: frame  37740 t+ 700094ms  win[N=60 min=14.3ms mean=16.6ms max=18.7ms] over[16ms=54 50ms=0 100ms=0 250ms=0]
05-18 11:44:42.315 11901 11918 I wasm_android_host::pr..: wandr-profile: frame  37800 t+ 701091ms  win[N=60 min=14.9ms mean=16.5ms max=19.0ms] over[16ms=49 50ms=0 100ms=0 250ms=0]
05-18 11:44:43.312 11901 11918 I wasm_android_host::pr..: wandr-profile: frame  37860 t+ 702088ms  win[N=60 min=14.0ms mean=16.5ms max=19.1ms] over[16ms=54 50ms=0 100ms=0 250ms=0]
05-18 11:44:44.312 11901 11918 I wasm_android_host::pr..: wandr-profile: frame  37920 t+ 703088ms  win[N=60 min=15.0ms mean=16.6ms max=18.5ms] over[16ms=56 50ms=0 100ms=0 250ms=0]
05-18 11:44:45.309 11901 11918 I wasm_android_host::pr..: wandr-profile: frame  37980 t+ 704085ms  win[N=60 min=15.0ms mean=16.6ms max=18.3ms] over[16ms=54 50ms=0 100ms=0 250ms=0]
05-18 11:44:46.307 11901 11918 I wasm_android_host::pr..: wandr-profile: frame  38040 t+ 705083ms  win[N=60 min=14.4ms mean=16.6ms max=19.5ms] over[16ms=57 50ms=0 100ms=0 250ms=0]
05-18 11:44:47.305 11901 11918 I wasm_android_host::pr..: wandr-profile: frame  38100 t+ 706081ms  win[N=60 min=14.9ms mean=16.6ms max=18.6ms] over[16ms=52 50ms=0 100ms=0 250ms=0]
05-18 11:44:48.303 11901 11918 I wasm_android_host::pr..: wandr-profile: frame  38160 t+ 707079ms  win[N=60 min=14.9ms mean=16.6ms max=19.0ms] over[16ms=52 50ms=0 100ms=0 250ms=0]
05-18 11:44:49.299 11901 11918 I wasm_android_host::pr..: wandr-profile: frame  38220 t+ 708075ms  win[N=60 min=15.4ms mean=16.5ms max=17.4ms] over[16ms=57 50ms=0 100ms=0 250ms=0]
05-18 11:44:50.299 11901 11918 I wasm_android_host::pr..: wandr-profile: frame  38280 t+ 709074ms  win[N=60 min=14.3ms mean=16.6ms max=18.9ms] over[16ms=51 50ms=0 100ms=0 250ms=0]
05-18 11:44:51.296 11901 11918 I wasm_android_host::pr..: wandr-profile: frame  38340 t+ 710072ms  win[N=60 min=14.6ms mean=16.6ms max=18.4ms] over[16ms=53 50ms=0 100ms=0 250ms=0]
05-18 11:44:52.295 11901 11918 I wasm_android_host::pr..: wandr-profile: frame  38400 t+ 711071ms  win[N=60 min=14.7ms mean=16.6ms max=18.7ms] over[16ms=52 50ms=0 100ms=0 250ms=0]
05-18 11:44:53.292 11901 11918 I wasm_android_host::pr..: wandr-profile: frame  38460 t+ 712068ms  win[N=60 min=14.3ms mean=16.5ms max=18.8ms] over[16ms=55 50ms=0 100ms=0 250ms=0]
05-18 11:44:54.306 11901 11918 I wasm_android_host::pr..: wandr-profile: frame  38520 t+ 713081ms  win[N=60 min=14.0ms mean=16.8ms max=34.5ms] over[16ms=54 50ms=0 100ms=0 250ms=0]
05-18 11:44:55.304 11901 11918 I wasm_android_host::pr..: wandr-profile: frame  38580 t+ 714080ms  win[N=60 min=14.4ms mean=16.6ms max=18.7ms] over[16ms=56 50ms=0 100ms=0 250ms=0]
05-18 11:44:56.319 11901 11918 I wasm_android_host::pr..: wandr-profile: frame  38640 t+ 715094ms  win[N=60 min=12.7ms mean=16.8ms max=32.7ms] over[16ms=47 50ms=0 100ms=0 250ms=0]
05-18 11:44:57.335 11901 11918 I wasm_android_host::pr..: wandr-profile: frame  38700 t+ 716111ms  win[N=60 min=14.2ms mean=16.9ms max=34.6ms] over[16ms=52 50ms=0 100ms=0 250ms=0]
05-18 11:44:58.331 11901 11918 I wasm_android_host::pr..: wandr-profile: frame  38760 t+ 717107ms  win[N=60 min=13.3ms mean=16.5ms max=19.1ms] over[16ms=55 50ms=0 100ms=0 250ms=0]
05-18 11:44:59.345 11901 11918 I wasm_android_host::pr..: wandr-profile: frame  38820 t+ 718121ms  win[N=60 min=10.6ms mean=16.8ms max=35.5ms] over[16ms=52 50ms=0 100ms=0 250ms=0]
05-18 11:45:00.360 11901 11918 I wasm_android_host::pr..: wandr-profile: frame  38880 t+ 719135ms  win[N=60 min=14.1ms mean=16.8ms max=34.6ms] over[16ms=49 50ms=0 100ms=0 250ms=0]
05-18 11:45:01.357 11901 11918 I wasm_android_host::pr..: wandr-profile: frame  38940 t+ 720133ms  win[N=60 min=14.4ms mean=16.6ms max=18.7ms] over[16ms=53 50ms=0 100ms=0 250ms=0]
05-18 11:45:02.355 11901 11918 I wasm_android_host::pr..: wandr-profile: frame  39000 t+ 721131ms  win[N=60 min=14.1ms mean=16.6ms max=18.5ms] over[16ms=50 50ms=0 100ms=0 250ms=0]
05-18 11:45:03.353 11901 11918 I wasm_android_host::pr..: wandr-profile: frame  39060 t+ 722129ms  win[N=60 min=14.5ms mean=16.6ms max=18.3ms] over[16ms=54 50ms=0 100ms=0 250ms=0]
05-18 11:45:04.352 11901 11918 I wasm_android_host::pr..: wandr-profile: frame  39120 t+ 723128ms  win[N=60 min=13.9ms mean=16.6ms max=18.6ms] over[16ms=52 50ms=0 100ms=0 250ms=0]
05-18 11:45:05.349 11901 11918 I wasm_android_host::pr..: wandr-profile: frame  39180 t+ 724124ms  win[N=60 min=14.2ms mean=16.5ms max=18.8ms] over[16ms=55 50ms=0 100ms=0 250ms=0]
05-18 11:45:06.347 11901 11918 I wasm_android_host::pr..: wandr-profile: frame  39240 t+ 725122ms  win[N=60 min=15.7ms mean=16.6ms max=17.4ms] over[16ms=58 50ms=0 100ms=0 250ms=0]
05-18 11:45:07.344 11901 11918 I wasm_android_host::pr..: wandr-profile: frame  39300 t+ 726120ms  win[N=60 min=14.4ms mean=16.5ms max=18.7ms] over[16ms=59 50ms=0 100ms=0 250ms=0]
05-18 11:45:08.361 11901 11918 I wasm_android_host::pr..: wandr-profile: frame  39360 t+ 727136ms  win[N=60 min=14.8ms mean=16.9ms max=35.0ms] over[16ms=54 50ms=0 100ms=0 250ms=0]
05-18 11:45:09.357 11901 11918 I wasm_android_host::pr..: wandr-profile: frame  39420 t+ 728133ms  win[N=60 min=14.4ms mean=16.5ms max=18.6ms] over[16ms=53 50ms=0 100ms=0 250ms=0]
05-18 11:45:10.354 11901 11918 I wasm_android_host::pr..: wandr-profile: frame  39480 t+ 729130ms  win[N=60 min=14.6ms mean=16.6ms max=19.2ms] over[16ms=50 50ms=0 100ms=0 250ms=0]
05-18 11:45:11.353 11901 11918 I wasm_android_host::pr..: wandr-profile: frame  39540 t+ 730128ms  win[N=60 min=14.2ms mean=16.6ms max=18.5ms] over[16ms=53 50ms=0 100ms=0 250ms=0]
05-18 11:45:12.350 11901 11918 I wasm_android_host::pr..: wandr-profile: frame  39600 t+ 731126ms  win[N=60 min=14.6ms mean=16.6ms max=18.6ms] over[16ms=57 50ms=0 100ms=0 250ms=0]
05-18 11:45:13.348 11901 11918 I wasm_android_host::pr..: wandr-profile: frame  39660 t+ 732124ms  win[N=60 min=14.5ms mean=16.6ms max=18.4ms] over[16ms=55 50ms=0 100ms=0 250ms=0]
05-18 11:45:14.362 11901 11918 I wasm_android_host::pr..: wandr-profile: frame  39720 t+ 733138ms  win[N=60 min=14.8ms mean=16.8ms max=35.3ms] over[16ms=53 50ms=0 100ms=0 250ms=0]
05-18 11:45:15.360 11901 11918 I wasm_android_host::pr..: wandr-profile: frame  39780 t+ 734136ms  win[N=60 min=14.8ms mean=16.6ms max=17.9ms] over[16ms=54 50ms=0 100ms=0 250ms=0]
05-18 11:45:16.358 11901 11918 I wasm_android_host::pr..: wandr-profile: frame  39840 t+ 735134ms  win[N=60 min=14.9ms mean=16.6ms max=18.2ms] over[16ms=55 50ms=0 100ms=0 250ms=0]
05-18 11:45:17.374 11901 11918 I wasm_android_host::pr..: wandr-profile: frame  39900 t+ 736150ms  win[N=60 min=14.6ms mean=16.9ms max=35.2ms] over[16ms=55 50ms=0 100ms=0 250ms=0]
05-18 11:45:18.371 11901 11918 I wasm_android_host::pr..: wandr-profile: frame  39960 t+ 737147ms  win[N=60 min=14.3ms mean=16.5ms max=19.0ms] over[16ms=50 50ms=0 100ms=0 250ms=0]
05-18 11:45:19.385 11901 11918 I wasm_android_host::pr..: wandr-profile: frame  40020 t+ 738161ms  win[N=60 min=14.6ms mean=16.8ms max=35.0ms] over[16ms=54 50ms=0 100ms=0 250ms=0]
05-18 11:45:20.383 11901 11918 I wasm_android_host::pr..: wandr-profile: frame  40080 t+ 739159ms  win[N=60 min=15.2ms mean=16.6ms max=17.9ms] over[16ms=55 50ms=0 100ms=0 250ms=0]
05-18 11:45:21.381 11901 11918 I wasm_android_host::pr..: wandr-profile: frame  40140 t+ 740157ms  win[N=60 min=14.3ms mean=16.6ms max=19.4ms] over[16ms=55 50ms=0 100ms=0 250ms=0]
05-18 11:45:22.378 11901 11918 I wasm_android_host::pr..: wandr-profile: frame  40200 t+ 741154ms  win[N=60 min=14.9ms mean=16.6ms max=18.2ms] over[16ms=57 50ms=0 100ms=0 250ms=0]
05-18 11:45:23.376 11901 11918 I wasm_android_host::pr..: wandr-profile: frame  40260 t+ 742152ms  win[N=60 min=15.0ms mean=16.6ms max=18.4ms] over[16ms=54 50ms=0 100ms=0 250ms=0]
05-18 11:45:24.374 11901 11918 I wasm_android_host::pr..: wandr-profile: frame  40320 t+ 743150ms  win[N=60 min=14.7ms mean=16.6ms max=18.2ms] over[16ms=57 50ms=0 100ms=0 250ms=0]
05-18 11:45:25.372 11901 11918 I wasm_android_host::pr..: wandr-profile: frame  40380 t+ 744148ms  win[N=60 min=14.6ms mean=16.6ms max=18.6ms] over[16ms=57 50ms=0 100ms=0 250ms=0]
05-18 11:45:26.371 11901 11918 I wasm_android_host::pr..: wandr-profile: frame  40440 t+ 745147ms  win[N=60 min=14.6ms mean=16.6ms max=18.5ms] over[16ms=56 50ms=0 100ms=0 250ms=0]
05-18 11:45:27.368 11901 11918 I wasm_android_host::pr..: wandr-profile: frame  40500 t+ 746144ms  win[N=60 min=13.4ms mean=16.5ms max=20.1ms] over[16ms=52 50ms=0 100ms=0 250ms=0]
05-18 11:45:28.365 11901 11918 I wasm_android_host::pr..: wandr-profile: frame  40560 t+ 747141ms  win[N=60 min=15.2ms mean=16.5ms max=18.6ms] over[16ms=53 50ms=0 100ms=0 250ms=0]
05-18 11:45:29.364 11901 11918 I wasm_android_host::pr..: wandr-profile: frame  40620 t+ 748139ms  win[N=60 min=13.8ms mean=16.6ms max=19.6ms] over[16ms=55 50ms=0 100ms=0 250ms=0]
05-18 11:45:30.362 11901 11918 I wasm_android_host::pr..: wandr-profile: frame  40680 t+ 749137ms  win[N=60 min=14.7ms mean=16.6ms max=18.2ms] over[16ms=54 50ms=0 100ms=0 250ms=0]
05-18 11:45:31.376 11901 11918 I wasm_android_host::pr..: wandr-profile: frame  40740 t+ 750152ms  win[N=60 min=14.5ms mean=16.8ms max=33.2ms] over[16ms=53 50ms=0 100ms=0 250ms=0]
05-18 11:45:32.374 11901 11918 I wasm_android_host::pr..: wandr-profile: frame  40800 t+ 751150ms  win[N=60 min=15.6ms mean=16.6ms max=17.9ms] over[16ms=57 50ms=0 100ms=0 250ms=0]
05-18 11:45:33.388 11901 11918 I wasm_android_host::pr..: wandr-profile: frame  40860 t+ 752164ms  win[N=60 min=14.1ms mean=16.8ms max=35.1ms] over[16ms=52 50ms=0 100ms=0 250ms=0]
05-18 11:45:34.386 11901 11918 I wasm_android_host::pr..: wandr-profile: frame  40920 t+ 753162ms  win[N=60 min=15.1ms mean=16.6ms max=18.5ms] over[16ms=54 50ms=0 100ms=0 250ms=0]
05-18 11:45:35.384 11901 11918 I wasm_android_host::pr..: wandr-profile: frame  40980 t+ 754160ms  win[N=60 min=15.8ms mean=16.6ms max=17.8ms] over[16ms=58 50ms=0 100ms=0 250ms=0]
05-18 11:45:36.381 11901 11918 I wasm_android_host::pr..: wandr-profile: frame  41040 t+ 755157ms  win[N=60 min=14.2ms mean=16.5ms max=18.5ms] over[16ms=48 50ms=0 100ms=0 250ms=0]
05-18 11:45:37.380 11901 11918 I wasm_android_host::pr..: wandr-profile: frame  41100 t+ 756155ms  win[N=60 min=15.0ms mean=16.6ms max=18.3ms] over[16ms=55 50ms=0 100ms=0 250ms=0]
05-18 11:45:38.377 11901 11918 I wasm_android_host::pr..: wandr-profile: frame  41160 t+ 757153ms  win[N=60 min=14.4ms mean=16.6ms max=18.9ms] over[16ms=53 50ms=0 100ms=0 250ms=0]
05-18 11:45:39.395 11901 11918 I wasm_android_host::pr..: wandr-profile: frame  41220 t+ 758170ms  win[N=60 min=14.3ms mean=16.9ms max=35.1ms] over[16ms=56 50ms=0 100ms=0 250ms=0]
05-18 11:45:40.391 11901 11918 I wasm_android_host::pr..: wandr-profile: frame  41280 t+ 759167ms  win[N=60 min=13.9ms mean=16.5ms max=17.7ms] over[16ms=56 50ms=0 100ms=0 250ms=0]
05-18 11:45:41.388 11901 11918 I wasm_android_host::pr..: wandr-profile: frame  41340 t+ 760164ms  win[N=60 min=14.4ms mean=16.5ms max=18.8ms] over[16ms=57 50ms=0 100ms=0 250ms=0]
05-18 11:45:42.418 11901 11918 I wasm_android_host::pr..: wandr-profile: frame  41400 t+ 761194ms  win[N=60 min=14.6ms mean=17.1ms max=34.7ms] over[16ms=48 50ms=0 100ms=0 250ms=0]
05-18 11:45:43.417 11901 11918 I wasm_android_host::pr..: wandr-profile: frame  41460 t+ 762192ms  win[N=60 min=15.6ms mean=16.6ms max=17.9ms] over[16ms=58 50ms=0 100ms=0 250ms=0]
05-18 11:45:44.415 11901 11918 I wasm_android_host::pr..: wandr-profile: frame  41520 t+ 763190ms  win[N=60 min=14.3ms mean=16.6ms max=19.0ms] over[16ms=56 50ms=0 100ms=0 250ms=0]
05-18 11:45:45.430 11901 11918 I wasm_android_host::pr..: wandr-profile: frame  41580 t+ 764206ms  win[N=60 min=11.2ms mean=16.9ms max=35.4ms] over[16ms=53 50ms=0 100ms=0 250ms=0]
05-18 11:45:46.427 11901 11918 I wasm_android_host::pr..: wandr-profile: frame  41640 t+ 765203ms  win[N=60 min=14.2ms mean=16.6ms max=19.1ms] over[16ms=49 50ms=0 100ms=0 250ms=0]
05-18 11:45:47.425 11901 11918 I wasm_android_host::pr..: wandr-profile: frame  41700 t+ 766201ms  win[N=60 min=15.2ms mean=16.6ms max=18.0ms] over[16ms=57 50ms=0 100ms=0 250ms=0]
05-18 11:45:48.423 11901 11918 I wasm_android_host::pr..: wandr-profile: frame  41760 t+ 767199ms  win[N=60 min=15.2ms mean=16.6ms max=18.3ms] over[16ms=54 50ms=0 100ms=0 250ms=0]
05-18 11:45:49.421 11901 11918 I wasm_android_host::pr..: wandr-profile: frame  41820 t+ 768197ms  win[N=60 min=14.6ms mean=16.6ms max=18.6ms] over[16ms=58 50ms=0 100ms=0 250ms=0]
05-18 11:45:50.419 11901 11918 I wasm_android_host::pr..: wandr-profile: frame  41880 t+ 769195ms  win[N=60 min=14.7ms mean=16.6ms max=18.5ms] over[16ms=53 50ms=0 100ms=0 250ms=0]
05-18 11:45:51.417 11901 11918 I wasm_android_host::pr..: wandr-profile: frame  41940 t+ 770192ms  win[N=60 min=14.0ms mean=16.6ms max=20.1ms] over[16ms=53 50ms=0 100ms=0 250ms=0]
05-18 11:45:52.415 11901 11918 I wasm_android_host::pr..: wandr-profile: frame  42000 t+ 771191ms  win[N=60 min=14.2ms mean=16.6ms max=18.9ms] over[16ms=55 50ms=0 100ms=0 250ms=0]
05-18 11:45:53.413 11901 11918 I wasm_android_host::pr..: wandr-profile: frame  42060 t+ 772189ms  win[N=60 min=14.8ms mean=16.6ms max=18.5ms] over[16ms=52 50ms=0 100ms=0 250ms=0]
05-18 11:45:54.412 11901 11918 I wasm_android_host::pr..: wandr-profile: frame  42120 t+ 773187ms  win[N=60 min=14.3ms mean=16.6ms max=20.0ms] over[16ms=52 50ms=0 100ms=0 250ms=0]
05-18 11:45:55.425 11901 11918 I wasm_android_host::pr..: wandr-profile: frame  42180 t+ 774201ms  win[N=60 min=14.2ms mean=16.8ms max=35.1ms] over[16ms=48 50ms=0 100ms=0 250ms=0]
05-18 11:45:56.423 11901 11918 I wasm_android_host::pr..: wandr-profile: frame  42240 t+ 775199ms  win[N=60 min=13.8ms mean=16.6ms max=19.3ms] over[16ms=55 50ms=0 100ms=0 250ms=0]
05-18 11:45:57.421 11901 11918 I wasm_android_host::pr..: wandr-profile: frame  42300 t+ 776197ms  win[N=60 min=15.3ms mean=16.6ms max=18.2ms] over[16ms=58 50ms=0 100ms=0 250ms=0]
05-18 11:45:58.436 11901 11918 I wasm_android_host::pr..: wandr-profile: frame  42360 t+ 777211ms  win[N=60 min=15.0ms mean=16.8ms max=32.9ms] over[16ms=51 50ms=0 100ms=0 250ms=0]
05-18 11:45:59.434 11901 11918 I wasm_android_host::pr..: wandr-profile: frame  42420 t+ 778209ms  win[N=60 min=14.7ms mean=16.6ms max=18.8ms] over[16ms=55 50ms=0 100ms=0 250ms=0]
05-18 11:46:00.432 11901 11918 I wasm_android_host::pr..: wandr-profile: frame  42480 t+ 779208ms  win[N=60 min=14.5ms mean=16.6ms max=18.7ms] over[16ms=50 50ms=0 100ms=0 250ms=0]
05-18 11:46:01.446 11901 11918 I wasm_android_host::pr..: wandr-profile: frame  42540 t+ 780222ms  win[N=60 min=15.5ms mean=16.8ms max=32.5ms] over[16ms=57 50ms=0 100ms=0 250ms=0]
05-18 11:46:02.444 11901 11918 I wasm_android_host::pr..: wandr-profile: frame  42600 t+ 781220ms  win[N=60 min=13.8ms mean=16.6ms max=19.2ms] over[16ms=55 50ms=0 100ms=0 250ms=0]
05-18 11:46:03.458 11901 11918 I wasm_android_host::pr..: wandr-profile: frame  42660 t+ 782234ms  win[N=60 min=10.4ms mean=16.8ms max=35.6ms] over[16ms=51 50ms=0 100ms=0 250ms=0]
05-18 11:46:04.473 11901 11918 I wasm_android_host::pr..: wandr-profile: frame  42720 t+ 783249ms  win[N=60 min=14.1ms mean=16.8ms max=33.1ms] over[16ms=54 50ms=0 100ms=0 250ms=0]
05-18 11:46:05.471 11901 11918 I wasm_android_host::pr..: wandr-profile: frame  42780 t+ 784247ms  win[N=60 min=15.8ms mean=16.6ms max=17.7ms] over[16ms=58 50ms=0 100ms=0 250ms=0]
05-18 11:46:06.468 11901 11918 I wasm_android_host::pr..: wandr-profile: frame  42840 t+ 785244ms  win[N=60 min=15.2ms mean=16.5ms max=18.0ms] over[16ms=55 50ms=0 100ms=0 250ms=0]
05-18 11:46:07.466 11901 11918 I wasm_android_host::pr..: wandr-profile: frame  42900 t+ 786242ms  win[N=60 min=14.4ms mean=16.6ms max=18.6ms] over[16ms=55 50ms=0 100ms=0 250ms=0]
05-18 11:46:08.464 11901 11918 I wasm_android_host::pr..: wandr-profile: frame  42960 t+ 787240ms  win[N=60 min=14.1ms mean=16.6ms max=19.1ms] over[16ms=52 50ms=0 100ms=0 250ms=0]
05-18 11:46:09.479 11901 11918 I wasm_android_host::pr..: wandr-profile: frame  43020 t+ 788255ms  win[N=60 min=15.2ms mean=16.8ms max=34.8ms] over[16ms=50 50ms=0 100ms=0 250ms=0]
05-18 11:46:10.493 11901 11918 I wasm_android_host::pr..: wandr-profile: frame  43080 t+ 789269ms  win[N=60 min=14.7ms mean=16.8ms max=32.7ms] over[16ms=55 50ms=0 100ms=0 250ms=0]
05-18 11:46:11.491 11901 11918 I wasm_android_host::pr..: wandr-profile: frame  43140 t+ 790267ms  win[N=60 min=14.3ms mean=16.6ms max=18.8ms] over[16ms=55 50ms=0 100ms=0 250ms=0]
05-18 11:46:12.505 11901 11918 I wasm_android_host::pr..: wandr-profile: frame  43200 t+ 791281ms  win[N=60 min=10.4ms mean=16.8ms max=35.4ms] over[16ms=52 50ms=0 100ms=0 250ms=0]
05-18 11:46:13.504 11901 11918 I wasm_android_host::pr..: wandr-profile: frame  43260 t+ 792280ms  win[N=60 min=13.4ms mean=16.6ms max=19.1ms] over[16ms=52 50ms=0 100ms=0 250ms=0]
05-18 11:46:14.501 11901 11918 I wasm_android_host::pr..: wandr-profile: frame  43320 t+ 793277ms  win[N=60 min=14.2ms mean=16.5ms max=18.8ms] over[16ms=54 50ms=0 100ms=0 250ms=0]
05-18 11:46:15.499 11901 11918 I wasm_android_host::pr..: wandr-profile: frame  43380 t+ 794275ms  win[N=60 min=14.6ms mean=16.6ms max=18.4ms] over[16ms=51 50ms=0 100ms=0 250ms=0]
05-18 11:46:16.497 11901 11918 I wasm_android_host::pr..: wandr-profile: frame  43440 t+ 795273ms  win[N=60 min=14.7ms mean=16.6ms max=18.8ms] over[16ms=54 50ms=0 100ms=0 250ms=0]
05-18 11:46:17.496 11901 11918 I wasm_android_host::pr..: wandr-profile: frame  43500 t+ 796271ms  win[N=60 min=14.6ms mean=16.6ms max=18.7ms] over[16ms=53 50ms=0 100ms=0 250ms=0]
05-18 11:46:18.511 11901 11918 I wasm_android_host::pr..: wandr-profile: frame  43560 t+ 797286ms  win[N=60 min=13.6ms mean=16.8ms max=35.3ms] over[16ms=54 50ms=0 100ms=0 250ms=0]
05-18 11:46:19.508 11901 11918 I wasm_android_host::pr..: wandr-profile: frame  43620 t+ 798283ms  win[N=60 min=14.3ms mean=16.5ms max=18.9ms] over[16ms=49 50ms=0 100ms=0 250ms=0]
05-18 11:46:20.506 11901 11918 I wasm_android_host::pr..: wandr-profile: frame  43680 t+ 799281ms  win[N=60 min=14.5ms mean=16.6ms max=18.6ms] over[16ms=53 50ms=0 100ms=0 250ms=0]
05-18 11:46:21.503 11901 11918 I wasm_android_host::pr..: wandr-profile: frame  43740 t+ 800279ms  win[N=60 min=14.0ms mean=16.5ms max=19.0ms] over[16ms=53 50ms=0 100ms=0 250ms=0]
05-18 11:46:22.502 11901 11918 I wasm_android_host::pr..: wandr-profile: frame  43800 t+ 801277ms  win[N=60 min=14.4ms mean=16.6ms max=19.0ms] over[16ms=54 50ms=0 100ms=0 250ms=0]
05-18 11:46:23.499 11901 11918 I wasm_android_host::pr..: wandr-profile: frame  43860 t+ 802275ms  win[N=60 min=15.3ms mean=16.6ms max=17.9ms] over[16ms=57 50ms=0 100ms=0 250ms=0]
05-18 11:46:24.497 11901 11918 I wasm_android_host::pr..: wandr-profile: frame  43920 t+ 803273ms  win[N=60 min=14.2ms mean=16.6ms max=18.8ms] over[16ms=55 50ms=0 100ms=0 250ms=0]
05-18 11:46:25.495 11901 11918 I wasm_android_host::pr..: wandr-profile: frame  43980 t+ 804271ms  win[N=60 min=14.3ms mean=16.6ms max=18.6ms] over[16ms=57 50ms=0 100ms=0 250ms=0]
05-18 11:46:26.493 11901 11918 I wasm_android_host::pr..: wandr-profile: frame  44040 t+ 805268ms  win[N=60 min=14.8ms mean=16.6ms max=18.4ms] over[16ms=55 50ms=0 100ms=0 250ms=0]
05-18 11:46:27.491 11901 11918 I wasm_android_host::pr..: wandr-profile: frame  44100 t+ 806267ms  win[N=60 min=14.0ms mean=16.6ms max=19.2ms] over[16ms=56 50ms=0 100ms=0 250ms=0]
05-18 11:46:28.505 11901 11918 I wasm_android_host::pr..: wandr-profile: frame  44160 t+ 807281ms  win[N=60 min=11.3ms mean=16.8ms max=35.3ms] over[16ms=50 50ms=0 100ms=0 250ms=0]
05-18 11:46:29.504 11901 11918 I wasm_android_host::pr..: wandr-profile: frame  44220 t+ 808279ms  win[N=60 min=15.0ms mean=16.6ms max=18.5ms] over[16ms=50 50ms=0 100ms=0 250ms=0]
05-18 11:46:30.501 11901 11918 I wasm_android_host::pr..: wandr-profile: frame  44280 t+ 809277ms  win[N=60 min=14.2ms mean=16.5ms max=19.1ms] over[16ms=53 50ms=0 100ms=0 250ms=0]
05-18 11:46:31.499 11901 11918 I wasm_android_host::pr..: wandr-profile: frame  44340 t+ 810275ms  win[N=60 min=14.7ms mean=16.6ms max=18.1ms] over[16ms=55 50ms=0 100ms=0 250ms=0]
05-18 11:46:32.513 11901 11918 I wasm_android_host::pr..: wandr-profile: frame  44400 t+ 811289ms  win[N=60 min=14.0ms mean=16.8ms max=34.9ms] over[16ms=51 50ms=0 100ms=0 250ms=0]
05-18 11:46:33.512 11901 11918 I wasm_android_host::pr..: wandr-profile: frame  44460 t+ 812287ms  win[N=60 min=14.0ms mean=16.6ms max=19.5ms] over[16ms=54 50ms=0 100ms=0 250ms=0]
05-18 11:46:34.510 11901 11918 I wasm_android_host::pr..: wandr-profile: frame  44520 t+ 813285ms  win[N=60 min=14.4ms mean=16.6ms max=20.7ms] over[16ms=50 50ms=0 100ms=0 250ms=0]
05-18 11:46:35.508 11901 11918 I wasm_android_host::pr..: wandr-profile: frame  44580 t+ 814283ms  win[N=60 min=14.3ms mean=16.6ms max=19.1ms] over[16ms=54 50ms=0 100ms=0 250ms=0]
05-18 11:46:36.522 11901 11918 I wasm_android_host::pr..: wandr-profile: frame  44640 t+ 815298ms  win[N=60 min=14.4ms mean=16.8ms max=32.3ms] over[16ms=56 50ms=0 100ms=0 250ms=0]
05-18 11:46:37.520 11901 11918 I wasm_android_host::pr..: wandr-profile: frame  44700 t+ 816295ms  win[N=60 min=15.0ms mean=16.6ms max=18.7ms] over[16ms=52 50ms=0 100ms=0 250ms=0]
05-18 11:46:38.518 11901 11918 I wasm_android_host::pr..: wandr-profile: frame  44760 t+ 817294ms  win[N=60 min=14.4ms mean=16.6ms max=19.0ms] over[16ms=55 50ms=0 100ms=0 250ms=0]
05-18 11:46:39.533 11901 11918 I wasm_android_host::pr..: wandr-profile: frame  44820 t+ 818308ms  win[N=60 min=15.0ms mean=16.8ms max=34.3ms] over[16ms=53 50ms=0 100ms=0 250ms=0]
05-18 11:46:40.532 11901 11918 I wasm_android_host::pr..: wandr-profile: frame  44880 t+ 819307ms  win[N=60 min=13.9ms mean=16.6ms max=19.0ms] over[16ms=53 50ms=0 100ms=0 250ms=0]
05-18 11:46:41.529 11901 11918 I wasm_android_host::pr..: wandr-profile: frame  44940 t+ 820304ms  win[N=60 min=13.8ms mean=16.5ms max=19.3ms] over[16ms=53 50ms=0 100ms=0 250ms=0]
05-18 11:46:42.543 11901 11918 I wasm_android_host::pr..: wandr-profile: frame  45000 t+ 821318ms  win[N=60 min=14.1ms mean=16.8ms max=31.2ms] over[16ms=53 50ms=0 100ms=0 250ms=0]
05-18 11:46:43.541 11901 11918 I wasm_android_host::pr..: wandr-profile: frame  45060 t+ 822317ms  win[N=60 min=14.9ms mean=16.6ms max=18.7ms] over[16ms=52 50ms=0 100ms=0 250ms=0]
05-18 11:46:44.539 11901 11918 I wasm_android_host::pr..: wandr-profile: frame  45120 t+ 823314ms  win[N=60 min=15.1ms mean=16.5ms max=18.1ms] over[16ms=53 50ms=0 100ms=0 250ms=0]
05-18 11:46:45.538 11901 11918 I wasm_android_host::pr..: wandr-profile: frame  45180 t+ 824314ms  win[N=60 min=14.0ms mean=16.6ms max=19.2ms] over[16ms=53 50ms=0 100ms=0 250ms=0]
05-18 11:46:46.535 11901 11918 I wasm_android_host::pr..: wandr-profile: frame  45240 t+ 825310ms  win[N=60 min=14.2ms mean=16.5ms max=18.5ms] over[16ms=52 50ms=0 100ms=0 250ms=0]
05-18 11:46:47.533 11901 11918 I wasm_android_host::pr..: wandr-profile: frame  45300 t+ 826308ms  win[N=60 min=15.1ms mean=16.6ms max=18.3ms] over[16ms=53 50ms=0 100ms=0 250ms=0]
05-18 11:46:48.532 11901 11918 I wasm_android_host::pr..: wandr-profile: frame  45360 t+ 827308ms  win[N=60 min=14.4ms mean=16.6ms max=18.7ms] over[16ms=53 50ms=0 100ms=0 250ms=0]
05-18 11:46:49.545 11901 11918 I wasm_android_host::pr..: wandr-profile: frame  45420 t+ 828321ms  win[N=60 min=14.4ms mean=16.8ms max=34.6ms] over[16ms=53 50ms=0 100ms=0 250ms=0]
05-18 11:46:50.543 11901 11918 I wasm_android_host::pr..: wandr-profile: frame  45480 t+ 829319ms  win[N=60 min=14.0ms mean=16.6ms max=19.5ms] over[16ms=54 50ms=0 100ms=0 250ms=0]
05-18 11:46:51.541 11901 11918 I wasm_android_host::pr..: wandr-profile: frame  45540 t+ 830317ms  win[N=60 min=13.2ms mean=16.6ms max=20.2ms] over[16ms=46 50ms=0 100ms=0 250ms=0]
05-18 11:46:52.539 11901 11918 I wasm_android_host::pr..: wandr-profile: frame  45600 t+ 831315ms  win[N=60 min=14.7ms mean=16.6ms max=18.5ms] over[16ms=55 50ms=0 100ms=0 250ms=0]
05-18 11:46:53.537 11901 11918 I wasm_android_host::pr..: wandr-profile: frame  45660 t+ 832313ms  win[N=60 min=14.1ms mean=16.6ms max=19.2ms] over[16ms=50 50ms=0 100ms=0 250ms=0]
05-18 11:46:54.535 11901 11918 I wasm_android_host::pr..: wandr-profile: frame  45720 t+ 833310ms  win[N=60 min=14.5ms mean=16.6ms max=18.7ms] over[16ms=49 50ms=0 100ms=0 250ms=0]
05-18 11:46:55.533 11901 11918 I wasm_android_host::pr..: wandr-profile: frame  45780 t+ 834309ms  win[N=60 min=14.8ms mean=16.6ms max=18.2ms] over[16ms=47 50ms=0 100ms=0 250ms=0]
05-18 11:46:56.531 11901 11918 I wasm_android_host::pr..: wandr-profile: frame  45840 t+ 835306ms  win[N=60 min=14.2ms mean=16.6ms max=18.9ms] over[16ms=57 50ms=0 100ms=0 250ms=0]
05-18 11:46:57.545 11901 11918 I wasm_android_host::pr..: wandr-profile: frame  45900 t+ 836321ms  win[N=60 min=9.8ms mean=16.8ms max=36.0ms] over[16ms=52 50ms=0 100ms=0 250ms=0]
05-18 11:46:58.559 11901 11918 I wasm_android_host::pr..: wandr-profile: frame  45960 t+ 837335ms  win[N=60 min=14.8ms mean=16.8ms max=34.8ms] over[16ms=54 50ms=0 100ms=0 250ms=0]
05-18 11:46:59.558 11901 11918 I wasm_android_host::pr..: wandr-profile: frame  46020 t+ 838333ms  win[N=60 min=13.7ms mean=16.6ms max=19.7ms] over[16ms=53 50ms=0 100ms=0 250ms=0]
05-18 11:47:00.572 11901 11918 I wasm_android_host::pr..: wandr-profile: frame  46080 t+ 839348ms  win[N=60 min=13.7ms mean=16.8ms max=34.3ms] over[16ms=53 50ms=0 100ms=0 250ms=0]
05-18 11:47:01.571 11901 11918 I wasm_android_host::pr..: wandr-profile: frame  46140 t+ 840346ms  win[N=60 min=15.5ms mean=16.6ms max=17.5ms] over[16ms=58 50ms=0 100ms=0 250ms=0]
05-18 11:47:02.569 11901 11918 I wasm_android_host::pr..: wandr-profile: frame  46200 t+ 841344ms  win[N=60 min=13.9ms mean=16.6ms max=19.3ms] over[16ms=53 50ms=0 100ms=0 250ms=0]
05-18 11:47:03.566 11901 11918 I wasm_android_host::pr..: wandr-profile: frame  46260 t+ 842342ms  win[N=60 min=15.6ms mean=16.6ms max=17.6ms] over[16ms=54 50ms=0 100ms=0 250ms=0]
05-18 11:47:04.565 11901 11918 I wasm_android_host::pr..: wandr-profile: frame  46320 t+ 843340ms  win[N=60 min=13.7ms mean=16.6ms max=19.5ms] over[16ms=51 50ms=0 100ms=0 250ms=0]
05-18 11:47:05.562 11901 11918 I wasm_android_host::pr..: wandr-profile: frame  46380 t+ 844338ms  win[N=60 min=14.9ms mean=16.6ms max=18.4ms] over[16ms=55 50ms=0 100ms=0 250ms=0]
05-18 11:47:06.560 11901 11918 I wasm_android_host::pr..: wandr-profile: frame  46440 t+ 845336ms  win[N=60 min=14.6ms mean=16.6ms max=18.9ms] over[16ms=51 50ms=0 100ms=0 250ms=0]
05-18 11:47:07.558 11901 11918 I wasm_android_host::pr..: wandr-profile: frame  46500 t+ 846334ms  win[N=60 min=14.7ms mean=16.6ms max=18.5ms] over[16ms=55 50ms=0 100ms=0 250ms=0]
05-18 11:47:08.556 11901 11918 I wasm_android_host::pr..: wandr-profile: frame  46560 t+ 847332ms  win[N=60 min=15.4ms mean=16.6ms max=17.8ms] over[16ms=51 50ms=0 100ms=0 250ms=0]
05-18 11:47:09.554 11901 11918 I wasm_android_host::pr..: wandr-profile: frame  46620 t+ 848330ms  win[N=60 min=15.8ms mean=16.6ms max=17.7ms] over[16ms=58 50ms=0 100ms=0 250ms=0]
05-18 11:47:10.552 11901 11918 I wasm_android_host::pr..: wandr-profile: frame  46680 t+ 849328ms  win[N=60 min=14.4ms mean=16.5ms max=19.1ms] over[16ms=48 50ms=0 100ms=0 250ms=0]
05-18 11:47:11.567 11901 11918 I wasm_android_host::pr..: wandr-profile: frame  46740 t+ 850342ms  win[N=60 min=14.1ms mean=16.8ms max=34.4ms] over[16ms=50 50ms=0 100ms=0 250ms=0]
05-18 11:47:12.564 11901 11918 I wasm_android_host::pr..: wandr-profile: frame  46800 t+ 851340ms  win[N=60 min=14.0ms mean=16.6ms max=19.3ms] over[16ms=50 50ms=0 100ms=0 250ms=0]
05-18 11:47:13.579 11901 11918 I wasm_android_host::pr..: wandr-profile: frame  46860 t+ 852355ms  win[N=60 min=11.3ms mean=16.8ms max=33.5ms] over[16ms=52 50ms=0 100ms=0 250ms=0]
05-18 11:47:14.595 11901 11918 I wasm_android_host::pr..: wandr-profile: frame  46920 t+ 853371ms  win[N=60 min=11.4ms mean=16.9ms max=33.2ms] over[16ms=52 50ms=0 100ms=0 250ms=0]
05-18 11:47:15.590 11901 11918 I wasm_android_host::pr..: wandr-profile: frame  46980 t+ 854366ms  win[N=60 min=14.5ms mean=16.5ms max=18.7ms] over[16ms=55 50ms=0 100ms=0 250ms=0]
05-18 11:47:16.589 11901 11918 I wasm_android_host::pr..: wandr-profile: frame  47040 t+ 855365ms  win[N=60 min=14.8ms mean=16.6ms max=18.8ms] over[16ms=52 50ms=0 100ms=0 250ms=0]
05-18 11:47:17.587 11901 11918 I wasm_android_host::pr..: wandr-profile: frame  47100 t+ 856363ms  win[N=60 min=14.2ms mean=16.6ms max=19.1ms] over[16ms=53 50ms=0 100ms=0 250ms=0]
05-18 11:47:18.585 11901 11918 I wasm_android_host::pr..: wandr-profile: frame  47160 t+ 857361ms  win[N=60 min=14.1ms mean=16.6ms max=19.1ms] over[16ms=52 50ms=0 100ms=0 250ms=0]
05-18 11:47:19.583 11901 11918 I wasm_android_host::pr..: wandr-profile: frame  47220 t+ 858358ms  win[N=60 min=14.9ms mean=16.5ms max=18.3ms] over[16ms=53 50ms=0 100ms=0 250ms=0]
05-18 11:47:20.581 11901 11918 I wasm_android_host::pr..: wandr-profile: frame  47280 t+ 859356ms  win[N=60 min=14.0ms mean=16.6ms max=18.7ms] over[16ms=55 50ms=0 100ms=0 250ms=0]
05-18 11:47:21.578 11901 11918 I wasm_android_host::pr..: wandr-profile: frame  47340 t+ 860354ms  win[N=60 min=14.2ms mean=16.6ms max=19.1ms] over[16ms=53 50ms=0 100ms=0 250ms=0]
05-18 11:47:22.576 11901 11918 I wasm_android_host::pr..: wandr-profile: frame  47400 t+ 861352ms  win[N=60 min=14.0ms mean=16.6ms max=19.3ms] over[16ms=50 50ms=0 100ms=0 250ms=0]
05-18 11:47:23.574 11901 11918 I wasm_android_host::pr..: wandr-profile: frame  47460 t+ 862350ms  win[N=60 min=14.0ms mean=16.6ms max=19.5ms] over[16ms=53 50ms=0 100ms=0 250ms=0]
05-18 11:47:24.573 11901 11918 I wasm_android_host::pr..: wandr-profile: frame  47520 t+ 863348ms  win[N=60 min=14.7ms mean=16.6ms max=19.1ms] over[16ms=57 50ms=0 100ms=0 250ms=0]
05-18 11:47:25.570 11901 11918 I wasm_android_host::pr..: wandr-profile: frame  47580 t+ 864345ms  win[N=60 min=14.7ms mean=16.5ms max=18.7ms] over[16ms=53 50ms=0 100ms=0 250ms=0]
05-18 11:47:26.567 11901 11918 I wasm_android_host::pr..: wandr-profile: frame  47640 t+ 865343ms  win[N=60 min=13.4ms mean=16.6ms max=19.6ms] over[16ms=53 50ms=0 100ms=0 250ms=0]
05-18 11:47:27.582 11901 11918 I wasm_android_host::pr..: wandr-profile: frame  47700 t+ 866358ms  win[N=60 min=14.1ms mean=16.8ms max=32.7ms] over[16ms=56 50ms=0 100ms=0 250ms=0]
05-18 11:47:28.580 11901 11918 I wasm_android_host::pr..: wandr-profile: frame  47760 t+ 867355ms  win[N=60 min=13.6ms mean=16.6ms max=19.4ms] over[16ms=51 50ms=0 100ms=0 250ms=0]
05-18 11:47:29.578 11901 11918 I wasm_android_host::pr..: wandr-profile: frame  47820 t+ 868353ms  win[N=60 min=14.1ms mean=16.6ms max=19.2ms] over[16ms=52 50ms=0 100ms=0 250ms=0]
05-18 11:47:30.578 11901 11918 I wasm_android_host::pr..: wandr-profile: frame  47880 t+ 869353ms  win[N=60 min=14.5ms mean=16.6ms max=18.8ms] over[16ms=53 50ms=0 100ms=0 250ms=0]
05-18 11:47:31.573 11901 11918 I wasm_android_host::pr..: wandr-profile: frame  47940 t+ 870349ms  win[N=60 min=14.5ms mean=16.5ms max=18.2ms] over[16ms=56 50ms=0 100ms=0 250ms=0]
05-18 11:47:32.571 11901 11918 I wasm_android_host::pr..: wandr-profile: frame  48000 t+ 871347ms  win[N=60 min=14.5ms mean=16.6ms max=19.2ms] over[16ms=53 50ms=0 100ms=0 250ms=0]
05-18 11:47:33.569 11901 11918 I wasm_android_host::pr..: wandr-profile: frame  48060 t+ 872344ms  win[N=60 min=15.0ms mean=16.5ms max=18.4ms] over[16ms=56 50ms=0 100ms=0 250ms=0]
05-18 11:47:34.567 11901 11918 I wasm_android_host::pr..: wandr-profile: frame  48120 t+ 873342ms  win[N=60 min=14.0ms mean=16.6ms max=19.4ms] over[16ms=50 50ms=0 100ms=0 250ms=0]
05-18 11:47:35.564 11901 11918 I wasm_android_host::pr..: wandr-profile: frame  48180 t+ 874339ms  win[N=60 min=13.5ms mean=16.5ms max=19.3ms] over[16ms=52 50ms=0 100ms=0 250ms=0]
05-18 11:47:36.579 11901 11918 I wasm_android_host::pr..: wandr-profile: frame  48240 t+ 875354ms  win[N=60 min=10.5ms mean=16.8ms max=36.1ms] over[16ms=49 50ms=0 100ms=0 250ms=0]
05-18 11:47:37.593 11901 11918 I wasm_android_host::pr..: wandr-profile: frame  48300 t+ 876369ms  win[N=60 min=14.1ms mean=16.8ms max=35.3ms] over[16ms=54 50ms=0 100ms=0 250ms=0]
05-18 11:47:38.592 11901 11918 I wasm_android_host::pr..: wandr-profile: frame  48360 t+ 877368ms  win[N=60 min=13.9ms mean=16.6ms max=19.5ms] over[16ms=52 50ms=0 100ms=0 250ms=0]
05-18 11:47:39.589 11901 11918 I wasm_android_host::pr..: wandr-profile: frame  48420 t+ 878365ms  win[N=60 min=14.6ms mean=16.5ms max=18.6ms] over[16ms=53 50ms=0 100ms=0 250ms=0]
05-18 11:47:40.586 11901 11918 I wasm_android_host::pr..: wandr-profile: frame  48480 t+ 879362ms  win[N=60 min=13.8ms mean=16.5ms max=19.4ms] over[16ms=56 50ms=0 100ms=0 250ms=0]
05-18 11:47:41.585 11901 11918 I wasm_android_host::pr..: wandr-profile: frame  48540 t+ 880361ms  win[N=60 min=14.1ms mean=16.6ms max=19.2ms] over[16ms=53 50ms=0 100ms=0 250ms=0]
05-18 11:47:42.582 11901 11918 I wasm_android_host::pr..: wandr-profile: frame  48600 t+ 881358ms  win[N=60 min=14.9ms mean=16.5ms max=18.3ms] over[16ms=52 50ms=0 100ms=0 250ms=0]
05-18 11:47:43.581 11901 11918 I wasm_android_host::pr..: wandr-profile: frame  48660 t+ 882356ms  win[N=60 min=14.2ms mean=16.6ms max=18.8ms] over[16ms=53 50ms=0 100ms=0 250ms=0]
05-18 11:47:44.579 11901 11918 I wasm_android_host::pr..: wandr-profile: frame  48720 t+ 883354ms  win[N=60 min=14.0ms mean=16.6ms max=19.4ms] over[16ms=53 50ms=0 100ms=0 250ms=0]
05-18 11:47:45.592 11901 11918 I wasm_android_host::pr..: wandr-profile: frame  48780 t+ 884368ms  win[N=60 min=14.1ms mean=16.8ms max=34.6ms] over[16ms=53 50ms=0 100ms=0 250ms=0]
05-18 11:47:46.591 11901 11918 I wasm_android_host::pr..: wandr-profile: frame  48840 t+ 885366ms  win[N=60 min=14.2ms mean=16.6ms max=18.9ms] over[16ms=54 50ms=0 100ms=0 250ms=0]
05-18 11:47:47.588 11901 11918 I wasm_android_host::pr..: wandr-profile: frame  48900 t+ 886364ms  win[N=60 min=14.5ms mean=16.6ms max=18.6ms] over[16ms=55 50ms=0 100ms=0 250ms=0]
05-18 11:47:48.603 11901 11918 I wasm_android_host::pr..: wandr-profile: frame  48960 t+ 887378ms  win[N=60 min=12.9ms mean=16.8ms max=35.2ms] over[16ms=51 50ms=0 100ms=0 250ms=0]
05-18 11:47:49.601 11901 11918 I wasm_android_host::pr..: wandr-profile: frame  49020 t+ 888376ms  win[N=60 min=14.4ms mean=16.6ms max=19.1ms] over[16ms=56 50ms=0 100ms=0 250ms=0]
05-18 11:47:50.598 11901 11918 I wasm_android_host::pr..: wandr-profile: frame  49080 t+ 889374ms  win[N=60 min=14.7ms mean=16.6ms max=18.7ms] over[16ms=50 50ms=0 100ms=0 250ms=0]
05-18 11:47:51.596 11901 11918 I wasm_android_host::pr..: wandr-profile: frame  49140 t+ 890372ms  win[N=60 min=15.4ms mean=16.6ms max=17.8ms] over[16ms=54 50ms=0 100ms=0 250ms=0]
05-18 11:47:52.594 11901 11918 I wasm_android_host::pr..: wandr-profile: frame  49200 t+ 891370ms  win[N=60 min=14.2ms mean=16.6ms max=19.5ms] over[16ms=54 50ms=0 100ms=0 250ms=0]
05-18 11:47:53.592 11901 11918 I wasm_android_host::pr..: wandr-profile: frame  49260 t+ 892368ms  win[N=60 min=14.0ms mean=16.6ms max=18.9ms] over[16ms=56 50ms=0 100ms=0 250ms=0]
05-18 11:47:54.590 11901 11918 I wasm_android_host::pr..: wandr-profile: frame  49320 t+ 893366ms  win[N=60 min=15.3ms mean=16.6ms max=18.3ms] over[16ms=48 50ms=0 100ms=0 250ms=0]
05-18 11:47:55.588 11901 11918 I wasm_android_host::pr..: wandr-profile: frame  49380 t+ 894363ms  win[N=60 min=13.7ms mean=16.6ms max=19.5ms] over[16ms=55 50ms=0 100ms=0 250ms=0]
05-18 11:47:56.602 11901 11918 I wasm_android_host::pr..: wandr-profile: frame  49440 t+ 895377ms  win[N=60 min=12.1ms mean=16.8ms max=35.6ms] over[16ms=54 50ms=0 100ms=0 250ms=0]
05-18 11:47:57.616 11901 11918 I wasm_android_host::pr..: wandr-profile: frame  49500 t+ 896392ms  win[N=60 min=10.0ms mean=16.8ms max=36.3ms] over[16ms=56 50ms=0 100ms=0 250ms=0]
05-18 11:47:58.614 11901 11918 I wasm_android_host::pr..: wandr-profile: frame  49560 t+ 897390ms  win[N=60 min=14.5ms mean=16.6ms max=19.0ms] over[16ms=56 50ms=0 100ms=0 250ms=0]
05-18 11:47:59.612 11901 11918 I wasm_android_host::pr..: wandr-profile: frame  49620 t+ 898388ms  win[N=60 min=14.2ms mean=16.6ms max=18.9ms] over[16ms=52 50ms=0 100ms=0 250ms=0]
05-18 11:48:00.610 11901 11918 I wasm_android_host::pr..: wandr-profile: frame  49680 t+ 899386ms  win[N=60 min=14.4ms mean=16.6ms max=19.1ms] over[16ms=50 50ms=0 100ms=0 250ms=0]
05-18 11:48:01.608 11901 11918 I wasm_android_host::pr..: wandr-profile: frame  49740 t+ 900384ms  win[N=60 min=14.1ms mean=16.6ms max=19.1ms] over[16ms=53 50ms=0 100ms=0 250ms=0]
05-18 11:48:02.605 11901 11918 I wasm_android_host::pr..: wandr-profile: frame  49800 t+ 901381ms  win[N=60 min=14.4ms mean=16.6ms max=19.2ms] over[16ms=55 50ms=0 100ms=0 250ms=0]
05-18 11:48:03.603 11901 11918 I wasm_android_host::pr..: wandr-profile: frame  49860 t+ 902379ms  win[N=60 min=14.2ms mean=16.5ms max=19.3ms] over[16ms=47 50ms=0 100ms=0 250ms=0]
05-18 11:48:04.601 11901 11918 I wasm_android_host::pr..: wandr-profile: frame  49920 t+ 903377ms  win[N=60 min=13.0ms mean=16.6ms max=19.6ms] over[16ms=53 50ms=0 100ms=0 250ms=0]
05-18 11:48:05.616 11901 11918 I wasm_android_host::pr..: wandr-profile: frame  49980 t+ 904392ms  win[N=60 min=15.2ms mean=16.8ms max=34.2ms] over[16ms=54 50ms=0 100ms=0 250ms=0]
05-18 11:48:06.614 11901 11918 I wasm_android_host::pr..: wandr-profile: frame  50040 t+ 905389ms  win[N=60 min=14.0ms mean=16.6ms max=19.0ms] over[16ms=51 50ms=0 100ms=0 250ms=0]
05-18 11:48:07.612 11901 11918 I wasm_android_host::pr..: wandr-profile: frame  50100 t+ 906388ms  win[N=60 min=13.3ms mean=16.6ms max=19.6ms] over[16ms=52 50ms=0 100ms=0 250ms=0]
05-18 11:48:08.626 11901 11918 I wasm_android_host::pr..: wandr-profile: frame  50160 t+ 907402ms  win[N=60 min=14.7ms mean=16.8ms max=34.5ms] over[16ms=52 50ms=0 100ms=0 250ms=0]
05-18 11:48:09.624 11901 11918 I wasm_android_host::pr..: wandr-profile: frame  50220 t+ 908399ms  win[N=60 min=14.5ms mean=16.6ms max=19.0ms] over[16ms=53 50ms=0 100ms=0 250ms=0]
05-18 11:48:10.622 11901 11918 I wasm_android_host::pr..: wandr-profile: frame  50280 t+ 909397ms  win[N=60 min=14.2ms mean=16.6ms max=19.1ms] over[16ms=53 50ms=0 100ms=0 250ms=0]
05-18 11:48:11.619 11901 11918 I wasm_android_host::pr..: wandr-profile: frame  50340 t+ 910395ms  win[N=60 min=13.4ms mean=16.6ms max=20.0ms] over[16ms=53 50ms=0 100ms=0 250ms=0]
05-18 11:48:12.617 11901 11918 I wasm_android_host::pr..: wandr-profile: frame  50400 t+ 911393ms  win[N=60 min=13.9ms mean=16.5ms max=20.1ms] over[16ms=51 50ms=0 100ms=0 250ms=0]
05-18 11:48:13.616 11901 11918 I wasm_android_host::pr..: wandr-profile: frame  50460 t+ 912391ms  win[N=60 min=14.2ms mean=16.6ms max=18.7ms] over[16ms=52 50ms=0 100ms=0 250ms=0]
05-18 11:48:14.613 11901 11918 I wasm_android_host::pr..: wandr-profile: frame  50520 t+ 913388ms  win[N=60 min=14.3ms mean=16.5ms max=18.9ms] over[16ms=50 50ms=0 100ms=0 250ms=0]
05-18 11:48:15.610 11901 11918 I wasm_android_host::pr..: wandr-profile: frame  50580 t+ 914386ms  win[N=60 min=13.9ms mean=16.6ms max=19.5ms] over[16ms=55 50ms=0 100ms=0 250ms=0]
05-18 11:48:16.625 11901 11918 I wasm_android_host::pr..: wandr-profile: frame  50640 t+ 915401ms  win[N=60 min=9.3ms mean=16.8ms max=35.4ms] over[16ms=51 50ms=0 100ms=0 250ms=0]
05-18 11:48:17.623 11901 11918 I wasm_android_host::pr..: wandr-profile: frame  50700 t+ 916399ms  win[N=60 min=13.6ms mean=16.6ms max=19.6ms] over[16ms=54 50ms=0 100ms=0 250ms=0]
05-18 11:48:18.621 11901 11918 I wasm_android_host::pr..: wandr-profile: frame  50760 t+ 917397ms  win[N=60 min=13.3ms mean=16.6ms max=19.2ms] over[16ms=48 50ms=0 100ms=0 250ms=0]
05-18 11:48:19.619 11901 11918 I wasm_android_host::pr..: wandr-profile: frame  50820 t+ 918394ms  win[N=60 min=15.5ms mean=16.5ms max=17.2ms] over[16ms=58 50ms=0 100ms=0 250ms=0]
05-18 11:48:20.635 11901 11918 I wasm_android_host::pr..: wandr-profile: frame  50880 t+ 919410ms  win[N=60 min=13.6ms mean=16.9ms max=34.6ms] over[16ms=52 50ms=0 100ms=0 250ms=0]
05-18 11:48:21.631 11901 11918 I wasm_android_host::pr..: wandr-profile: frame  50940 t+ 920407ms  win[N=60 min=14.4ms mean=16.5ms max=18.7ms] over[16ms=54 50ms=0 100ms=0 250ms=0]
05-18 11:48:22.629 11901 11918 I wasm_android_host::pr..: wandr-profile: frame  51000 t+ 921405ms  win[N=60 min=14.6ms mean=16.6ms max=18.3ms] over[16ms=53 50ms=0 100ms=0 250ms=0]
05-18 11:48:23.643 11901 11918 I wasm_android_host::pr..: wandr-profile: frame  51060 t+ 922419ms  win[N=60 min=14.0ms mean=16.8ms max=32.8ms] over[16ms=52 50ms=0 100ms=0 250ms=0]
05-18 11:48:24.642 11901 11918 I wasm_android_host::pr..: wandr-profile: frame  51120 t+ 923417ms  win[N=60 min=14.7ms mean=16.6ms max=18.7ms] over[16ms=51 50ms=0 100ms=0 250ms=0]
05-18 11:48:25.639 11901 11918 I wasm_android_host::pr..: wandr-profile: frame  51180 t+ 924414ms  win[N=60 min=15.5ms mean=16.5ms max=18.7ms] over[16ms=51 50ms=0 100ms=0 250ms=0]
05-18 11:48:26.637 11901 11918 I wasm_android_host::pr..: wandr-profile: frame  51240 t+ 925413ms  win[N=60 min=13.9ms mean=16.6ms max=19.5ms] over[16ms=53 50ms=0 100ms=0 250ms=0]
05-18 11:48:27.635 11901 11918 I wasm_android_host::pr..: wandr-profile: frame  51300 t+ 926411ms  win[N=60 min=14.0ms mean=16.6ms max=18.9ms] over[16ms=51 50ms=0 100ms=0 250ms=0]
05-18 11:48:28.633 11901 11918 I wasm_android_host::pr..: wandr-profile: frame  51360 t+ 927409ms  win[N=60 min=14.6ms mean=16.6ms max=19.2ms] over[16ms=50 50ms=0 100ms=0 250ms=0]
05-18 11:48:29.632 11901 11918 I wasm_android_host::pr..: wandr-profile: frame  51420 t+ 928408ms  win[N=60 min=14.2ms mean=16.6ms max=18.9ms] over[16ms=54 50ms=0 100ms=0 250ms=0]
05-18 11:48:30.629 11901 11918 I wasm_android_host::pr..: wandr-profile: frame  51480 t+ 929405ms  win[N=60 min=14.2ms mean=16.5ms max=18.8ms] over[16ms=48 50ms=0 100ms=0 250ms=0]
05-18 11:48:31.643 11901 11918 I wasm_android_host::pr..: wandr-profile: frame  51540 t+ 930419ms  win[N=60 min=14.6ms mean=16.8ms max=35.1ms] over[16ms=54 50ms=0 100ms=0 250ms=0]
05-18 11:48:32.641 11901 11918 I wasm_android_host::pr..: wandr-profile: frame  51600 t+ 931417ms  win[N=60 min=14.2ms mean=16.6ms max=19.2ms] over[16ms=54 50ms=0 100ms=0 250ms=0]
05-18 11:48:33.639 11901 11918 I wasm_android_host::pr..: wandr-profile: frame  51660 t+ 932415ms  win[N=60 min=14.5ms mean=16.6ms max=18.9ms] over[16ms=52 50ms=0 100ms=0 250ms=0]
05-18 11:48:34.637 11901 11918 I wasm_android_host::pr..: wandr-profile: frame  51720 t+ 933413ms  win[N=60 min=14.2ms mean=16.6ms max=19.1ms] over[16ms=53 50ms=0 100ms=0 250ms=0]
05-18 11:48:35.635 11901 11918 I wasm_android_host::pr..: wandr-profile: frame  51780 t+ 934411ms  win[N=60 min=13.9ms mean=16.6ms max=19.4ms] over[16ms=51 50ms=0 100ms=0 250ms=0]
05-18 11:48:36.633 11901 11918 I wasm_android_host::pr..: wandr-profile: frame  51840 t+ 935409ms  win[N=60 min=15.1ms mean=16.6ms max=18.8ms] over[16ms=49 50ms=0 100ms=0 250ms=0]
05-18 11:48:37.631 11901 11918 I wasm_android_host::pr..: wandr-profile: frame  51900 t+ 936406ms  win[N=60 min=14.0ms mean=16.6ms max=19.3ms] over[16ms=51 50ms=0 100ms=0 250ms=0]
05-18 11:48:38.645 11901 11918 I wasm_android_host::pr..: wandr-profile: frame  51960 t+ 937421ms  win[N=60 min=9.2ms mean=16.8ms max=36.2ms] over[16ms=52 50ms=0 100ms=0 250ms=0]
05-18 11:48:39.659 11901 11918 I wasm_android_host::pr..: wandr-profile: frame  52020 t+ 938435ms  win[N=60 min=13.6ms mean=16.8ms max=35.1ms] over[16ms=55 50ms=0 100ms=0 250ms=0]
05-18 11:48:40.658 11901 11918 I wasm_android_host::pr..: wandr-profile: frame  52080 t+ 939433ms  win[N=60 min=13.7ms mean=16.6ms max=19.6ms] over[16ms=50 50ms=0 100ms=0 250ms=0]
05-18 11:48:41.655 11901 11918 I wasm_android_host::pr..: wandr-profile: frame  52140 t+ 940431ms  win[N=60 min=14.7ms mean=16.6ms max=18.4ms] over[16ms=52 50ms=0 100ms=0 250ms=0]
05-18 11:48:42.653 11901 11918 I wasm_android_host::pr..: wandr-profile: frame  52200 t+ 941428ms  win[N=60 min=14.6ms mean=16.6ms max=19.1ms] over[16ms=50 50ms=0 100ms=0 250ms=0]
05-18 11:48:43.652 11901 11918 I wasm_android_host::pr..: wandr-profile: frame  52260 t+ 942428ms  win[N=60 min=14.6ms mean=16.6ms max=19.2ms] over[16ms=51 50ms=0 100ms=0 250ms=0]
05-18 11:48:44.665 11901 11918 I wasm_android_host::pr..: wandr-profile: frame  52320 t+ 943441ms  win[N=60 min=10.6ms mean=16.8ms max=35.6ms] over[16ms=49 50ms=0 100ms=0 250ms=0]
05-18 11:48:45.664 11901 11918 I wasm_android_host::pr..: wandr-profile: frame  52380 t+ 944440ms  win[N=60 min=14.9ms mean=16.6ms max=18.2ms] over[16ms=52 50ms=0 100ms=0 250ms=0]
05-18 11:48:46.661 11901 11918 I wasm_android_host::pr..: wandr-profile: frame  52440 t+ 945437ms  win[N=60 min=13.9ms mean=16.5ms max=21.2ms] over[16ms=48 50ms=0 100ms=0 250ms=0]
05-18 11:48:47.659 11901 11918 I wasm_android_host::pr..: wandr-profile: frame  52500 t+ 946435ms  win[N=60 min=14.6ms mean=16.6ms max=18.7ms] over[16ms=52 50ms=0 100ms=0 250ms=0]
05-18 11:48:48.657 11901 11918 I wasm_android_host::pr..: wandr-profile: frame  52560 t+ 947432ms  win[N=60 min=14.5ms mean=16.6ms max=18.2ms] over[16ms=54 50ms=0 100ms=0 250ms=0]
05-18 11:48:49.655 11901 11918 I wasm_android_host::pr..: wandr-profile: frame  52620 t+ 948431ms  win[N=60 min=14.4ms mean=16.6ms max=18.9ms] over[16ms=56 50ms=0 100ms=0 250ms=0]
05-18 11:48:50.670 11901 11918 I wasm_android_host::pr..: wandr-profile: frame  52680 t+ 949445ms  win[N=60 min=14.2ms mean=16.8ms max=32.4ms] over[16ms=52 50ms=0 100ms=0 250ms=0]
05-18 11:48:51.667 11901 11918 I wasm_android_host::pr..: wandr-profile: frame  52740 t+ 950443ms  win[N=60 min=13.5ms mean=16.5ms max=20.2ms] over[16ms=49 50ms=0 100ms=0 250ms=0]
05-18 11:48:52.665 11901 11918 I wasm_android_host::pr..: wandr-profile: frame  52800 t+ 951440ms  win[N=60 min=14.5ms mean=16.5ms max=18.9ms] over[16ms=52 50ms=0 100ms=0 250ms=0]
05-18 11:48:53.663 11901 11918 I wasm_android_host::pr..: wandr-profile: frame  52860 t+ 952439ms  win[N=60 min=12.7ms mean=16.6ms max=20.4ms] over[16ms=47 50ms=0 100ms=0 250ms=0]
05-18 11:48:54.661 11901 11918 I wasm_android_host::pr..: wandr-profile: frame  52920 t+ 953436ms  win[N=60 min=14.2ms mean=16.6ms max=19.2ms] over[16ms=50 50ms=0 100ms=0 250ms=0]
05-18 11:48:55.658 11901 11918 I wasm_android_host::pr..: wandr-profile: frame  52980 t+ 954433ms  win[N=60 min=13.8ms mean=16.5ms max=19.4ms] over[16ms=48 50ms=0 100ms=0 250ms=0]
05-18 11:48:56.656 11901 11918 I wasm_android_host::pr..: wandr-profile: frame  53040 t+ 955432ms  win[N=60 min=15.0ms mean=16.6ms max=18.1ms] over[16ms=55 50ms=0 100ms=0 250ms=0]
05-18 11:48:57.654 11901 11918 I wasm_android_host::pr..: wandr-profile: frame  53100 t+ 956430ms  win[N=60 min=14.3ms mean=16.6ms max=18.9ms] over[16ms=56 50ms=0 100ms=0 250ms=0]
05-18 11:48:58.652 11901 11918 I wasm_android_host::pr..: wandr-profile: frame  53160 t+ 957428ms  win[N=60 min=14.5ms mean=16.6ms max=19.0ms] over[16ms=51 50ms=0 100ms=0 250ms=0]
05-18 11:48:59.650 11901 11918 I wasm_android_host::pr..: wandr-profile: frame  53220 t+ 958426ms  win[N=60 min=14.0ms mean=16.6ms max=18.9ms] over[16ms=51 50ms=0 100ms=0 250ms=0]
05-18 11:49:00.647 11901 11918 I wasm_android_host::pr..: wandr-profile: frame  53280 t+ 959423ms  win[N=60 min=14.0ms mean=16.5ms max=19.4ms] over[16ms=52 50ms=0 100ms=0 250ms=0]
05-18 11:49:01.645 11901 11918 I wasm_android_host::pr..: wandr-profile: frame  53340 t+ 960421ms  win[N=60 min=13.8ms mean=16.6ms max=19.0ms] over[16ms=52 50ms=0 100ms=0 250ms=0]
05-18 11:49:02.660 11901 11918 I wasm_android_host::pr..: wandr-profile: frame  53400 t+ 961435ms  win[N=60 min=13.5ms mean=16.8ms max=34.3ms] over[16ms=54 50ms=0 100ms=0 250ms=0]
05-18 11:49:03.656 11901 11918 I wasm_android_host::pr..: wandr-profile: frame  53460 t+ 962432ms  win[N=60 min=13.2ms mean=16.5ms max=20.9ms] over[16ms=52 50ms=0 100ms=0 250ms=0]
05-18 11:49:04.658 11901 11918 I wasm_android_host::pr..: wandr-profile: frame  53520 t+ 963434ms  win[N=60 min=14.4ms mean=16.6ms max=19.4ms] over[16ms=50 50ms=0 100ms=0 250ms=0]
05-18 11:49:05.655 11901 11918 I wasm_android_host::pr..: wandr-profile: frame  53580 t+ 964431ms  win[N=60 min=14.2ms mean=16.5ms max=18.1ms] over[16ms=57 50ms=0 100ms=0 250ms=0]
05-18 11:49:06.651 11901 11918 I wasm_android_host::pr..: wandr-profile: frame  53640 t+ 965427ms  win[N=60 min=14.4ms mean=16.5ms max=18.8ms] over[16ms=53 50ms=0 100ms=0 250ms=0]
05-18 11:49:07.649 11901 11918 I wasm_android_host::pr..: wandr-profile: frame  53700 t+ 966424ms  win[N=60 min=13.5ms mean=16.5ms max=20.0ms] over[16ms=53 50ms=0 100ms=0 250ms=0]
05-18 11:49:08.647 11901 11918 I wasm_android_host::pr..: wandr-profile: frame  53760 t+ 967423ms  win[N=60 min=13.9ms mean=16.6ms max=19.4ms] over[16ms=51 50ms=0 100ms=0 250ms=0]
05-18 11:49:09.645 11901 11918 I wasm_android_host::pr..: wandr-profile: frame  53820 t+ 968420ms  win[N=60 min=13.5ms mean=16.5ms max=19.9ms] over[16ms=50 50ms=0 100ms=0 250ms=0]
05-18 11:49:10.642 11901 11918 I wasm_android_host::pr..: wandr-profile: frame  53880 t+ 969418ms  win[N=60 min=14.9ms mean=16.6ms max=19.2ms] over[16ms=50 50ms=0 100ms=0 250ms=0]
05-18 11:49:11.640 11901 11918 I wasm_android_host::pr..: wandr-profile: frame  53940 t+ 970416ms  win[N=60 min=13.4ms mean=16.6ms max=19.4ms] over[16ms=52 50ms=0 100ms=0 250ms=0]
05-18 11:49:12.638 11901 11918 I wasm_android_host::pr..: wandr-profile: frame  54000 t+ 971414ms  win[N=60 min=14.2ms mean=16.6ms max=19.0ms] over[16ms=53 50ms=0 100ms=0 250ms=0]
05-18 11:49:13.653 11901 11918 I wasm_android_host::pr..: wandr-profile: frame  54060 t+ 972429ms  win[N=60 min=9.4ms mean=16.8ms max=33.0ms] over[16ms=43 50ms=0 100ms=0 250ms=0]
05-18 11:49:14.651 11901 11918 I wasm_android_host::pr..: wandr-profile: frame  54120 t+ 973427ms  win[N=60 min=13.7ms mean=16.6ms max=19.7ms] over[16ms=48 50ms=0 100ms=0 250ms=0]
05-18 11:49:15.649 11901 11918 I wasm_android_host::pr..: wandr-profile: frame  54180 t+ 974425ms  win[N=60 min=14.1ms mean=16.6ms max=19.5ms] over[16ms=51 50ms=0 100ms=0 250ms=0]
05-18 11:49:16.646 11901 11918 I wasm_android_host::pr..: wandr-profile: frame  54240 t+ 975422ms  win[N=60 min=14.1ms mean=16.5ms max=19.0ms] over[16ms=53 50ms=0 100ms=0 250ms=0]
05-18 11:49:17.644 11901 11918 I wasm_android_host::pr..: wandr-profile: frame  54300 t+ 976420ms  win[N=60 min=14.0ms mean=16.6ms max=19.4ms] over[16ms=51 50ms=0 100ms=0 250ms=0]
05-18 11:49:18.642 11901 11918 I wasm_android_host::pr..: wandr-profile: frame  54360 t+ 977418ms  win[N=60 min=14.5ms mean=16.6ms max=18.8ms] over[16ms=51 50ms=0 100ms=0 250ms=0]
05-18 11:49:19.673 11901 11918 I wasm_android_host::pr..: wandr-profile: frame  54420 t+ 978449ms  win[N=60 min=11.2ms mean=17.1ms max=34.1ms] over[16ms=49 50ms=0 100ms=0 250ms=0]
05-18 11:49:20.671 11901 11918 I wasm_android_host::pr..: wandr-profile: frame  54480 t+ 979447ms  win[N=60 min=14.0ms mean=16.6ms max=18.3ms] over[16ms=56 50ms=0 100ms=0 250ms=0]
05-18 11:49:21.686 11901 11918 I wasm_android_host::pr..: wandr-profile: frame  54540 t+ 980461ms  win[N=60 min=15.2ms mean=16.8ms max=34.7ms] over[16ms=54 50ms=0 100ms=0 250ms=0]
05-18 11:49:22.684 11901 11918 I wasm_android_host::pr..: wandr-profile: frame  54600 t+ 981459ms  win[N=60 min=14.2ms mean=16.6ms max=19.0ms] over[16ms=56 50ms=0 100ms=0 250ms=0]
05-18 11:49:23.681 11901 11918 I wasm_android_host::pr..: wandr-profile: frame  54660 t+ 982457ms  win[N=60 min=14.4ms mean=16.6ms max=20.0ms] over[16ms=47 50ms=0 100ms=0 250ms=0]
05-18 11:49:24.696 11901 11918 I wasm_android_host::pr..: wandr-profile: frame  54720 t+ 983472ms  win[N=60 min=11.5ms mean=16.8ms max=35.1ms] over[16ms=50 50ms=0 100ms=0 250ms=0]
05-18 11:49:25.715 11901 11918 I wasm_android_host::pr..: wandr-profile: frame  54780 t+ 984490ms  win[N=60 min=13.9ms mean=16.9ms max=34.9ms] over[16ms=54 50ms=0 100ms=0 250ms=0]
05-18 11:49:26.709 11901 11918 I wasm_android_host::pr..: wandr-profile: frame  54840 t+ 985484ms  win[N=60 min=13.1ms mean=16.5ms max=19.8ms] over[16ms=48 50ms=0 100ms=0 250ms=0]
05-18 11:49:27.723 11901 11918 I wasm_android_host::pr..: wandr-profile: frame  54900 t+ 986499ms  win[N=60 min=13.8ms mean=16.8ms max=34.9ms] over[16ms=52 50ms=0 100ms=0 250ms=0]
05-18 11:49:28.720 11901 11918 I wasm_android_host::pr..: wandr-profile: frame  54960 t+ 987495ms  win[N=60 min=13.8ms mean=16.5ms max=19.4ms] over[16ms=50 50ms=0 100ms=0 250ms=0]
05-18 11:49:29.718 11901 11918 I wasm_android_host::pr..: wandr-profile: frame  55020 t+ 988494ms  win[N=60 min=14.5ms mean=16.6ms max=19.2ms] over[16ms=47 50ms=0 100ms=0 250ms=0]
05-18 11:49:30.716 11901 11918 I wasm_android_host::pr..: wandr-profile: frame  55080 t+ 989492ms  win[N=60 min=14.2ms mean=16.6ms max=19.6ms] over[16ms=49 50ms=0 100ms=0 250ms=0]
05-18 11:49:31.714 11901 11918 I wasm_android_host::pr..: wandr-profile: frame  55140 t+ 990490ms  win[N=60 min=14.1ms mean=16.6ms max=18.7ms] over[16ms=48 50ms=0 100ms=0 250ms=0]
05-18 11:49:32.712 11901 11918 I wasm_android_host::pr..: wandr-profile: frame  55200 t+ 991488ms  win[N=60 min=14.1ms mean=16.6ms max=19.8ms] over[16ms=53 50ms=0 100ms=0 250ms=0]
05-18 11:49:33.710 11901 11918 I wasm_android_host::pr..: wandr-profile: frame  55260 t+ 992486ms  win[N=60 min=13.5ms mean=16.6ms max=19.5ms] over[16ms=54 50ms=0 100ms=0 250ms=0]
05-18 11:49:34.708 11901 11918 I wasm_android_host::pr..: wandr-profile: frame  55320 t+ 993483ms  win[N=60 min=13.7ms mean=16.5ms max=19.7ms] over[16ms=52 50ms=0 100ms=0 250ms=0]
05-18 11:49:35.722 11901 11918 I wasm_android_host::pr..: wandr-profile: frame  55380 t+ 994498ms  win[N=60 min=9.2ms mean=16.8ms max=35.6ms] over[16ms=46 50ms=0 100ms=0 250ms=0]
05-18 11:49:36.720 11901 11918 I wasm_android_host::pr..: wandr-profile: frame  55440 t+ 995496ms  win[N=60 min=13.5ms mean=16.6ms max=19.7ms] over[16ms=48 50ms=0 100ms=0 250ms=0]
05-18 11:49:37.718 11901 11918 I wasm_android_host::pr..: wandr-profile: frame  55500 t+ 996494ms  win[N=60 min=13.8ms mean=16.6ms max=19.1ms] over[16ms=47 50ms=0 100ms=0 250ms=0]
05-18 11:49:38.716 11901 11918 I wasm_android_host::pr..: wandr-profile: frame  55560 t+ 997492ms  win[N=60 min=14.4ms mean=16.6ms max=18.6ms] over[16ms=48 50ms=0 100ms=0 250ms=0]
05-18 11:49:39.715 11901 11918 I wasm_android_host::pr..: wandr-profile: frame  55620 t+ 998491ms  win[N=60 min=14.1ms mean=16.6ms max=19.5ms] over[16ms=53 50ms=0 100ms=0 250ms=0]
05-18 11:49:40.712 11901 11918 I wasm_android_host::pr..: wandr-profile: frame  55680 t+ 999488ms  win[N=60 min=14.1ms mean=16.5ms max=19.2ms] over[16ms=51 50ms=0 100ms=0 250ms=0]
05-18 11:49:41.712 11901 11918 I wasm_android_host::pr..: wandr-profile: frame  55740 t+1000487ms  win[N=60 min=14.5ms mean=16.6ms max=18.4ms] over[16ms=56 50ms=0 100ms=0 250ms=0]
05-18 11:49:42.708 11901 11918 I wasm_android_host::pr..: wandr-profile: frame  55800 t+1001483ms  win[N=60 min=14.2ms mean=16.5ms max=19.0ms] over[16ms=53 50ms=0 100ms=0 250ms=0]
05-18 11:49:43.722 11901 11918 I wasm_android_host::pr..: wandr-profile: frame  55860 t+1002498ms  win[N=60 min=13.8ms mean=16.8ms max=31.2ms] over[16ms=53 50ms=0 100ms=0 250ms=0]
05-18 11:49:44.720 11901 11918 I wasm_android_host::pr..: wandr-profile: frame  55920 t+1003495ms  win[N=60 min=14.0ms mean=16.5ms max=19.1ms] over[16ms=52 50ms=0 100ms=0 250ms=0]
05-18 11:49:45.718 11901 11918 I wasm_android_host::pr..: wandr-profile: frame  55980 t+1004494ms  win[N=60 min=13.6ms mean=16.6ms max=19.5ms] over[16ms=53 50ms=0 100ms=0 250ms=0]
05-18 11:49:46.716 11901 11918 I wasm_android_host::pr..: wandr-profile: frame  56040 t+1005491ms  win[N=60 min=15.1ms mean=16.5ms max=18.1ms] over[16ms=53 50ms=0 100ms=0 250ms=0]
05-18 11:49:47.731 11901 11918 I wasm_android_host::pr..: wandr-profile: frame  56100 t+1006506ms  win[N=60 min=13.5ms mean=16.8ms max=32.7ms] over[16ms=51 50ms=0 100ms=0 250ms=0]
05-18 11:49:48.728 11901 11918 I wasm_android_host::pr..: wandr-profile: frame  56160 t+1007504ms  win[N=60 min=14.0ms mean=16.5ms max=19.5ms] over[16ms=47 50ms=0 100ms=0 250ms=0]
05-18 11:49:49.743 11901 11918 I wasm_android_host::pr..: wandr-profile: frame  56220 t+1008519ms  win[N=60 min=9.3ms mean=16.8ms max=35.4ms] over[16ms=48 50ms=0 100ms=0 250ms=0]
05-18 11:49:50.741 11901 11918 I wasm_android_host::pr..: wandr-profile: frame  56280 t+1009516ms  win[N=60 min=13.6ms mean=16.6ms max=19.7ms] over[16ms=50 50ms=0 100ms=0 250ms=0]
05-18 11:49:51.754 11901 11918 I wasm_android_host::pr..: wandr-profile: frame  56340 t+1010530ms  win[N=60 min=10.0ms mean=16.8ms max=33.8ms] over[16ms=52 50ms=0 100ms=0 250ms=0]
05-18 11:49:52.753 11901 11918 I wasm_android_host::pr..: wandr-profile: frame  56400 t+1011529ms  win[N=60 min=14.1ms mean=16.6ms max=19.5ms] over[16ms=52 50ms=0 100ms=0 250ms=0]
05-18 11:49:53.767 11901 11918 I wasm_android_host::pr..: wandr-profile: frame  56460 t+1012543ms  win[N=60 min=14.6ms mean=16.8ms max=34.5ms] over[16ms=56 50ms=0 100ms=0 250ms=0]
05-18 11:49:54.765 11901 11918 I wasm_android_host::pr..: wandr-profile: frame  56520 t+1013541ms  win[N=60 min=14.4ms mean=16.6ms max=18.5ms] over[16ms=51 50ms=0 100ms=0 250ms=0]
05-18 11:49:55.762 11901 11918 I wasm_android_host::pr..: wandr-profile: frame  56580 t+1014538ms  win[N=60 min=13.1ms mean=16.5ms max=19.1ms] over[16ms=50 50ms=0 100ms=0 250ms=0]
05-18 11:49:56.761 11901 11918 I wasm_android_host::pr..: wandr-profile: frame  56640 t+1015537ms  win[N=60 min=13.6ms mean=16.6ms max=19.7ms] over[16ms=52 50ms=0 100ms=0 250ms=0]
05-18 11:49:57.759 11901 11918 I wasm_android_host::pr..: wandr-profile: frame  56700 t+1016535ms  win[N=60 min=14.0ms mean=16.5ms max=18.2ms] over[16ms=50 50ms=0 100ms=0 250ms=0]
05-18 11:49:58.758 11901 11918 I wasm_android_host::pr..: wandr-profile: frame  56760 t+1017534ms  win[N=60 min=14.4ms mean=16.6ms max=18.3ms] over[16ms=52 50ms=0 100ms=0 250ms=0]
05-18 11:49:59.756 11901 11918 I wasm_android_host::pr..: wandr-profile: frame  56820 t+1018531ms  win[N=60 min=14.0ms mean=16.5ms max=19.9ms] over[16ms=48 50ms=0 100ms=0 250ms=0]
05-18 11:50:00.753 11901 11918 I wasm_android_host::pr..: wandr-profile: frame  56880 t+1019528ms  win[N=60 min=14.1ms mean=16.5ms max=18.9ms] over[16ms=49 50ms=0 100ms=0 250ms=0]
05-18 11:50:01.751 11901 11918 I wasm_android_host::pr..: wandr-profile: frame  56940 t+1020526ms  win[N=60 min=14.4ms mean=16.6ms max=19.6ms] over[16ms=52 50ms=0 100ms=0 250ms=0]
05-18 11:50:02.748 11901 11918 I wasm_android_host::pr..: wandr-profile: frame  57000 t+1021524ms  win[N=60 min=13.9ms mean=16.5ms max=19.3ms] over[16ms=53 50ms=0 100ms=0 250ms=0]
05-18 11:50:03.746 11901 11918 I wasm_android_host::pr..: wandr-profile: frame  57060 t+1022522ms  win[N=60 min=13.6ms mean=16.6ms max=19.6ms] over[16ms=51 50ms=0 100ms=0 250ms=0]
05-18 11:50:04.744 11901 11918 I wasm_android_host::pr..: wandr-profile: frame  57120 t+1023520ms  win[N=60 min=13.5ms mean=16.6ms max=18.9ms] over[16ms=52 50ms=0 100ms=0 250ms=0]
05-18 11:50:05.742 11901 11918 I wasm_android_host::pr..: wandr-profile: frame  57180 t+1024518ms  win[N=60 min=14.5ms mean=16.6ms max=19.4ms] over[16ms=47 50ms=0 100ms=0 250ms=0]
05-18 11:50:06.740 11901 11918 I wasm_android_host::pr..: wandr-profile: frame  57240 t+1025516ms  win[N=60 min=14.8ms mean=16.6ms max=18.5ms] over[16ms=50 50ms=0 100ms=0 250ms=0]
05-18 11:50:07.739 11901 11918 I wasm_android_host::pr..: wandr-profile: frame  57300 t+1026514ms  win[N=60 min=13.9ms mean=16.6ms max=19.4ms] over[16ms=52 50ms=0 100ms=0 250ms=0]
05-18 11:50:08.738 11901 11918 I wasm_android_host::pr..: wandr-profile: frame  57360 t+1027514ms  win[N=60 min=13.9ms mean=16.6ms max=19.2ms] over[16ms=51 50ms=0 100ms=0 250ms=0]
05-18 11:50:09.733 11901 11918 I wasm_android_host::pr..: wandr-profile: frame  57420 t+1028509ms  win[N=60 min=14.0ms mean=16.5ms max=19.1ms] over[16ms=48 50ms=0 100ms=0 250ms=0]
05-18 11:50:10.732 11901 11918 I wasm_android_host::pr..: wandr-profile: frame  57480 t+1029508ms  win[N=60 min=14.4ms mean=16.6ms max=20.0ms] over[16ms=54 50ms=0 100ms=0 250ms=0]
05-18 11:50:11.729 11901 11918 I wasm_android_host::pr..: wandr-profile: frame  57540 t+1030505ms  win[N=60 min=13.9ms mean=16.5ms max=18.5ms] over[16ms=50 50ms=0 100ms=0 250ms=0]
05-18 11:50:12.727 11901 11918 I wasm_android_host::pr..: wandr-profile: frame  57600 t+1031503ms  win[N=60 min=13.7ms mean=16.6ms max=19.4ms] over[16ms=53 50ms=0 100ms=0 250ms=0]
05-18 11:50:13.725 11901 11918 I wasm_android_host::pr..: wandr-profile: frame  57660 t+1032501ms  win[N=60 min=13.7ms mean=16.6ms max=19.6ms] over[16ms=49 50ms=0 100ms=0 250ms=0]
05-18 11:50:14.739 11901 11918 I wasm_android_host::pr..: wandr-profile: frame  57720 t+1033515ms  win[N=60 min=10.1ms mean=16.8ms max=34.6ms] over[16ms=50 50ms=0 100ms=0 250ms=0]
05-18 11:50:15.737 11901 11918 I wasm_android_host::pr..: wandr-profile: frame  57780 t+1034513ms  win[N=60 min=14.0ms mean=16.6ms max=18.9ms] over[16ms=53 50ms=0 100ms=0 250ms=0]
05-18 11:50:16.736 11901 11918 I wasm_android_host::pr..: wandr-profile: frame  57840 t+1035511ms  win[N=60 min=13.3ms mean=16.6ms max=19.9ms] over[16ms=52 50ms=0 100ms=0 250ms=0]
05-18 11:50:17.733 11901 11918 I wasm_android_host::pr..: wandr-profile: frame  57900 t+1036509ms  win[N=60 min=14.4ms mean=16.5ms max=19.0ms] over[16ms=50 50ms=0 100ms=0 250ms=0]
05-18 11:50:18.731 11901 11918 I wasm_android_host::pr..: wandr-profile: frame  57960 t+1037507ms  win[N=60 min=13.9ms mean=16.6ms max=20.2ms] over[16ms=46 50ms=0 100ms=0 250ms=0]
05-18 11:50:19.729 11901 11918 I wasm_android_host::pr..: wandr-profile: frame  58020 t+1038505ms  win[N=60 min=14.7ms mean=16.6ms max=18.9ms] over[16ms=51 50ms=0 100ms=0 250ms=0]
05-18 11:50:20.726 11901 11918 I wasm_android_host::pr..: wandr-profile: frame  58080 t+1039502ms  win[N=60 min=13.1ms mean=16.5ms max=19.1ms] over[16ms=47 50ms=0 100ms=0 250ms=0]
05-18 11:50:21.725 11901 11918 I wasm_android_host::pr..: wandr-profile: frame  58140 t+1040500ms  win[N=60 min=13.8ms mean=16.6ms max=19.5ms] over[16ms=55 50ms=0 100ms=0 250ms=0]
05-18 11:50:22.722 11901 11918 I wasm_android_host::pr..: wandr-profile: frame  58200 t+1041498ms  win[N=60 min=14.4ms mean=16.6ms max=19.0ms] over[16ms=50 50ms=0 100ms=0 250ms=0]
05-18 11:50:23.738 11901 11918 I wasm_android_host::pr..: wandr-profile: frame  58260 t+1042514ms  win[N=60 min=13.4ms mean=16.9ms max=32.4ms] over[16ms=44 50ms=0 100ms=0 250ms=0]
05-18 11:50:24.736 11901 11918 I wasm_android_host::pr..: wandr-profile: frame  58320 t+1043512ms  win[N=60 min=13.9ms mean=16.5ms max=19.2ms] over[16ms=50 50ms=0 100ms=0 250ms=0]
05-18 11:50:25.733 11901 11918 I wasm_android_host::pr..: wandr-profile: frame  58380 t+1044509ms  win[N=60 min=14.2ms mean=16.5ms max=18.6ms] over[16ms=53 50ms=0 100ms=0 250ms=0]
05-18 11:50:26.731 11901 11918 I wasm_android_host::pr..: wandr-profile: frame  58440 t+1045506ms  win[N=60 min=14.2ms mean=16.6ms max=18.9ms] over[16ms=48 50ms=0 100ms=0 250ms=0]
05-18 11:50:27.728 11901 11918 I wasm_android_host::pr..: wandr-profile: frame  58500 t+1046504ms  win[N=60 min=14.1ms mean=16.6ms max=19.5ms] over[16ms=53 50ms=0 100ms=0 250ms=0]
05-18 11:50:28.743 11901 11918 I wasm_android_host::pr..: wandr-profile: frame  58560 t+1047519ms  win[N=60 min=14.7ms mean=16.8ms max=34.2ms] over[16ms=49 50ms=0 100ms=0 250ms=0]
05-18 11:50:29.741 11901 11918 I wasm_android_host::pr..: wandr-profile: frame  58620 t+1048517ms  win[N=60 min=13.7ms mean=16.6ms max=19.8ms] over[16ms=47 50ms=0 100ms=0 250ms=0]
05-18 11:50:30.739 11901 11918 I wasm_android_host::pr..: wandr-profile: frame  58680 t+1049514ms  win[N=60 min=13.7ms mean=16.6ms max=19.4ms] over[16ms=44 50ms=0 100ms=0 250ms=0]
05-18 11:50:31.739 11901 11918 I wasm_android_host::pr..: wandr-profile: frame  58740 t+1050514ms  win[N=60 min=14.8ms mean=16.6ms max=18.5ms] over[16ms=55 50ms=0 100ms=0 250ms=0]
05-18 11:50:32.735 11901 11918 I wasm_android_host::pr..: wandr-profile: frame  58800 t+1051511ms  win[N=60 min=14.3ms mean=16.5ms max=19.0ms] over[16ms=51 50ms=0 100ms=0 250ms=0]
05-18 11:50:33.732 11901 11918 I wasm_android_host::pr..: wandr-profile: frame  58860 t+1052508ms  win[N=60 min=14.8ms mean=16.5ms max=19.9ms] over[16ms=47 50ms=0 100ms=0 250ms=0]
05-18 11:50:34.732 11901 11918 I wasm_android_host::pr..: wandr-profile: frame  58920 t+1053507ms  win[N=60 min=14.8ms mean=16.6ms max=18.4ms] over[16ms=49 50ms=0 100ms=0 250ms=0]
05-18 11:50:35.728 11901 11918 I wasm_android_host::pr..: wandr-profile: frame  58980 t+1054504ms  win[N=60 min=14.4ms mean=16.5ms max=20.2ms] over[16ms=48 50ms=0 100ms=0 250ms=0]
05-18 11:50:36.726 11901 11918 I wasm_android_host::pr..: wandr-profile: frame  59040 t+1055502ms  win[N=60 min=14.7ms mean=16.6ms max=19.5ms] over[16ms=48 50ms=0 100ms=0 250ms=0]
05-18 11:50:37.724 11901 11918 I wasm_android_host::pr..: wandr-profile: frame  59100 t+1056499ms  win[N=60 min=14.0ms mean=16.6ms max=19.1ms] over[16ms=51 50ms=0 100ms=0 250ms=0]
05-18 11:50:38.722 11901 11918 I wasm_android_host::pr..: wandr-profile: frame  59160 t+1057498ms  win[N=60 min=13.7ms mean=16.6ms max=19.3ms] over[16ms=48 50ms=0 100ms=0 250ms=0]
05-18 11:50:39.719 11901 11918 I wasm_android_host::pr..: wandr-profile: frame  59220 t+1058495ms  win[N=60 min=14.2ms mean=16.5ms max=18.9ms] over[16ms=50 50ms=0 100ms=0 250ms=0]
05-18 11:50:40.717 11901 11918 I wasm_android_host::pr..: wandr-profile: frame  59280 t+1059493ms  win[N=60 min=13.7ms mean=16.6ms max=19.5ms] over[16ms=50 50ms=0 100ms=0 250ms=0]
05-18 11:50:41.716 11901 11918 I wasm_android_host::pr..: wandr-profile: frame  59340 t+1060491ms  win[N=60 min=14.1ms mean=16.6ms max=19.0ms] over[16ms=52 50ms=0 100ms=0 250ms=0]
05-18 11:50:42.713 11901 11918 I wasm_android_host::pr..: wandr-profile: frame  59400 t+1061488ms  win[N=60 min=14.0ms mean=16.5ms max=18.5ms] over[16ms=51 50ms=0 100ms=0 250ms=0]
05-18 11:50:43.711 11901 11918 I wasm_android_host::pr..: wandr-profile: frame  59460 t+1062487ms  win[N=60 min=13.8ms mean=16.6ms max=19.8ms] over[16ms=48 50ms=0 100ms=0 250ms=0]
05-18 11:50:44.709 11901 11918 I wasm_android_host::pr..: wandr-profile: frame  59520 t+1063485ms  win[N=60 min=14.8ms mean=16.6ms max=19.8ms] over[16ms=50 50ms=0 100ms=0 250ms=0]
05-18 11:50:45.723 11901 11918 I wasm_android_host::pr..: wandr-profile: frame  59580 t+1064499ms  win[N=60 min=14.1ms mean=16.8ms max=32.3ms] over[16ms=47 50ms=0 100ms=0 250ms=0]
05-18 11:50:46.721 11901 11918 I wasm_android_host::pr..: wandr-profile: frame  59640 t+1065497ms  win[N=60 min=13.7ms mean=16.6ms max=19.8ms] over[16ms=48 50ms=0 100ms=0 250ms=0]
05-18 11:50:47.738 11901 11918 I wasm_android_host::pr..: wandr-profile: frame  59700 t+1066514ms  win[N=60 min=13.8ms mean=16.9ms max=33.2ms] over[16ms=54 50ms=0 100ms=0 250ms=0]
05-18 11:50:48.734 11901 11918 I wasm_android_host::pr..: wandr-profile: frame  59760 t+1067509ms  win[N=60 min=14.1ms mean=16.5ms max=19.2ms] over[16ms=45 50ms=0 100ms=0 250ms=0]
05-18 11:50:49.732 11901 11918 I wasm_android_host::pr..: wandr-profile: frame  59820 t+1068508ms  win[N=60 min=14.3ms mean=16.6ms max=19.0ms] over[16ms=55 50ms=0 100ms=0 250ms=0]
05-18 11:50:50.746 11901 11918 I wasm_android_host::pr..: wandr-profile: frame  59880 t+1069522ms  win[N=60 min=14.3ms mean=16.8ms max=32.4ms] over[16ms=45 50ms=0 100ms=0 250ms=0]
05-18 11:50:51.744 11901 11918 I wasm_android_host::pr..: wandr-profile: frame  59940 t+1070520ms  win[N=60 min=13.7ms mean=16.6ms max=20.4ms] over[16ms=44 50ms=0 100ms=0 250ms=0]
05-18 11:50:52.759 11901 11918 I wasm_android_host::pr..: wandr-profile: frame  60000 t+1071535ms  win[N=60 min=9.6ms mean=16.8ms max=35.6ms] over[16ms=47 50ms=0 100ms=0 250ms=0]
05-18 11:50:53.757 11901 11918 I wasm_android_host::pr..: wandr-profile: frame  60060 t+1072532ms  win[N=60 min=15.2ms mean=16.6ms max=18.6ms] over[16ms=47 50ms=0 100ms=0 250ms=0]
05-18 11:50:54.753 11901 11918 I wasm_android_host::pr..: wandr-profile: frame  60120 t+1073529ms  win[N=60 min=14.5ms mean=16.5ms max=19.3ms] over[16ms=49 50ms=0 100ms=0 250ms=0]
05-18 11:50:55.752 11901 11918 I wasm_android_host::pr..: wandr-profile: frame  60180 t+1074527ms  win[N=60 min=13.3ms mean=16.6ms max=20.0ms] over[16ms=50 50ms=0 100ms=0 250ms=0]
05-18 11:50:56.750 11901 11918 I wasm_android_host::pr..: wandr-profile: frame  60240 t+1075526ms  win[N=60 min=13.8ms mean=16.6ms max=19.4ms] over[16ms=50 50ms=0 100ms=0 250ms=0]
05-18 11:50:57.748 11901 11918 I wasm_android_host::pr..: wandr-profile: frame  60300 t+1076524ms  win[N=60 min=15.0ms mean=16.6ms max=19.5ms] over[16ms=50 50ms=0 100ms=0 250ms=0]
05-18 11:50:58.746 11901 11918 I wasm_android_host::pr..: wandr-profile: frame  60360 t+1077522ms  win[N=60 min=14.5ms mean=16.6ms max=19.8ms] over[16ms=46 50ms=0 100ms=0 250ms=0]
05-18 11:50:59.760 11901 11918 I wasm_android_host::pr..: wandr-profile: frame  60420 t+1078536ms  win[N=60 min=15.1ms mean=16.8ms max=32.6ms] over[16ms=49 50ms=0 100ms=0 250ms=0]
05-18 11:51:00.758 11901 11918 I wasm_android_host::pr..: wandr-profile: frame  60480 t+1079534ms  win[N=60 min=14.2ms mean=16.5ms max=20.5ms] over[16ms=43 50ms=0 100ms=0 250ms=0]
05-18 11:51:01.755 11901 11918 I wasm_android_host::pr..: wandr-profile: frame  60540 t+1080530ms  win[N=60 min=14.3ms mean=16.5ms max=19.2ms] over[16ms=41 50ms=0 100ms=0 250ms=0]
05-18 11:51:02.754 11901 11918 I wasm_android_host::pr..: wandr-profile: frame  60600 t+1081530ms  win[N=60 min=13.4ms mean=16.6ms max=20.4ms] over[16ms=44 50ms=0 100ms=0 250ms=0]
05-18 11:51:03.753 11901 11918 I wasm_android_host::pr..: wandr-profile: frame  60660 t+1082528ms  win[N=60 min=13.9ms mean=16.6ms max=19.6ms] over[16ms=48 50ms=0 100ms=0 250ms=0]
05-18 11:51:04.749 11901 11918 I wasm_android_host::pr..: wandr-profile: frame  60720 t+1083525ms  win[N=60 min=14.4ms mean=16.5ms max=18.8ms] over[16ms=46 50ms=0 100ms=0 250ms=0]
05-18 11:51:05.748 11901 11918 I wasm_android_host::pr..: wandr-profile: frame  60780 t+1084523ms  win[N=60 min=13.1ms mean=16.6ms max=20.3ms] over[16ms=50 50ms=0 100ms=0 250ms=0]
05-18 11:51:06.745 11901 11918 I wasm_android_host::pr..: wandr-profile: frame  60840 t+1085521ms  win[N=60 min=14.4ms mean=16.6ms max=20.3ms] over[16ms=40 50ms=0 100ms=0 250ms=0]
05-18 11:51:07.743 11901 11918 I wasm_android_host::pr..: wandr-profile: frame  60900 t+1086519ms  win[N=60 min=13.7ms mean=16.6ms max=19.3ms] over[16ms=46 50ms=0 100ms=0 250ms=0]
05-18 11:51:08.740 11901 11918 I wasm_android_host::pr..: wandr-profile: frame  60960 t+1087516ms  win[N=60 min=13.8ms mean=16.5ms max=20.3ms] over[16ms=42 50ms=0 100ms=0 250ms=0]
05-18 11:51:09.741 11901 11918 I wasm_android_host::pr..: wandr-profile: frame  61020 t+1088516ms  win[N=60 min=15.0ms mean=16.6ms max=20.3ms] over[16ms=48 50ms=0 100ms=0 250ms=0]
05-18 11:51:10.739 11901 11918 I wasm_android_host::pr..: wandr-profile: frame  61080 t+1089514ms  win[N=60 min=13.7ms mean=16.6ms max=19.2ms] over[16ms=47 50ms=0 100ms=0 250ms=0]
05-18 11:51:11.734 11901 11918 I wasm_android_host::pr..: wandr-profile: frame  61140 t+1090510ms  win[N=60 min=14.4ms mean=16.5ms max=20.2ms] over[16ms=44 50ms=0 100ms=0 250ms=0]
05-18 11:51:12.733 11901 11918 I wasm_android_host::pr..: wandr-profile: frame  61200 t+1091508ms  win[N=60 min=14.4ms mean=16.6ms max=19.2ms] over[16ms=45 50ms=0 100ms=0 250ms=0]
05-18 11:51:13.747 11901 11918 I wasm_android_host::pr..: wandr-profile: frame  61260 t+1092523ms  win[N=60 min=14.1ms mean=16.8ms max=32.5ms] over[16ms=47 50ms=0 100ms=0 250ms=0]
05-18 11:51:14.745 11901 11918 I wasm_android_host::pr..: wandr-profile: frame  61320 t+1093521ms  win[N=60 min=14.4ms mean=16.6ms max=18.4ms] over[16ms=47 50ms=0 100ms=0 250ms=0]
05-18 11:51:15.758 11901 11918 I wasm_android_host::pr..: wandr-profile: frame  61380 t+1094534ms  win[N=60 min=14.6ms mean=16.8ms max=34.2ms] over[16ms=45 50ms=0 100ms=0 250ms=0]
05-18 11:51:16.756 11901 11918 I wasm_android_host::pr..: wandr-profile: frame  61440 t+1095531ms  win[N=60 min=14.2ms mean=16.6ms max=20.6ms] over[16ms=44 50ms=0 100ms=0 250ms=0]
05-18 11:51:17.771 11901 11918 I wasm_android_host::pr..: wandr-profile: frame  61500 t+1096547ms  win[N=60 min=10.2ms mean=16.9ms max=37.8ms] over[16ms=41 50ms=0 100ms=0 250ms=0]
05-18 11:51:18.785 11901 11918 I wasm_android_host::pr..: wandr-profile: frame  61560 t+1097561ms  win[N=60 min=10.5ms mean=16.8ms max=34.6ms] over[16ms=43 50ms=0 100ms=0 250ms=0]
05-18 11:51:19.784 11901 11918 I wasm_android_host::pr..: wandr-profile: frame  61620 t+1098560ms  win[N=60 min=14.7ms mean=16.6ms max=20.0ms] over[16ms=46 50ms=0 100ms=0 250ms=0]
05-18 11:51:20.781 11901 11918 I wasm_android_host::pr..: wandr-profile: frame  61680 t+1099557ms  win[N=60 min=14.4ms mean=16.5ms max=20.4ms] over[16ms=43 50ms=0 100ms=0 250ms=0]
05-18 11:51:21.797 11901 11918 I wasm_android_host::pr..: wandr-profile: frame  61740 t+1100572ms  win[N=60 min=13.5ms mean=16.9ms max=36.0ms] over[16ms=45 50ms=0 100ms=0 250ms=0]
05-18 11:51:22.793 11901 11918 I wasm_android_host::pr..: wandr-profile: frame  61800 t+1101569ms  win[N=60 min=13.8ms mean=16.5ms max=20.6ms] over[16ms=44 50ms=0 100ms=0 250ms=0]
05-18 11:51:23.792 11901 11918 I wasm_android_host::pr..: wandr-profile: frame  61860 t+1102568ms  win[N=60 min=14.0ms mean=16.6ms max=20.4ms] over[16ms=41 50ms=0 100ms=0 250ms=0]
05-18 11:51:24.807 11901 11918 I wasm_android_host::pr..: wandr-profile: frame  61920 t+1103582ms  win[N=60 min=13.5ms mean=16.8ms max=34.9ms] over[16ms=45 50ms=0 100ms=0 250ms=0]
05-18 11:51:25.805 11901 11918 I wasm_android_host::pr..: wandr-profile: frame  61980 t+1104581ms  win[N=60 min=14.1ms mean=16.6ms max=18.8ms] over[16ms=46 50ms=0 100ms=0 250ms=0]
05-18 11:51:26.802 11901 11918 I wasm_android_host::pr..: wandr-profile: frame  62040 t+1105578ms  win[N=60 min=14.3ms mean=16.6ms max=20.2ms] over[16ms=45 50ms=0 100ms=0 250ms=0]
05-18 11:51:27.799 11901 11918 I wasm_android_host::pr..: wandr-profile: frame  62100 t+1106575ms  win[N=60 min=14.9ms mean=16.5ms max=18.5ms] over[16ms=44 50ms=0 100ms=0 250ms=0]
05-18 11:51:28.797 11901 11918 I wasm_android_host::pr..: wandr-profile: frame  62160 t+1107573ms  win[N=60 min=14.0ms mean=16.6ms max=20.4ms] over[16ms=42 50ms=0 100ms=0 250ms=0]
05-18 11:51:29.813 11901 11918 I wasm_android_host::pr..: wandr-profile: frame  62220 t+1108589ms  win[N=60 min=10.1ms mean=16.9ms max=35.4ms] over[16ms=40 50ms=0 100ms=0 250ms=0]
05-18 11:51:30.811 11901 11918 I wasm_android_host::pr..: wandr-profile: frame  62280 t+1109587ms  win[N=60 min=13.4ms mean=16.6ms max=19.8ms] over[16ms=43 50ms=0 100ms=0 250ms=0]
05-18 11:51:31.826 11901 11918 I wasm_android_host::pr..: wandr-profile: frame  62340 t+1110601ms  win[N=60 min=13.4ms mean=16.8ms max=32.4ms] over[16ms=42 50ms=0 100ms=0 250ms=0]
05-18 11:51:32.822 11901 11918 I wasm_android_host::pr..: wandr-profile: frame  62400 t+1111598ms  win[N=60 min=14.4ms mean=16.5ms max=19.0ms] over[16ms=46 50ms=0 100ms=0 250ms=0]
05-18 11:51:33.820 11901 11918 I wasm_android_host::pr..: wandr-profile: frame  62460 t+1112596ms  win[N=60 min=14.0ms mean=16.6ms max=20.7ms] over[16ms=46 50ms=0 100ms=0 250ms=0]
05-18 11:51:34.819 11901 11918 I wasm_android_host::pr..: wandr-profile: frame  62520 t+1113594ms  win[N=60 min=14.3ms mean=16.6ms max=18.4ms] over[16ms=47 50ms=0 100ms=0 250ms=0]
05-18 11:51:35.819 11901 11918 I wasm_android_host::pr..: wandr-profile: frame  62580 t+1114594ms  win[N=60 min=14.2ms mean=16.6ms max=19.6ms] over[16ms=41 50ms=0 100ms=0 250ms=0]
05-18 11:51:36.814 11901 11918 I wasm_android_host::pr..: wandr-profile: frame  62640 t+1115589ms  win[N=60 min=13.5ms mean=16.5ms max=20.3ms] over[16ms=42 50ms=0 100ms=0 250ms=0]
05-18 11:51:37.830 11901 11918 I wasm_android_host::pr..: wandr-profile: frame  62700 t+1116605ms  win[N=60 min=13.6ms mean=16.9ms max=34.6ms] over[16ms=42 50ms=0 100ms=0 250ms=0]
05-18 11:51:38.828 11901 11918 I wasm_android_host::pr..: wandr-profile: frame  62760 t+1117603ms  win[N=60 min=14.1ms mean=16.6ms max=21.1ms] over[16ms=45 50ms=0 100ms=0 250ms=0]
05-18 11:51:39.825 11901 11918 I wasm_android_host::pr..: wandr-profile: frame  62820 t+1118601ms  win[N=60 min=13.6ms mean=16.6ms max=20.0ms] over[16ms=39 50ms=0 100ms=0 250ms=0]
05-18 11:51:40.822 11901 11918 I wasm_android_host::pr..: wandr-profile: frame  62880 t+1119598ms  win[N=60 min=14.8ms mean=16.5ms max=20.0ms] over[16ms=44 50ms=0 100ms=0 250ms=0]
05-18 11:51:41.820 11901 11918 I wasm_android_host::pr..: wandr-profile: frame  62940 t+1120595ms  win[N=60 min=14.4ms mean=16.6ms max=19.7ms] over[16ms=45 50ms=0 100ms=0 250ms=0]
05-18 11:51:42.834 11901 11918 I wasm_android_host::pr..: wandr-profile: frame  63000 t+1121610ms  win[N=60 min=14.3ms mean=16.8ms max=32.8ms] over[16ms=45 50ms=0 100ms=0 250ms=0]
05-18 11:51:43.832 11901 11918 I wasm_android_host::pr..: wandr-profile: frame  63060 t+1122608ms  win[N=60 min=14.2ms mean=16.6ms max=20.4ms] over[16ms=42 50ms=0 100ms=0 250ms=0]
05-18 11:51:44.832 11901 11918 I wasm_android_host::pr..: wandr-profile: frame  63120 t+1123608ms  win[N=60 min=14.3ms mean=16.6ms max=20.3ms] over[16ms=43 50ms=0 100ms=0 250ms=0]
05-18 11:51:45.830 11901 11918 I wasm_android_host::pr..: wandr-profile: frame  63180 t+1124606ms  win[N=60 min=14.8ms mean=16.6ms max=19.3ms] over[16ms=44 50ms=0 100ms=0 250ms=0]
05-18 11:51:46.828 11901 11918 I wasm_android_host::pr..: wandr-profile: frame  63240 t+1125603ms  win[N=60 min=14.5ms mean=16.6ms max=19.9ms] over[16ms=43 50ms=0 100ms=0 250ms=0]
05-18 11:51:47.841 11901 11918 I wasm_android_host::pr..: wandr-profile: frame  63300 t+1126617ms  win[N=60 min=12.4ms mean=16.8ms max=34.7ms] over[16ms=44 50ms=0 100ms=0 250ms=0]
05-18 11:51:48.838 11901 11918 I wasm_android_host::pr..: wandr-profile: frame  63360 t+1127614ms  win[N=60 min=14.7ms mean=16.5ms max=20.1ms] over[16ms=43 50ms=0 100ms=0 250ms=0]
05-18 11:51:49.837 11901 11918 I wasm_android_host::pr..: wandr-profile: frame  63420 t+1128613ms  win[N=60 min=14.2ms mean=16.6ms max=20.6ms] over[16ms=47 50ms=0 100ms=0 250ms=0]
05-18 11:51:50.836 11901 11918 I wasm_android_host::pr..: wandr-profile: frame  63480 t+1129612ms  win[N=60 min=14.8ms mean=16.6ms max=19.8ms] over[16ms=44 50ms=0 100ms=0 250ms=0]
05-18 11:51:51.850 11901 11918 I wasm_android_host::pr..: wandr-profile: frame  63540 t+1130626ms  win[N=60 min=12.9ms mean=16.8ms max=33.0ms] over[16ms=46 50ms=0 100ms=0 250ms=0]
05-18 11:51:52.848 11901 11918 I wasm_android_host::pr..: wandr-profile: frame  63600 t+1131624ms  win[N=60 min=14.4ms mean=16.6ms max=20.7ms] over[16ms=45 50ms=0 100ms=0 250ms=0]
05-18 11:51:53.846 11901 11918 I wasm_android_host::pr..: wandr-profile: frame  63660 t+1132622ms  win[N=60 min=13.8ms mean=16.6ms max=19.8ms] over[16ms=47 50ms=0 100ms=0 250ms=0]
05-18 11:51:54.843 11901 11918 I wasm_android_host::pr..: wandr-profile: frame  63720 t+1133619ms  win[N=60 min=14.8ms mean=16.5ms max=19.5ms] over[16ms=42 50ms=0 100ms=0 250ms=0]
05-18 11:51:55.841 11901 11918 I wasm_android_host::pr..: wandr-profile: frame  63780 t+1134616ms  win[N=60 min=14.8ms mean=16.6ms max=19.8ms] over[16ms=48 50ms=0 100ms=0 250ms=0]
05-18 11:51:56.855 11901 11918 I wasm_android_host::pr..: wandr-profile: frame  63840 t+1135631ms  win[N=60 min=9.9ms mean=16.8ms max=37.3ms] over[16ms=40 50ms=0 100ms=0 250ms=0]
05-18 11:51:57.855 11901 11918 I wasm_android_host::pr..: wandr-profile: frame  63900 t+1136630ms  win[N=60 min=14.1ms mean=16.6ms max=20.5ms] over[16ms=43 50ms=0 100ms=0 250ms=0]
05-18 11:51:58.869 11901 11918 I wasm_android_host::pr..: wandr-profile: frame  63960 t+1137645ms  win[N=60 min=10.7ms mean=16.8ms max=32.9ms] over[16ms=47 50ms=0 100ms=0 250ms=0]
05-18 11:51:59.866 11901 11918 I wasm_android_host::pr..: wandr-profile: frame  64020 t+1138642ms  win[N=60 min=14.9ms mean=16.5ms max=19.6ms] over[16ms=46 50ms=0 100ms=0 250ms=0]
05-18 11:52:00.864 11901 11918 I wasm_android_host::pr..: wandr-profile: frame  64080 t+1139640ms  win[N=60 min=13.2ms mean=16.6ms max=20.7ms] over[16ms=43 50ms=0 100ms=0 250ms=0]
05-18 11:52:01.862 11901 11918 I wasm_android_host::pr..: wandr-profile: frame  64140 t+1140637ms  win[N=60 min=13.8ms mean=16.6ms max=20.2ms] over[16ms=41 50ms=0 100ms=0 250ms=0]
05-18 11:52:02.860 11901 11918 I wasm_android_host::pr..: wandr-profile: frame  64200 t+1141635ms  win[N=60 min=13.1ms mean=16.6ms max=20.2ms] over[16ms=43 50ms=0 100ms=0 250ms=0]
05-18 11:52:03.859 11901 11918 I wasm_android_host::pr..: wandr-profile: frame  64260 t+1142635ms  win[N=60 min=14.8ms mean=16.6ms max=20.1ms] over[16ms=42 50ms=0 100ms=0 250ms=0]
05-18 11:52:04.855 11901 11918 I wasm_android_host::pr..: wandr-profile: frame  64320 t+1143631ms  win[N=60 min=14.7ms mean=16.5ms max=18.8ms] over[16ms=42 50ms=0 100ms=0 250ms=0]
05-18 11:52:05.856 11901 11918 I wasm_android_host::pr..: wandr-profile: frame  64380 t+1144631ms  win[N=60 min=13.9ms mean=16.6ms max=19.7ms] over[16ms=46 50ms=0 100ms=0 250ms=0]
05-18 11:52:06.854 11901 11918 I wasm_android_host::pr..: wandr-profile: frame  64440 t+1145630ms  win[N=60 min=14.2ms mean=16.6ms max=19.7ms] over[16ms=43 50ms=0 100ms=0 250ms=0]
05-18 11:52:07.851 11901 11918 I wasm_android_host::pr..: wandr-profile: frame  64500 t+1146626ms  win[N=60 min=13.4ms mean=16.5ms max=19.8ms] over[16ms=47 50ms=0 100ms=0 250ms=0]
05-18 11:52:08.849 11901 11918 I wasm_android_host::pr..: wandr-profile: frame  64560 t+1147624ms  win[N=60 min=13.8ms mean=16.6ms max=20.4ms] over[16ms=39 50ms=0 100ms=0 250ms=0]
05-18 11:52:09.861 11901 11918 I wasm_android_host::pr..: wandr-profile: frame  64620 t+1148637ms  win[N=60 min=14.5ms mean=16.8ms max=32.9ms] over[16ms=46 50ms=0 100ms=0 250ms=0]
05-18 11:52:10.877 11901 11918 I wasm_android_host::pr..: wandr-profile: frame  64680 t+1149653ms  win[N=60 min=14.4ms mean=16.9ms max=31.8ms] over[16ms=45 50ms=0 100ms=0 250ms=0]
05-18 11:52:11.874 11901 11918 I wasm_android_host::pr..: wandr-profile: frame  64740 t+1150649ms  win[N=60 min=13.4ms mean=16.5ms max=20.4ms] over[16ms=42 50ms=0 100ms=0 250ms=0]
05-18 11:52:12.873 11901 11918 I wasm_android_host::pr..: wandr-profile: frame  64800 t+1151649ms  win[N=60 min=13.5ms mean=16.6ms max=19.4ms] over[16ms=45 50ms=0 100ms=0 250ms=0]
05-18 11:52:13.871 11901 11918 I wasm_android_host::pr..: wandr-profile: frame  64860 t+1152647ms  win[N=60 min=12.9ms mean=16.6ms max=20.5ms] over[16ms=44 50ms=0 100ms=0 250ms=0]
05-18 11:52:14.869 11901 11918 I wasm_android_host::pr..: wandr-profile: frame  64920 t+1153645ms  win[N=60 min=13.8ms mean=16.6ms max=19.9ms] over[16ms=45 50ms=0 100ms=0 250ms=0]
05-18 11:52:15.867 11901 11918 I wasm_android_host::pr..: wandr-profile: frame  64980 t+1154643ms  win[N=60 min=14.2ms mean=16.6ms max=19.2ms] over[16ms=44 50ms=0 100ms=0 250ms=0]
05-18 11:52:16.863 11901 11918 I wasm_android_host::pr..: wandr-profile: frame  65040 t+1155639ms  win[N=60 min=14.4ms mean=16.5ms max=20.4ms] over[16ms=41 50ms=0 100ms=0 250ms=0]
05-18 11:52:17.881 11901 11918 I wasm_android_host::pr..: wandr-profile: frame  65100 t+1156657ms  win[N=60 min=14.7ms mean=16.9ms max=31.5ms] over[16ms=46 50ms=0 100ms=0 250ms=0]
05-18 11:52:18.876 11901 11918 I wasm_android_host::pr..: wandr-profile: frame  65160 t+1157651ms  win[N=60 min=13.0ms mean=16.5ms max=19.6ms] over[16ms=44 50ms=0 100ms=0 250ms=0]
05-18 11:52:19.876 11901 11918 I wasm_android_host::pr..: wandr-profile: frame  65220 t+1158652ms  win[N=60 min=14.1ms mean=16.6ms max=21.0ms] over[16ms=48 50ms=0 100ms=0 250ms=0]
05-18 11:52:20.873 11901 11918 I wasm_android_host::pr..: wandr-profile: frame  65280 t+1159649ms  win[N=60 min=14.7ms mean=16.5ms max=20.0ms] over[16ms=44 50ms=0 100ms=0 250ms=0]
05-18 11:52:21.871 11901 11918 I wasm_android_host::pr..: wandr-profile: frame  65340 t+1160647ms  win[N=60 min=14.0ms mean=16.6ms max=20.6ms] over[16ms=47 50ms=0 100ms=0 250ms=0]
05-18 11:52:22.869 11901 11918 I wasm_android_host::pr..: wandr-profile: frame  65400 t+1161644ms  win[N=60 min=14.2ms mean=16.6ms max=20.6ms] over[16ms=43 50ms=0 100ms=0 250ms=0]
05-18 11:52:23.867 11901 11918 I wasm_android_host::pr..: wandr-profile: frame  65460 t+1162643ms  win[N=60 min=15.2ms mean=16.6ms max=19.0ms] over[16ms=45 50ms=0 100ms=0 250ms=0]
05-18 11:52:24.863 11901 11918 I wasm_android_host::pr..: wandr-profile: frame  65520 t+1163639ms  win[N=60 min=14.4ms mean=16.5ms max=20.3ms] over[16ms=44 50ms=0 100ms=0 250ms=0]
05-18 11:52:25.861 11901 11918 I wasm_android_host::pr..: wandr-profile: frame  65580 t+1164637ms  win[N=60 min=13.2ms mean=16.6ms max=20.0ms] over[16ms=44 50ms=0 100ms=0 250ms=0]
05-18 11:52:26.859 11901 11918 I wasm_android_host::pr..: wandr-profile: frame  65640 t+1165634ms  win[N=60 min=14.8ms mean=16.6ms max=19.4ms] over[16ms=43 50ms=0 100ms=0 250ms=0]
05-18 11:52:27.858 11901 11918 I wasm_android_host::pr..: wandr-profile: frame  65700 t+1166633ms  win[N=60 min=14.7ms mean=16.6ms max=20.0ms] over[16ms=49 50ms=0 100ms=0 250ms=0]
05-18 11:52:28.872 11901 11918 I wasm_android_host::pr..: wandr-profile: frame  65760 t+1167648ms  win[N=60 min=14.9ms mean=16.8ms max=32.5ms] over[16ms=45 50ms=0 100ms=0 250ms=0]
05-18 11:52:29.870 11901 11918 I wasm_android_host::pr..: wandr-profile: frame  65820 t+1168645ms  win[N=60 min=14.5ms mean=16.6ms max=19.0ms] over[16ms=44 50ms=0 100ms=0 250ms=0]
05-18 11:52:30.869 11901 11918 I wasm_android_host::pr..: wandr-profile: frame  65880 t+1169645ms  win[N=60 min=12.9ms mean=16.6ms max=20.4ms] over[16ms=44 50ms=0 100ms=0 250ms=0]
05-18 11:52:31.882 11901 11918 I wasm_android_host::pr..: wandr-profile: frame  65940 t+1170657ms  win[N=60 min=14.1ms mean=16.8ms max=33.4ms] over[16ms=45 50ms=0 100ms=0 250ms=0]
05-18 11:52:32.879 11901 11918 I wasm_android_host::pr..: wandr-profile: frame  66000 t+1171655ms  win[N=60 min=15.2ms mean=16.6ms max=18.5ms] over[16ms=45 50ms=0 100ms=0 250ms=0]
05-18 11:52:33.894 11901 11918 I wasm_android_host::pr..: wandr-profile: frame  66060 t+1172670ms  win[N=60 min=10.6ms mean=16.8ms max=36.4ms] over[16ms=41 50ms=0 100ms=0 250ms=0]
05-18 11:52:34.892 11901 11918 I wasm_android_host::pr..: wandr-profile: frame  66120 t+1173668ms  win[N=60 min=14.3ms mean=16.6ms max=19.8ms] over[16ms=46 50ms=0 100ms=0 250ms=0]
05-18 11:52:35.892 11901 11918 I wasm_android_host::pr..: wandr-profile: frame  66180 t+1174668ms  win[N=60 min=14.7ms mean=16.6ms max=20.3ms] over[16ms=45 50ms=0 100ms=0 250ms=0]
05-18 11:52:36.904 11901 11918 I wasm_android_host::pr..: wandr-profile: frame  66240 t+1175680ms  win[N=60 min=10.4ms mean=16.8ms max=34.3ms] over[16ms=37 50ms=0 100ms=0 250ms=0]
05-18 11:52:37.902 11901 11918 I wasm_android_host::pr..: wandr-profile: frame  66300 t+1176678ms  win[N=60 min=13.2ms mean=16.6ms max=20.1ms] over[16ms=45 50ms=0 100ms=0 250ms=0]
05-18 11:52:38.900 11901 11918 I wasm_android_host::pr..: wandr-profile: frame  66360 t+1177676ms  win[N=60 min=13.4ms mean=16.6ms max=20.9ms] over[16ms=44 50ms=0 100ms=0 250ms=0]
05-18 11:52:39.898 11901 11918 I wasm_android_host::pr..: wandr-profile: frame  66420 t+1178674ms  win[N=60 min=14.1ms mean=16.6ms max=20.5ms] over[16ms=43 50ms=0 100ms=0 250ms=0]
05-18 11:52:40.896 11901 11918 I wasm_android_host::pr..: wandr-profile: frame  66480 t+1179672ms  win[N=60 min=12.6ms mean=16.6ms max=20.8ms] over[16ms=44 50ms=0 100ms=0 250ms=0]
05-18 11:52:41.894 11901 11918 I wasm_android_host::pr..: wandr-profile: frame  66540 t+1180670ms  win[N=60 min=13.4ms mean=16.6ms max=20.1ms] over[16ms=42 50ms=0 100ms=0 250ms=0]
05-18 11:52:42.893 11901 11918 I wasm_android_host::pr..: wandr-profile: frame  66600 t+1181669ms  win[N=60 min=14.2ms mean=16.6ms max=19.5ms] over[16ms=43 50ms=0 100ms=0 250ms=0]
05-18 11:52:43.891 11901 11918 I wasm_android_host::pr..: wandr-profile: frame  66660 t+1182667ms  win[N=60 min=14.6ms mean=16.6ms max=20.0ms] over[16ms=45 50ms=0 100ms=0 250ms=0]
05-18 11:52:44.889 11901 11918 I wasm_android_host::pr..: wandr-profile: frame  66720 t+1183665ms  win[N=60 min=13.8ms mean=16.6ms max=20.8ms] over[16ms=43 50ms=0 100ms=0 250ms=0]
05-18 11:52:45.887 11901 11918 I wasm_android_host::pr..: wandr-profile: frame  66780 t+1184663ms  win[N=60 min=14.9ms mean=16.6ms max=18.5ms] over[16ms=46 50ms=0 100ms=0 250ms=0]
05-18 11:52:46.884 11901 11918 I wasm_android_host::pr..: wandr-profile: frame  66840 t+1185660ms  win[N=60 min=14.5ms mean=16.5ms max=19.9ms] over[16ms=42 50ms=0 100ms=0 250ms=0]
05-18 11:52:47.882 11901 11918 I wasm_android_host::pr..: wandr-profile: frame  66900 t+1186657ms  win[N=60 min=14.8ms mean=16.6ms max=19.3ms] over[16ms=46 50ms=0 100ms=0 250ms=0]
05-18 11:52:48.897 11901 11918 I wasm_android_host::pr..: wandr-profile: frame  66960 t+1187673ms  win[N=60 min=14.5ms mean=16.9ms max=33.0ms] over[16ms=48 50ms=0 100ms=0 250ms=0]
05-18 11:52:49.894 11901 11918 I wasm_android_host::pr..: wandr-profile: frame  67020 t+1188670ms  win[N=60 min=13.9ms mean=16.5ms max=20.4ms] over[16ms=43 50ms=0 100ms=0 250ms=0]
05-18 11:52:50.893 11901 11918 I wasm_android_host::pr..: wandr-profile: frame  67080 t+1189669ms  win[N=60 min=14.7ms mean=16.6ms max=19.6ms] over[16ms=40 50ms=0 100ms=0 250ms=0]
05-18 11:52:51.892 11901 11918 I wasm_android_host::pr..: wandr-profile: frame  67140 t+1190668ms  win[N=60 min=14.6ms mean=16.6ms max=19.2ms] over[16ms=48 50ms=0 100ms=0 250ms=0]
05-18 11:52:52.904 11901 11918 I wasm_android_host::pr..: wandr-profile: frame  67200 t+1191680ms  win[N=60 min=13.9ms mean=16.8ms max=34.0ms] over[16ms=44 50ms=0 100ms=0 250ms=0]
05-18 11:52:53.902 11901 11918 I wasm_android_host::pr..: wandr-profile: frame  67260 t+1192678ms  win[N=60 min=14.5ms mean=16.6ms max=18.7ms] over[16ms=46 50ms=0 100ms=0 250ms=0]
05-18 11:52:54.900 11901 11918 I wasm_android_host::pr..: wandr-profile: frame  67320 t+1193676ms  win[N=60 min=14.0ms mean=16.6ms max=20.4ms] over[16ms=42 50ms=0 100ms=0 250ms=0]
05-18 11:52:55.917 11901 11918 I wasm_android_host::pr..: wandr-profile: frame  67380 t+1194692ms  win[N=60 min=14.8ms mean=16.9ms max=31.2ms] over[16ms=43 50ms=0 100ms=0 250ms=0]
05-18 11:52:56.934 11901 11918 I wasm_android_host::pr..: wandr-profile: frame  67440 t+1195710ms  win[N=60 min=14.6ms mean=16.9ms max=37.9ms] over[16ms=45 50ms=0 100ms=0 250ms=0]
05-18 11:52:57.929 11901 11918 I wasm_android_host::pr..: wandr-profile: frame  67500 t+1196704ms  win[N=60 min=10.8ms mean=16.5ms max=35.7ms] over[16ms=38 50ms=0 100ms=0 250ms=0]
05-18 11:52:58.927 11901 11918 I wasm_android_host::pr..: wandr-profile: frame  67560 t+1197703ms  win[N=60 min=14.8ms mean=16.6ms max=18.9ms] over[16ms=47 50ms=0 100ms=0 250ms=0]
05-18 11:52:59.923 11901 11918 I wasm_android_host::pr..: wandr-profile: frame  67620 t+1198699ms  win[N=60 min=13.1ms mean=16.5ms max=20.4ms] over[16ms=39 50ms=0 100ms=0 250ms=0]
05-18 11:53:00.921 11901 11918 I wasm_android_host::pr..: wandr-profile: frame  67680 t+1199697ms  win[N=60 min=13.7ms mean=16.6ms max=20.7ms] over[16ms=43 50ms=0 100ms=0 250ms=0]
05-18 11:53:01.919 11901 11918 I wasm_android_host::pr..: wandr-profile: frame  67740 t+1200695ms  win[N=60 min=14.6ms mean=16.6ms max=18.8ms] over[16ms=44 50ms=0 100ms=0 250ms=0]
05-18 11:53:02.918 11901 11918 I wasm_android_host::pr..: wandr-profile: frame  67800 t+1201694ms  win[N=60 min=13.3ms mean=16.6ms max=20.0ms] over[16ms=46 50ms=0 100ms=0 250ms=0]
05-18 11:53:03.915 11901 11918 I wasm_android_host::pr..: wandr-profile: frame  67860 t+1202691ms  win[N=60 min=12.8ms mean=16.5ms max=19.8ms] over[16ms=43 50ms=0 100ms=0 250ms=0]
05-18 11:53:04.913 11901 11918 I wasm_android_host::pr..: wandr-profile: frame  67920 t+1203689ms  win[N=60 min=12.4ms mean=16.6ms max=20.5ms] over[16ms=44 50ms=0 100ms=0 250ms=0]
05-18 11:53:05.929 11901 11918 I wasm_android_host::pr..: wandr-profile: frame  67980 t+1204705ms  win[N=60 min=11.6ms mean=16.9ms max=31.2ms] over[16ms=43 50ms=0 100ms=0 250ms=0]
05-18 11:53:06.927 11901 11918 I wasm_android_host::pr..: wandr-profile: frame  68040 t+1205703ms  win[N=60 min=14.5ms mean=16.6ms max=18.9ms] over[16ms=42 50ms=0 100ms=0 250ms=0]
05-18 11:53:07.924 11901 11918 I wasm_android_host::pr..: wandr-profile: frame  68100 t+1206699ms  win[N=60 min=14.4ms mean=16.5ms max=20.6ms] over[16ms=43 50ms=0 100ms=0 250ms=0]
05-18 11:53:08.921 11901 11918 I wasm_android_host::pr..: wandr-profile: frame  68160 t+1207697ms  win[N=60 min=14.1ms mean=16.6ms max=19.1ms] over[16ms=42 50ms=0 100ms=0 250ms=0]
05-18 11:53:09.919 11901 11918 I wasm_android_host::pr..: wandr-profile: frame  68220 t+1208695ms  win[N=60 min=13.8ms mean=16.6ms max=20.2ms] over[16ms=44 50ms=0 100ms=0 250ms=0]
05-18 11:53:10.921 11901 11918 I wasm_android_host::pr..: wandr-profile: frame  68280 t+1209697ms  win[N=60 min=12.8ms mean=16.6ms max=20.6ms] over[16ms=44 50ms=0 100ms=0 250ms=0]
05-18 11:53:11.915 11901 11918 I wasm_android_host::pr..: wandr-profile: frame  68340 t+1210691ms  win[N=60 min=12.9ms mean=16.5ms max=20.3ms] over[16ms=46 50ms=0 100ms=0 250ms=0]
05-18 11:53:12.913 11901 11918 I wasm_android_host::pr..: wandr-profile: frame  68400 t+1211689ms  win[N=60 min=13.7ms mean=16.6ms max=20.8ms] over[16ms=40 50ms=0 100ms=0 250ms=0]
05-18 11:53:13.912 11901 11918 I wasm_android_host::pr..: wandr-profile: frame  68460 t+1212688ms  win[N=60 min=14.0ms mean=16.6ms max=19.9ms] over[16ms=47 50ms=0 100ms=0 250ms=0]
05-18 11:53:14.910 11901 11918 I wasm_android_host::pr..: wandr-profile: frame  68520 t+1213686ms  win[N=60 min=14.1ms mean=16.6ms max=20.0ms] over[16ms=43 50ms=0 100ms=0 250ms=0]
05-18 11:53:15.908 11901 11918 I wasm_android_host::pr..: wandr-profile: frame  68580 t+1214684ms  win[N=60 min=14.5ms mean=16.6ms max=20.4ms] over[16ms=47 50ms=0 100ms=0 250ms=0]
05-18 11:53:16.922 11901 11918 I wasm_android_host::pr..: wandr-profile: frame  68640 t+1215697ms  win[N=60 min=12.0ms mean=16.8ms max=34.6ms] over[16ms=41 50ms=0 100ms=0 250ms=0]
05-18 11:53:17.920 11901 11918 I wasm_android_host::pr..: wandr-profile: frame  68700 t+1216695ms  win[N=60 min=14.2ms mean=16.6ms max=20.5ms] over[16ms=48 50ms=0 100ms=0 250ms=0]
05-18 11:53:18.918 11901 11918 I wasm_android_host::pr..: wandr-profile: frame  68760 t+1217693ms  win[N=60 min=14.0ms mean=16.6ms max=21.0ms] over[16ms=44 50ms=0 100ms=0 250ms=0]
05-18 11:53:19.917 11901 11918 I wasm_android_host::pr..: wandr-profile: frame  68820 t+1218693ms  win[N=60 min=14.9ms mean=16.6ms max=18.9ms] over[16ms=45 50ms=0 100ms=0 250ms=0]
05-18 11:53:20.914 11901 11918 I wasm_android_host::pr..: wandr-profile: frame  68880 t+1219689ms  win[N=60 min=14.7ms mean=16.5ms max=19.9ms] over[16ms=44 50ms=0 100ms=0 250ms=0]
05-18 11:53:21.913 11901 11918 I wasm_android_host::pr..: wandr-profile: frame  68940 t+1220689ms  win[N=60 min=14.6ms mean=16.6ms max=20.2ms] over[16ms=44 50ms=0 100ms=0 250ms=0]
05-18 11:53:22.937 11901 11918 I wasm_android_host::pr..: wandr-profile: frame  69000 t+1221712ms  win[N=60 min=12.8ms mean=17.0ms max=32.6ms] over[16ms=41 50ms=0 100ms=0 250ms=0]
05-18 11:53:23.924 11901 11918 I wasm_android_host::pr..: wandr-profile: frame  69060 t+1222700ms  win[N=60 min=11.0ms mean=16.4ms max=20.0ms] over[16ms=44 50ms=0 100ms=0 250ms=0]
05-18 11:53:24.938 11901 11918 I wasm_android_host::pr..: wandr-profile: frame  69120 t+1223714ms  win[N=60 min=12.3ms mean=16.8ms max=34.6ms] over[16ms=43 50ms=0 100ms=0 250ms=0]
05-18 11:53:25.936 11901 11918 I wasm_android_host::pr..: wandr-profile: frame  69180 t+1224712ms  win[N=60 min=14.4ms mean=16.6ms max=20.3ms] over[16ms=43 50ms=0 100ms=0 250ms=0]
05-18 11:53:26.952 11901 11918 I wasm_android_host::pr..: wandr-profile: frame  69240 t+1225728ms  win[N=60 min=14.4ms mean=16.9ms max=33.5ms] over[16ms=46 50ms=0 100ms=0 250ms=0]
05-18 11:53:27.967 11901 11918 I wasm_android_host::pr..: wandr-profile: frame  69300 t+1226743ms  win[N=60 min=12.8ms mean=16.8ms max=34.1ms] over[16ms=44 50ms=0 100ms=0 250ms=0]
05-18 11:53:28.964 11901 11918 I wasm_android_host::pr..: wandr-profile: frame  69360 t+1227740ms  win[N=60 min=14.7ms mean=16.6ms max=20.4ms] over[16ms=40 50ms=0 100ms=0 250ms=0]
05-18 11:53:29.978 11901 11918 I wasm_android_host::pr..: wandr-profile: frame  69420 t+1228754ms  win[N=60 min=14.9ms mean=16.8ms max=33.1ms] over[16ms=44 50ms=0 100ms=0 250ms=0]
05-18 11:53:30.976 11901 11918 I wasm_android_host::pr..: wandr-profile: frame  69480 t+1229752ms  win[N=60 min=14.8ms mean=16.6ms max=19.2ms] over[16ms=46 50ms=0 100ms=0 250ms=0]
05-18 11:53:31.974 11901 11918 I wasm_android_host::pr..: wandr-profile: frame  69540 t+1230750ms  win[N=60 min=13.7ms mean=16.6ms max=19.4ms] over[16ms=44 50ms=0 100ms=0 250ms=0]
05-18 11:53:32.990 11901 11918 I wasm_android_host::pr..: wandr-profile: frame  69600 t+1231766ms  win[N=60 min=14.4ms mean=16.9ms max=32.2ms] over[16ms=43 50ms=0 100ms=0 250ms=0]
05-18 11:53:33.988 11901 11918 I wasm_android_host::pr..: wandr-profile: frame  69660 t+1232764ms  win[N=60 min=14.5ms mean=16.6ms max=19.8ms] over[16ms=45 50ms=0 100ms=0 250ms=0]
05-18 11:53:35.001 11901 11918 I wasm_android_host::pr..: wandr-profile: frame  69720 t+1233777ms  win[N=60 min=12.3ms mean=16.8ms max=34.7ms] over[16ms=43 50ms=0 100ms=0 250ms=0]
05-18 11:53:35.999 11901 11918 I wasm_android_host::pr..: wandr-profile: frame  69780 t+1234775ms  win[N=60 min=14.7ms mean=16.6ms max=20.0ms] over[16ms=44 50ms=0 100ms=0 250ms=0]
05-18 11:53:36.997 11901 11918 I wasm_android_host::pr..: wandr-profile: frame  69840 t+1235773ms  win[N=60 min=13.5ms mean=16.6ms max=20.0ms] over[16ms=44 50ms=0 100ms=0 250ms=0]
05-18 11:53:38.013 11901 11918 I wasm_android_host::pr..: wandr-profile: frame  69900 t+1236789ms  win[N=60 min=13.8ms mean=16.9ms max=34.0ms] over[16ms=43 50ms=0 100ms=0 250ms=0]
05-18 11:53:39.011 11901 11918 I wasm_android_host::pr..: wandr-profile: frame  69960 t+1237787ms  win[N=60 min=13.3ms mean=16.6ms max=20.1ms] over[16ms=44 50ms=0 100ms=0 250ms=0]
05-18 11:53:40.009 11901 11918 I wasm_android_host::pr..: wandr-profile: frame  70020 t+1238785ms  win[N=60 min=13.7ms mean=16.6ms max=19.5ms] over[16ms=45 50ms=0 100ms=0 250ms=0]
05-18 11:53:41.006 11901 11918 I wasm_android_host::pr..: wandr-profile: frame  70080 t+1239781ms  win[N=60 min=14.7ms mean=16.5ms max=19.4ms] over[16ms=45 50ms=0 100ms=0 250ms=0]
05-18 11:53:42.003 11901 11918 I wasm_android_host::pr..: wandr-profile: frame  70140 t+1240779ms  win[N=60 min=13.7ms mean=16.6ms max=20.8ms] over[16ms=44 50ms=0 100ms=0 250ms=0]
05-18 11:53:43.001 11901 11918 I wasm_android_host::pr..: wandr-profile: frame  70200 t+1241777ms  win[N=60 min=14.1ms mean=16.6ms max=19.1ms] over[16ms=43 50ms=0 100ms=0 250ms=0]
05-18 11:53:43.999 11901 11918 I wasm_android_host::pr..: wandr-profile: frame  70260 t+1242775ms  win[N=60 min=14.5ms mean=16.6ms max=20.7ms] over[16ms=40 50ms=0 100ms=0 250ms=0]
05-18 11:53:44.999 11901 11918 I wasm_android_host::pr..: wandr-profile: frame  70320 t+1243774ms  win[N=60 min=13.0ms mean=16.6ms max=20.6ms] over[16ms=46 50ms=0 100ms=0 250ms=0]
05-18 11:53:45.995 11901 11918 I wasm_android_host::pr..: wandr-profile: frame  70380 t+1244771ms  win[N=60 min=14.8ms mean=16.5ms max=19.1ms] over[16ms=47 50ms=0 100ms=0 250ms=0]
05-18 11:53:46.993 11901 11918 I wasm_android_host::pr..: wandr-profile: frame  70440 t+1245769ms  win[N=60 min=14.5ms mean=16.6ms max=19.9ms] over[16ms=42 50ms=0 100ms=0 250ms=0]
05-18 11:53:47.993 11901 11918 I wasm_android_host::pr..: wandr-profile: frame  70500 t+1246769ms  win[N=60 min=13.6ms mean=16.6ms max=20.6ms] over[16ms=42 50ms=0 100ms=0 250ms=0]
05-18 11:53:49.007 11901 11918 I wasm_android_host::pr..: wandr-profile: frame  70560 t+1247783ms  win[N=60 min=12.5ms mean=16.8ms max=35.8ms] over[16ms=41 50ms=0 100ms=0 250ms=0]
05-18 11:53:50.004 11901 11918 I wasm_android_host::pr..: wandr-profile: frame  70620 t+1248780ms  win[N=60 min=15.0ms mean=16.5ms max=18.5ms] over[16ms=49 50ms=0 100ms=0 250ms=0]
05-18 11:53:51.001 11901 11918 I wasm_android_host::pr..: wandr-profile: frame  70680 t+1249777ms  win[N=60 min=14.5ms mean=16.6ms max=19.2ms] over[16ms=46 50ms=0 100ms=0 250ms=0]
05-18 11:53:52.000 11901 11918 I wasm_android_host::pr..: wandr-profile: frame  70740 t+1250775ms  win[N=60 min=13.0ms mean=16.6ms max=20.2ms] over[16ms=44 50ms=0 100ms=0 250ms=0]
05-18 11:53:52.998 11901 11918 I wasm_android_host::pr..: wandr-profile: frame  70800 t+1251773ms  win[N=60 min=13.6ms mean=16.6ms max=20.5ms] over[16ms=44 50ms=0 100ms=0 250ms=0]
05-18 11:53:53.997 11901 11918 I wasm_android_host::pr..: wandr-profile: frame  70860 t+1252773ms  win[N=60 min=14.2ms mean=16.6ms max=19.0ms] over[16ms=46 50ms=0 100ms=0 250ms=0]
05-18 11:53:54.996 11901 11918 I wasm_android_host::pr..: wandr-profile: frame  70920 t+1253771ms  win[N=60 min=14.0ms mean=16.6ms max=20.8ms] over[16ms=42 50ms=0 100ms=0 250ms=0]
05-18 11:53:56.010 11901 11918 I wasm_android_host::pr..: wandr-profile: frame  70980 t+1254786ms  win[N=60 min=11.0ms mean=16.8ms max=37.4ms] over[16ms=40 50ms=0 100ms=0 250ms=0]
05-18 11:53:57.008 11901 11918 I wasm_android_host::pr..: wandr-profile: frame  71040 t+1255784ms  win[N=60 min=12.8ms mean=16.6ms max=18.7ms] over[16ms=46 50ms=0 100ms=0 250ms=0]
05-18 11:53:58.021 11901 11918 I wasm_android_host::pr..: wandr-profile: frame  71100 t+1256797ms  win[N=60 min=13.9ms mean=16.8ms max=34.0ms] over[16ms=45 50ms=0 100ms=0 250ms=0]
05-18 11:53:59.039 11901 11918 I wasm_android_host::pr..: wandr-profile: frame  71160 t+1257815ms  win[N=60 min=12.3ms mean=16.9ms max=34.5ms] over[16ms=40 50ms=0 100ms=0 250ms=0]
05-18 11:54:00.034 11901 11918 I wasm_android_host::pr..: wandr-profile: frame  71220 t+1258809ms  win[N=60 min=14.4ms mean=16.5ms max=20.2ms] over[16ms=45 50ms=0 100ms=0 250ms=0]
05-18 11:54:01.033 11901 11918 I wasm_android_host::pr..: wandr-profile: frame  71280 t+1259809ms  win[N=60 min=14.6ms mean=16.6ms max=19.6ms] over[16ms=44 50ms=0 100ms=0 250ms=0]
05-18 11:54:02.031 11901 11918 I wasm_android_host::pr..: wandr-profile: frame  71340 t+1260807ms  win[N=60 min=13.1ms mean=16.6ms max=19.3ms] over[16ms=45 50ms=0 100ms=0 250ms=0]
05-18 11:54:03.029 11901 11918 I wasm_android_host::pr..: wandr-profile: frame  71400 t+1261805ms  win[N=60 min=14.7ms mean=16.6ms max=20.6ms] over[16ms=44 50ms=0 100ms=0 250ms=0]
05-18 11:54:04.059 11901 11918 I wasm_android_host::pr..: wandr-profile: frame  71460 t+1262835ms  win[N=60 min=11.2ms mean=17.1ms max=37.8ms] over[16ms=42 50ms=0 100ms=0 250ms=0]
05-18 11:54:05.061 11901 11918 I wasm_android_host::pr..: wandr-profile: frame  71520 t+1263837ms  win[N=60 min=13.8ms mean=16.6ms max=20.8ms] over[16ms=41 50ms=0 100ms=0 250ms=0]
05-18 11:54:06.059 11901 11918 I wasm_android_host::pr..: wandr-profile: frame  71580 t+1264834ms  win[N=60 min=12.5ms mean=16.6ms max=20.2ms] over[16ms=41 50ms=0 100ms=0 250ms=0]
05-18 11:54:07.053 11901 11918 I wasm_android_host::pr..: wandr-profile: frame  71640 t+1265829ms  win[N=60 min=14.2ms mean=16.5ms max=19.0ms] over[16ms=41 50ms=0 100ms=0 250ms=0]
05-18 11:54:08.053 11901 11918 I wasm_android_host::pr..: wandr-profile: frame  71700 t+1266829ms  win[N=60 min=14.0ms mean=16.6ms max=20.0ms] over[16ms=40 50ms=0 100ms=0 250ms=0]
05-18 11:54:09.051 11901 11918 I wasm_android_host::pr..: wandr-profile: frame  71760 t+1267827ms  win[N=60 min=14.3ms mean=16.6ms max=18.8ms] over[16ms=47 50ms=0 100ms=0 250ms=0]
05-18 11:54:10.049 11901 11918 I wasm_android_host::pr..: wandr-profile: frame  71820 t+1268825ms  win[N=60 min=13.2ms mean=16.6ms max=20.2ms] over[16ms=43 50ms=0 100ms=0 250ms=0]
05-18 11:54:11.045 11901 11918 I wasm_android_host::pr..: wandr-profile: frame  71880 t+1269821ms  win[N=60 min=14.2ms mean=16.5ms max=19.2ms] over[16ms=45 50ms=0 100ms=0 250ms=0]
05-18 11:54:12.043 11901 11918 I wasm_android_host::pr..: wandr-profile: frame  71940 t+1270819ms  win[N=60 min=14.5ms mean=16.6ms max=20.5ms] over[16ms=43 50ms=0 100ms=0 250ms=0]
05-18 11:54:13.041 11901 11918 I wasm_android_host::pr..: wandr-profile: frame  72000 t+1271817ms  win[N=60 min=13.7ms mean=16.6ms max=20.5ms] over[16ms=42 50ms=0 100ms=0 250ms=0]
05-18 11:54:14.039 11901 11918 I wasm_android_host::pr..: wandr-profile: frame  72060 t+1272815ms  win[N=60 min=14.1ms mean=16.6ms max=19.2ms] over[16ms=43 50ms=0 100ms=0 250ms=0]
05-18 11:54:15.039 11901 11918 I wasm_android_host::pr..: wandr-profile: frame  72120 t+1273814ms  win[N=60 min=13.2ms mean=16.6ms max=20.2ms] over[16ms=46 50ms=0 100ms=0 250ms=0]
05-18 11:54:16.035 11901 11918 I wasm_android_host::pr..: wandr-profile: frame  72180 t+1274811ms  win[N=60 min=14.6ms mean=16.5ms max=19.5ms] over[16ms=46 50ms=0 100ms=0 250ms=0]
05-18 11:54:17.034 11901 11918 I wasm_android_host::pr..: wandr-profile: frame  72240 t+1275809ms  win[N=60 min=12.8ms mean=16.6ms max=20.6ms] over[16ms=38 50ms=0 100ms=0 250ms=0]
05-18 11:54:18.049 11901 11918 I wasm_android_host::pr..: wandr-profile: frame  72300 t+1276825ms  win[N=60 min=14.0ms mean=16.9ms max=34.5ms] over[16ms=46 50ms=0 100ms=0 250ms=0]
05-18 11:54:19.047 11901 11918 I wasm_android_host::pr..: wandr-profile: frame  72360 t+1277823ms  win[N=60 min=14.0ms mean=16.6ms max=19.5ms] over[16ms=38 50ms=0 100ms=0 250ms=0]
05-18 11:54:20.044 11901 11918 I wasm_android_host::pr..: wandr-profile: frame  72420 t+1278820ms  win[N=60 min=14.0ms mean=16.5ms max=20.5ms] over[16ms=41 50ms=0 100ms=0 250ms=0]
05-18 11:54:21.042 11901 11918 I wasm_android_host::pr..: wandr-profile: frame  72480 t+1279817ms  win[N=60 min=13.8ms mean=16.6ms max=19.5ms] over[16ms=42 50ms=0 100ms=0 250ms=0]
05-18 11:54:22.061 11901 11918 I wasm_android_host::pr..: wandr-profile: frame  72540 t+1280837ms  win[N=60 min=14.7ms mean=16.9ms max=34.3ms] over[16ms=47 50ms=0 100ms=0 250ms=0]
05-18 11:54:23.054 11901 11918 I wasm_android_host::pr..: wandr-profile: frame  72600 t+1281830ms  win[N=60 min=10.9ms mean=16.5ms max=20.1ms] over[16ms=45 50ms=0 100ms=0 250ms=0]
05-18 11:54:24.070 11901 11918 I wasm_android_host::pr..: wandr-profile: frame  72660 t+1282846ms  win[N=60 min=12.6ms mean=16.9ms max=33.2ms] over[16ms=45 50ms=0 100ms=0 250ms=0]
05-18 11:54:25.068 11901 11918 I wasm_android_host::pr..: wandr-profile: frame  72720 t+1283843ms  win[N=60 min=14.4ms mean=16.6ms max=21.3ms] over[16ms=44 50ms=0 100ms=0 250ms=0]
05-18 11:54:26.064 11901 11918 I wasm_android_host::pr..: wandr-profile: frame  72780 t+1284840ms  win[N=60 min=13.9ms mean=16.5ms max=20.3ms] over[16ms=44 50ms=0 100ms=0 250ms=0]
05-18 11:54:27.062 11901 11918 I wasm_android_host::pr..: wandr-profile: frame  72840 t+1285838ms  win[N=60 min=14.6ms mean=16.6ms max=19.9ms] over[16ms=46 50ms=0 100ms=0 250ms=0]
05-18 11:54:28.060 11901 11918 I wasm_android_host::pr..: wandr-profile: frame  72900 t+1286836ms  win[N=60 min=14.0ms mean=16.6ms max=19.9ms] over[16ms=46 50ms=0 100ms=0 250ms=0]
05-18 11:54:29.058 11901 11918 I wasm_android_host::pr..: wandr-profile: frame  72960 t+1287834ms  win[N=60 min=13.5ms mean=16.6ms max=19.9ms] over[16ms=41 50ms=0 100ms=0 250ms=0]
05-18 11:54:30.058 11901 11918 I wasm_android_host::pr..: wandr-profile: frame  73020 t+1288834ms  win[N=60 min=14.7ms mean=16.6ms max=19.6ms] over[16ms=45 50ms=0 100ms=0 250ms=0]
05-18 11:54:31.054 11901 11918 I wasm_android_host::pr..: wandr-profile: frame  73080 t+1289830ms  win[N=60 min=13.9ms mean=16.5ms max=20.6ms] over[16ms=44 50ms=0 100ms=0 250ms=0]
05-18 11:54:32.053 11901 11918 I wasm_android_host::pr..: wandr-profile: frame  73140 t+1290829ms  win[N=60 min=14.0ms mean=16.6ms max=20.1ms] over[16ms=43 50ms=0 100ms=0 250ms=0]
05-18 11:54:33.052 11901 11918 I wasm_android_host::pr..: wandr-profile: frame  73200 t+1291827ms  win[N=60 min=14.0ms mean=16.6ms max=21.8ms] over[16ms=42 50ms=0 100ms=0 250ms=0]
05-18 11:54:34.049 11901 11918 I wasm_android_host::pr..: wandr-profile: frame  73260 t+1292825ms  win[N=60 min=13.9ms mean=16.6ms max=19.3ms] over[16ms=44 50ms=0 100ms=0 250ms=0]
05-18 11:54:35.047 11901 11918 I wasm_android_host::pr..: wandr-profile: frame  73320 t+1293823ms  win[N=60 min=13.9ms mean=16.6ms max=19.1ms] over[16ms=45 50ms=0 100ms=0 250ms=0]
05-18 11:54:36.044 11901 11918 I wasm_android_host::pr..: wandr-profile: frame  73380 t+1294820ms  win[N=60 min=13.8ms mean=16.5ms max=20.7ms] over[16ms=42 50ms=0 100ms=0 250ms=0]
05-18 11:54:37.041 11901 11918 I wasm_android_host::pr..: wandr-profile: frame  73440 t+1295817ms  win[N=60 min=14.5ms mean=16.6ms max=19.3ms] over[16ms=45 50ms=0 100ms=0 250ms=0]
05-18 11:54:38.040 11901 11918 I wasm_android_host::pr..: wandr-profile: frame  73500 t+1296815ms  win[N=60 min=13.2ms mean=16.6ms max=20.6ms] over[16ms=41 50ms=0 100ms=0 250ms=0]
05-18 11:54:39.054 11901 11918 I wasm_android_host::pr..: wandr-profile: frame  73560 t+1297830ms  win[N=60 min=14.6ms mean=16.8ms max=33.8ms] over[16ms=44 50ms=0 100ms=0 250ms=0]
05-18 11:54:40.054 11901 11918 I wasm_android_host::pr..: wandr-profile: frame  73620 t+1298830ms  win[N=60 min=14.4ms mean=16.6ms max=18.8ms] over[16ms=44 50ms=0 100ms=0 250ms=0]
05-18 11:54:41.052 11901 11918 I wasm_android_host::pr..: wandr-profile: frame  73680 t+1299827ms  win[N=60 min=14.5ms mean=16.6ms max=20.9ms] over[16ms=43 50ms=0 100ms=0 250ms=0]
05-18 11:54:42.049 11901 11918 I wasm_android_host::pr..: wandr-profile: frame  73740 t+1300825ms  win[N=60 min=14.5ms mean=16.6ms max=19.2ms] over[16ms=43 50ms=0 100ms=0 250ms=0]
05-18 11:54:43.064 11901 11918 I wasm_android_host::pr..: wandr-profile: frame  73800 t+1301840ms  win[N=60 min=14.7ms mean=16.8ms max=34.0ms] over[16ms=46 50ms=0 100ms=0 250ms=0]
05-18 11:54:44.060 11901 11918 I wasm_android_host::pr..: wandr-profile: frame  73860 t+1302836ms  win[N=60 min=14.2ms mean=16.5ms max=20.3ms] over[16ms=48 50ms=0 100ms=0 250ms=0]
05-18 11:54:45.059 11901 11918 I wasm_android_host::pr..: wandr-profile: frame  73920 t+1303834ms  win[N=60 min=14.5ms mean=16.6ms max=18.7ms] over[16ms=46 50ms=0 100ms=0 250ms=0]
05-18 11:54:46.058 11901 11918 I wasm_android_host::pr..: wandr-profile: frame  73980 t+1304834ms  win[N=60 min=14.5ms mean=16.6ms max=20.8ms] over[16ms=42 50ms=0 100ms=0 250ms=0]
05-18 11:54:47.056 11901 11918 I wasm_android_host::pr..: wandr-profile: frame  74040 t+1305832ms  win[N=60 min=13.7ms mean=16.6ms max=20.5ms] over[16ms=45 50ms=0 100ms=0 250ms=0]
05-18 11:54:48.054 11901 11918 I wasm_android_host::pr..: wandr-profile: frame  74100 t+1306830ms  win[N=60 min=13.3ms mean=16.6ms max=19.8ms] over[16ms=44 50ms=0 100ms=0 250ms=0]
05-18 11:54:49.052 11901 11918 I wasm_android_host::pr..: wandr-profile: frame  74160 t+1307827ms  win[N=60 min=14.4ms mean=16.6ms max=20.0ms] over[16ms=45 50ms=0 100ms=0 250ms=0]
05-18 11:54:50.050 11901 11918 I wasm_android_host::pr..: wandr-profile: frame  74220 t+1308825ms  win[N=60 min=14.2ms mean=16.6ms max=19.5ms] over[16ms=48 50ms=0 100ms=0 250ms=0]
05-18 11:54:51.047 11901 11918 I wasm_android_host::pr..: wandr-profile: frame  74280 t+1309823ms  win[N=60 min=13.5ms mean=16.6ms max=19.4ms] over[16ms=43 50ms=0 100ms=0 250ms=0]
05-18 11:54:52.044 11901 11918 I wasm_android_host::pr..: wandr-profile: frame  74340 t+1310820ms  win[N=60 min=14.1ms mean=16.5ms max=19.9ms] over[16ms=44 50ms=0 100ms=0 250ms=0]
05-18 11:54:53.058 11901 11918 I wasm_android_host::pr..: wandr-profile: frame  74400 t+1311834ms  win[N=60 min=12.6ms mean=16.8ms max=33.4ms] over[16ms=44 50ms=0 100ms=0 250ms=0]
05-18 11:54:54.058 11901 11918 I wasm_android_host::pr..: wandr-profile: frame  74460 t+1312834ms  win[N=60 min=13.8ms mean=16.6ms max=19.8ms] over[16ms=40 50ms=0 100ms=0 250ms=0]
05-18 11:54:55.073 11901 11918 I wasm_android_host::pr..: wandr-profile: frame  74520 t+1313849ms  win[N=60 min=11.1ms mean=16.8ms max=33.7ms] over[16ms=42 50ms=0 100ms=0 250ms=0]
05-18 11:54:56.071 11901 11918 I wasm_android_host::pr..: wandr-profile: frame  74580 t+1314846ms  win[N=60 min=13.2ms mean=16.6ms max=19.9ms] over[16ms=44 50ms=0 100ms=0 250ms=0]
05-18 11:54:57.068 11901 11918 I wasm_android_host::pr..: wandr-profile: frame  74640 t+1315844ms  win[N=60 min=14.7ms mean=16.6ms max=20.8ms] over[16ms=44 50ms=0 100ms=0 250ms=0]
05-18 11:54:58.081 11901 11918 I wasm_android_host::pr..: wandr-profile: frame  74700 t+1316857ms  win[N=60 min=13.5ms mean=16.8ms max=32.3ms] over[16ms=43 50ms=0 100ms=0 250ms=0]
05-18 11:54:59.079 11901 11918 I wasm_android_host::pr..: wandr-profile: frame  74760 t+1317855ms  win[N=60 min=13.1ms mean=16.6ms max=20.2ms] over[16ms=47 50ms=0 100ms=0 250ms=0]
05-18 11:55:00.077 11901 11918 I wasm_android_host::pr..: wandr-profile: frame  74820 t+1318853ms  win[N=60 min=13.9ms mean=16.6ms max=20.3ms] over[16ms=41 50ms=0 100ms=0 250ms=0]
05-18 11:55:01.111 11901 11918 I wasm_android_host::pr..: wandr-profile: frame  74880 t+1319887ms  win[N=60 min=11.7ms mean=17.2ms max=37.6ms] over[16ms=43 50ms=0 100ms=0 250ms=0]
05-18 11:55:02.108 11901 11918 I wasm_android_host::pr..: wandr-profile: frame  74940 t+1320884ms  win[N=60 min=13.1ms mean=16.5ms max=20.6ms] over[16ms=42 50ms=0 100ms=0 250ms=0]
05-18 11:55:03.104 11901 11918 I wasm_android_host::pr..: wandr-profile: frame  75000 t+1321880ms  win[N=60 min=14.1ms mean=16.5ms max=19.7ms] over[16ms=44 50ms=0 100ms=0 250ms=0]
05-18 11:55:04.102 11901 11918 I wasm_android_host::pr..: wandr-profile: frame  75060 t+1322878ms  win[N=60 min=14.5ms mean=16.6ms max=19.9ms] over[16ms=41 50ms=0 100ms=0 250ms=0]
05-18 11:55:05.100 11901 11918 I wasm_android_host::pr..: wandr-profile: frame  75120 t+1323876ms  win[N=60 min=13.1ms mean=16.6ms max=20.5ms] over[16ms=44 50ms=0 100ms=0 250ms=0]
05-18 11:55:06.098 11901 11918 I wasm_android_host::pr..: wandr-profile: frame  75180 t+1324874ms  win[N=60 min=13.7ms mean=16.6ms max=19.7ms] over[16ms=44 50ms=0 100ms=0 250ms=0]
05-18 11:55:07.096 11901 11918 I wasm_android_host::pr..: wandr-profile: frame  75240 t+1325872ms  win[N=60 min=14.5ms mean=16.6ms max=20.9ms] over[16ms=44 50ms=0 100ms=0 250ms=0]
05-18 11:55:08.095 11901 11918 I wasm_android_host::pr..: wandr-profile: frame  75300 t+1326870ms  win[N=60 min=13.6ms mean=16.6ms max=20.6ms] over[16ms=44 50ms=0 100ms=0 250ms=0]
05-18 11:55:09.092 11901 11918 I wasm_android_host::pr..: wandr-profile: frame  75360 t+1327868ms  win[N=60 min=14.1ms mean=16.6ms max=19.1ms] over[16ms=39 50ms=0 100ms=0 250ms=0]
05-18 11:55:10.092 11901 11918 I wasm_android_host::pr..: wandr-profile: frame  75420 t+1328868ms  win[N=60 min=14.4ms mean=16.6ms max=19.9ms] over[16ms=47 50ms=0 100ms=0 250ms=0]
05-18 11:55:11.090 11901 11918 I wasm_android_host::pr..: wandr-profile: frame  75480 t+1329865ms  win[N=60 min=14.0ms mean=16.6ms max=19.9ms] over[16ms=43 50ms=0 100ms=0 250ms=0]
05-18 11:55:12.088 11901 11918 I wasm_android_host::pr..: wandr-profile: frame  75540 t+1330864ms  win[N=60 min=13.1ms mean=16.6ms max=19.3ms] over[16ms=42 50ms=0 100ms=0 250ms=0]
05-18 11:55:13.084 11901 11918 I wasm_android_host::pr..: wandr-profile: frame  75600 t+1331860ms  win[N=60 min=14.1ms mean=16.5ms max=20.3ms] over[16ms=42 50ms=0 100ms=0 250ms=0]
05-18 11:55:14.082 11901 11918 I wasm_android_host::pr..: wandr-profile: frame  75660 t+1332858ms  win[N=60 min=14.5ms mean=16.6ms max=19.6ms] over[16ms=44 50ms=0 100ms=0 250ms=0]
05-18 11:55:15.080 11901 11918 I wasm_android_host::pr..: wandr-profile: frame  75720 t+1333856ms  win[N=60 min=13.8ms mean=16.6ms max=20.4ms] over[16ms=48 50ms=0 100ms=0 250ms=0]
05-18 11:55:16.078 11901 11918 I wasm_android_host::pr..: wandr-profile: frame  75780 t+1334854ms  win[N=60 min=13.8ms mean=16.6ms max=20.0ms] over[16ms=42 50ms=0 100ms=0 250ms=0]
05-18 11:55:17.112 11901 11918 I wasm_android_host::pr..: wandr-profile: frame  75840 t+1335888ms  win[N=60 min=11.2ms mean=17.2ms max=34.5ms] over[16ms=42 50ms=0 100ms=0 250ms=0]
05-18 11:55:18.109 11901 11918 I wasm_android_host::pr..: wandr-profile: frame  75900 t+1336884ms  win[N=60 min=13.8ms mean=16.5ms max=20.3ms] over[16ms=43 50ms=0 100ms=0 250ms=0]
05-18 11:55:19.122 11901 11918 I wasm_android_host::pr..: wandr-profile: frame  75960 t+1337898ms  win[N=60 min=14.2ms mean=16.8ms max=32.7ms] over[16ms=40 50ms=0 100ms=0 250ms=0]
05-18 11:55:20.120 11901 11918 I wasm_android_host::pr..: wandr-profile: frame  76020 t+1338895ms  win[N=60 min=14.6ms mean=16.6ms max=20.7ms] over[16ms=45 50ms=0 100ms=0 250ms=0]
05-18 11:55:21.118 11901 11918 I wasm_android_host::pr..: wandr-profile: frame  76080 t+1339893ms  win[N=60 min=14.2ms mean=16.6ms max=20.4ms] over[16ms=43 50ms=0 100ms=0 250ms=0]
05-18 11:55:22.116 11901 11918 I wasm_android_host::pr..: wandr-profile: frame  76140 t+1340892ms  win[N=60 min=14.1ms mean=16.6ms max=20.6ms] over[16ms=40 50ms=0 100ms=0 250ms=0]
05-18 11:55:23.114 11901 11918 I wasm_android_host::pr..: wandr-profile: frame  76200 t+1341889ms  win[N=60 min=13.9ms mean=16.6ms max=20.0ms] over[16ms=44 50ms=0 100ms=0 250ms=0]
05-18 11:55:24.115 11901 11918 I wasm_android_host::pr..: wandr-profile: frame  76260 t+1342891ms  win[N=60 min=14.5ms mean=16.6ms max=19.8ms] over[16ms=47 50ms=0 100ms=0 250ms=0]
05-18 11:55:25.111 11901 11918 I wasm_android_host::pr..: wandr-profile: frame  76320 t+1343887ms  win[N=60 min=13.1ms mean=16.5ms max=20.1ms] over[16ms=40 50ms=0 100ms=0 250ms=0]
05-18 11:55:26.124 11901 11918 I wasm_android_host::pr..: wandr-profile: frame  76380 t+1344900ms  win[N=60 min=11.5ms mean=16.8ms max=35.8ms] over[16ms=39 50ms=0 100ms=0 250ms=0]
05-18 11:55:27.122 11901 11918 I wasm_android_host::pr..: wandr-profile: frame  76440 t+1345898ms  win[N=60 min=14.4ms mean=16.6ms max=18.9ms] over[16ms=42 50ms=0 100ms=0 250ms=0]
05-18 11:55:28.120 11901 11918 I wasm_android_host::pr..: wandr-profile: frame  76500 t+1346896ms  win[N=60 min=13.6ms mean=16.6ms max=20.2ms] over[16ms=41 50ms=0 100ms=0 250ms=0]
05-18 11:55:29.118 11901 11918 I wasm_android_host::pr..: wandr-profile: frame  76560 t+1347894ms  win[N=60 min=13.6ms mean=16.6ms max=19.5ms] over[16ms=42 50ms=0 100ms=0 250ms=0]
05-18 11:55:30.118 11901 11918 I wasm_android_host::pr..: wandr-profile: frame  76620 t+1348894ms  win[N=60 min=14.0ms mean=16.6ms max=20.3ms] over[16ms=45 50ms=0 100ms=0 250ms=0]
05-18 11:55:31.115 11901 11918 I wasm_android_host::pr..: wandr-profile: frame  76680 t+1349891ms  win[N=60 min=14.1ms mean=16.5ms max=20.3ms] over[16ms=44 50ms=0 100ms=0 250ms=0]
05-18 11:55:32.132 11901 11918 I wasm_android_host::pr..: wandr-profile: frame  76740 t+1350907ms  win[N=60 min=11.0ms mean=16.9ms max=36.3ms] over[16ms=37 50ms=0 100ms=0 250ms=0]
05-18 11:55:33.129 11901 11918 I wasm_android_host::pr..: wandr-profile: frame  76800 t+1351905ms  win[N=60 min=13.4ms mean=16.6ms max=20.9ms] over[16ms=45 50ms=0 100ms=0 250ms=0]
05-18 11:55:34.125 11901 11918 I wasm_android_host::pr..: wandr-profile: frame  76860 t+1352901ms  win[N=60 min=14.3ms mean=16.5ms max=20.2ms] over[16ms=43 50ms=0 100ms=0 250ms=0]
05-18 11:55:35.123 11901 11918 I wasm_android_host::pr..: wandr-profile: frame  76920 t+1353899ms  win[N=60 min=14.2ms mean=16.6ms max=20.9ms] over[16ms=40 50ms=0 100ms=0 250ms=0]
05-18 11:55:36.122 11901 11918 I wasm_android_host::pr..: wandr-profile: frame  76980 t+1354897ms  win[N=60 min=14.1ms mean=16.6ms max=20.1ms] over[16ms=43 50ms=0 100ms=0 250ms=0]
05-18 11:55:37.119 11901 11918 I wasm_android_host::pr..: wandr-profile: frame  77040 t+1355895ms  win[N=60 min=13.1ms mean=16.6ms max=19.6ms] over[16ms=42 50ms=0 100ms=0 250ms=0]
05-18 11:55:38.134 11901 11918 I wasm_android_host::pr..: wandr-profile: frame  77100 t+1356910ms  win[N=60 min=11.0ms mean=16.8ms max=37.4ms] over[16ms=39 50ms=0 100ms=0 250ms=0]
05-18 11:55:39.133 11901 11918 I wasm_android_host::pr..: wandr-profile: frame  77160 t+1357909ms  win[N=60 min=14.0ms mean=16.6ms max=19.4ms] over[16ms=40 50ms=0 100ms=0 250ms=0]
05-18 11:55:40.132 11901 11918 I wasm_android_host::pr..: wandr-profile: frame  77220 t+1358908ms  win[N=60 min=13.0ms mean=16.6ms max=20.7ms] over[16ms=45 50ms=0 100ms=0 250ms=0]
05-18 11:55:41.145 11901 11918 I wasm_android_host::pr..: wandr-profile: frame  77280 t+1359920ms  win[N=60 min=14.4ms mean=16.8ms max=33.3ms] over[16ms=42 50ms=0 100ms=0 250ms=0]
05-18 11:55:42.143 11901 11918 I wasm_android_host::pr..: wandr-profile: frame  77340 t+1360919ms  win[N=60 min=14.6ms mean=16.6ms max=19.0ms] over[16ms=47 50ms=0 100ms=0 250ms=0]
05-18 11:55:43.141 11901 11918 I wasm_android_host::pr..: wandr-profile: frame  77400 t+1361917ms  win[N=60 min=13.5ms mean=16.6ms max=19.8ms] over[16ms=42 50ms=0 100ms=0 250ms=0]
05-18 11:55:44.139 11901 11918 I wasm_android_host::pr..: wandr-profile: frame  77460 t+1362915ms  win[N=60 min=12.7ms mean=16.6ms max=20.0ms] over[16ms=44 50ms=0 100ms=0 250ms=0]
05-18 11:55:45.139 11901 11918 I wasm_android_host::pr..: wandr-profile: frame  77520 t+1363914ms  win[N=60 min=14.4ms mean=16.6ms max=20.2ms] over[16ms=46 50ms=0 100ms=0 250ms=0]
05-18 11:55:46.136 11901 11918 I wasm_android_host::pr..: wandr-profile: frame  77580 t+1364912ms  win[N=60 min=14.2ms mean=16.6ms max=19.3ms] over[16ms=44 50ms=0 100ms=0 250ms=0]
05-18 11:55:47.133 11901 11918 I wasm_android_host::pr..: wandr-profile: frame  77640 t+1365909ms  win[N=60 min=13.0ms mean=16.5ms max=20.6ms] over[16ms=45 50ms=0 100ms=0 250ms=0]
05-18 11:55:48.149 11901 11918 I wasm_android_host::pr..: wandr-profile: frame  77700 t+1366925ms  win[N=60 min=13.0ms mean=16.9ms max=35.2ms] over[16ms=46 50ms=0 100ms=0 250ms=0]
05-18 11:55:49.146 11901 11918 I wasm_android_host::pr..: wandr-profile: frame  77760 t+1367921ms  win[N=60 min=14.4ms mean=16.5ms max=18.8ms] over[16ms=45 50ms=0 100ms=0 250ms=0]
05-18 11:55:50.144 11901 11918 I wasm_android_host::pr..: wandr-profile: frame  77820 t+1368919ms  win[N=60 min=14.4ms mean=16.6ms max=19.9ms] over[16ms=47 50ms=0 100ms=0 250ms=0]
05-18 11:55:51.142 11901 11918 I wasm_android_host::pr..: wandr-profile: frame  77880 t+1369917ms  win[N=60 min=14.5ms mean=16.6ms max=20.3ms] over[16ms=41 50ms=0 100ms=0 250ms=0]
05-18 11:55:52.140 11901 11918 I wasm_android_host::pr..: wandr-profile: frame  77940 t+1370915ms  win[N=60 min=14.6ms mean=16.6ms max=20.7ms] over[16ms=45 50ms=0 100ms=0 250ms=0]
05-18 11:55:53.138 11901 11918 I wasm_android_host::pr..: wandr-profile: frame  78000 t+1371913ms  win[N=60 min=14.4ms mean=16.6ms max=19.1ms] over[16ms=46 50ms=0 100ms=0 250ms=0]
05-18 11:55:54.136 11901 11918 I wasm_android_host::pr..: wandr-profile: frame  78060 t+1372912ms  win[N=60 min=13.1ms mean=16.6ms max=20.3ms] over[16ms=45 50ms=0 100ms=0 250ms=0]
05-18 11:55:55.133 11901 11918 I wasm_android_host::pr..: wandr-profile: frame  78120 t+1373909ms  win[N=60 min=13.8ms mean=16.6ms max=20.1ms] over[16ms=46 50ms=0 100ms=0 250ms=0]
05-18 11:55:56.133 11901 11918 I wasm_android_host::pr..: wandr-profile: frame  78180 t+1374909ms  win[N=60 min=13.9ms mean=16.6ms max=20.1ms] over[16ms=44 50ms=0 100ms=0 250ms=0]
05-18 11:55:57.130 11901 11918 I wasm_android_host::pr..: wandr-profile: frame  78240 t+1375906ms  win[N=60 min=14.7ms mean=16.6ms max=20.2ms] over[16ms=42 50ms=0 100ms=0 250ms=0]
05-18 11:55:58.129 11901 11918 I wasm_android_host::pr..: wandr-profile: frame  78300 t+1376905ms  win[N=60 min=14.0ms mean=16.6ms max=20.8ms] over[16ms=44 50ms=0 100ms=0 250ms=0]
05-18 11:55:59.125 11901 11918 I wasm_android_host::pr..: wandr-profile: frame  78360 t+1377901ms  win[N=60 min=14.4ms mean=16.5ms max=19.5ms] over[16ms=43 50ms=0 100ms=0 250ms=0]
05-18 11:56:00.123 11901 11918 I wasm_android_host::pr..: wandr-profile: frame  78420 t+1378899ms  win[N=60 min=14.3ms mean=16.6ms max=20.4ms] over[16ms=43 50ms=0 100ms=0 250ms=0]
05-18 11:56:01.122 11901 11918 I wasm_android_host::pr..: wandr-profile: frame  78480 t+1379897ms  win[N=60 min=13.8ms mean=16.6ms max=20.4ms] over[16ms=44 50ms=0 100ms=0 250ms=0]
05-18 11:56:02.119 11901 11918 I wasm_android_host::pr..: wandr-profile: frame  78540 t+1380895ms  win[N=60 min=12.5ms mean=16.6ms max=20.5ms] over[16ms=45 50ms=0 100ms=0 250ms=0]
05-18 11:56:03.118 11901 11918 I wasm_android_host::pr..: wandr-profile: frame  78600 t+1381894ms  win[N=60 min=13.4ms mean=16.6ms max=20.2ms] over[16ms=43 50ms=0 100ms=0 250ms=0]
05-18 11:56:04.115 11901 11918 I wasm_android_host::pr..: wandr-profile: frame  78660 t+1382891ms  win[N=60 min=14.0ms mean=16.6ms max=19.2ms] over[16ms=39 50ms=0 100ms=0 250ms=0]
05-18 11:56:05.114 11901 11918 I wasm_android_host::pr..: wandr-profile: frame  78720 t+1383890ms  win[N=60 min=14.5ms mean=16.6ms max=20.2ms] over[16ms=43 50ms=0 100ms=0 250ms=0]
05-18 11:56:06.113 11901 11918 I wasm_android_host::pr..: wandr-profile: frame  78780 t+1384889ms  win[N=60 min=14.3ms mean=16.6ms max=18.9ms] over[16ms=43 50ms=0 100ms=0 250ms=0]
05-18 11:56:07.112 11901 11918 I wasm_android_host::pr..: wandr-profile: frame  78840 t+1385888ms  win[N=60 min=14.6ms mean=16.6ms max=18.6ms] over[16ms=46 50ms=0 100ms=0 250ms=0]
05-18 11:56:08.110 11901 11918 I wasm_android_host::pr..: wandr-profile: frame  78900 t+1386885ms  win[N=60 min=14.5ms mean=16.6ms max=19.1ms] over[16ms=44 50ms=0 100ms=0 250ms=0]
05-18 11:56:09.108 11901 11918 I wasm_android_host::pr..: wandr-profile: frame  78960 t+1387884ms  win[N=60 min=14.5ms mean=16.6ms max=20.3ms] over[16ms=45 50ms=0 100ms=0 250ms=0]
05-18 11:56:10.104 11901 11918 I wasm_android_host::pr..: wandr-profile: frame  79020 t+1388880ms  win[N=60 min=14.0ms mean=16.5ms max=20.2ms] over[16ms=45 50ms=0 100ms=0 250ms=0]
05-18 11:56:11.102 11901 11918 I wasm_android_host::pr..: wandr-profile: frame  79080 t+1389878ms  win[N=60 min=12.7ms mean=16.6ms max=20.5ms] over[16ms=44 50ms=0 100ms=0 250ms=0]
05-18 11:56:12.100 11901 11918 I wasm_android_host::pr..: wandr-profile: frame  79140 t+1390876ms  win[N=60 min=13.4ms mean=16.6ms max=20.0ms] over[16ms=45 50ms=0 100ms=0 250ms=0]
05-18 11:56:13.100 11901 11918 I wasm_android_host::pr..: wandr-profile: frame  79200 t+1391875ms  win[N=60 min=13.7ms mean=16.6ms max=20.0ms] over[16ms=45 50ms=0 100ms=0 250ms=0]
05-18 11:56:14.098 11901 11918 I wasm_android_host::pr..: wandr-profile: frame  79260 t+1392874ms  win[N=60 min=13.3ms mean=16.6ms max=20.6ms] over[16ms=44 50ms=0 100ms=0 250ms=0]
05-18 11:56:15.095 11901 11918 I wasm_android_host::pr..: wandr-profile: frame  79320 t+1393870ms  win[N=60 min=13.6ms mean=16.5ms max=20.6ms] over[16ms=42 50ms=0 100ms=0 250ms=0]
05-18 11:56:16.093 11901 11918 I wasm_android_host::pr..: wandr-profile: frame  79380 t+1394868ms  win[N=60 min=14.1ms mean=16.6ms max=20.5ms] over[16ms=42 50ms=0 100ms=0 250ms=0]
05-18 11:56:17.092 11901 11918 I wasm_android_host::pr..: wandr-profile: frame  79440 t+1395868ms  win[N=60 min=14.9ms mean=16.6ms max=18.8ms] over[16ms=44 50ms=0 100ms=0 250ms=0]
05-18 11:56:18.090 11901 11918 I wasm_android_host::pr..: wandr-profile: frame  79500 t+1396866ms  win[N=60 min=14.5ms mean=16.6ms max=20.2ms] over[16ms=42 50ms=0 100ms=0 250ms=0]
05-18 11:56:19.088 11901 11918 I wasm_android_host::pr..: wandr-profile: frame  79560 t+1397864ms  win[N=60 min=13.3ms mean=16.6ms max=20.0ms] over[16ms=44 50ms=0 100ms=0 250ms=0]
05-18 11:56:20.084 11901 11918 I wasm_android_host::pr..: wandr-profile: frame  79620 t+1398860ms  win[N=60 min=13.8ms mean=16.5ms max=20.1ms] over[16ms=41 50ms=0 100ms=0 250ms=0]
05-18 11:56:21.083 11901 11918 I wasm_android_host::pr..: wandr-profile: frame  79680 t+1399858ms  win[N=60 min=13.1ms mean=16.6ms max=20.1ms] over[16ms=43 50ms=0 100ms=0 250ms=0]
05-18 11:56:22.081 11901 11918 I wasm_android_host::pr..: wandr-profile: frame  79740 t+1400857ms  win[N=60 min=13.1ms mean=16.6ms max=20.1ms] over[16ms=46 50ms=0 100ms=0 250ms=0]
05-18 11:56:23.097 11901 11918 I wasm_android_host::pr..: wandr-profile: frame  79800 t+1401873ms  win[N=60 min=11.1ms mean=16.9ms max=37.2ms] over[16ms=39 50ms=0 100ms=0 250ms=0]
05-18 11:56:24.094 11901 11918 I wasm_android_host::pr..: wandr-profile: frame  79860 t+1402869ms  win[N=60 min=14.3ms mean=16.5ms max=19.7ms] over[16ms=44 50ms=0 100ms=0 250ms=0]
05-18 11:56:25.109 11901 11918 I wasm_android_host::pr..: wandr-profile: frame  79920 t+1403885ms  win[N=60 min=13.5ms mean=16.9ms max=32.2ms] over[16ms=45 50ms=0 100ms=0 250ms=0]
05-18 11:56:26.108 11901 11918 I wasm_android_host::pr..: wandr-profile: frame  79980 t+1404883ms  win[N=60 min=14.6ms mean=16.6ms max=19.7ms] over[16ms=45 50ms=0 100ms=0 250ms=0]
05-18 11:56:27.121 11901 11918 I wasm_android_host::pr..: wandr-profile: frame  80040 t+1405897ms  win[N=60 min=14.0ms mean=16.8ms max=33.2ms] over[16ms=45 50ms=0 100ms=0 250ms=0]
05-18 11:56:28.137 11901 11918 I wasm_android_host::pr..: wandr-profile: frame  80100 t+1406913ms  win[N=60 min=11.1ms mean=16.9ms max=33.2ms] over[16ms=42 50ms=0 100ms=0 250ms=0]
05-18 11:56:29.134 11901 11918 I wasm_android_host::pr..: wandr-profile: frame  80160 t+1407909ms  win[N=60 min=13.8ms mean=16.5ms max=20.8ms] over[16ms=38 50ms=0 100ms=0 250ms=0]
05-18 11:56:30.133 11901 11918 I wasm_android_host::pr..: wandr-profile: frame  80220 t+1408909ms  win[N=60 min=14.0ms mean=16.6ms max=19.9ms] over[16ms=41 50ms=0 100ms=0 250ms=0]
05-18 11:56:31.132 11901 11918 I wasm_android_host::pr..: wandr-profile: frame  80280 t+1409908ms  win[N=60 min=14.9ms mean=16.6ms max=19.7ms] over[16ms=45 50ms=0 100ms=0 250ms=0]
05-18 11:56:32.145 11901 11918 I wasm_android_host::pr..: wandr-profile: frame  80340 t+1410920ms  win[N=60 min=14.7ms mean=16.8ms max=36.1ms] over[16ms=45 50ms=0 100ms=0 250ms=0]
05-18 11:56:33.143 11901 11918 I wasm_android_host::pr..: wandr-profile: frame  80400 t+1411919ms  win[N=60 min=14.4ms mean=16.6ms max=20.2ms] over[16ms=46 50ms=0 100ms=0 250ms=0]
05-18 11:56:34.159 11901 11918 I wasm_android_host::pr..: wandr-profile: frame  80460 t+1412934ms  win[N=60 min=11.0ms mean=16.9ms max=33.1ms] over[16ms=47 50ms=0 100ms=0 250ms=0]
05-18 11:56:35.155 11901 11918 I wasm_android_host::pr..: wandr-profile: frame  80520 t+1413931ms  win[N=60 min=14.2ms mean=16.5ms max=19.1ms] over[16ms=43 50ms=0 100ms=0 250ms=0]
05-18 11:56:36.154 11901 11918 I wasm_android_host::pr..: wandr-profile: frame  80580 t+1414929ms  win[N=60 min=13.2ms mean=16.6ms max=19.7ms] over[16ms=48 50ms=0 100ms=0 250ms=0]
05-18 11:56:37.153 11901 11918 I wasm_android_host::pr..: wandr-profile: frame  80640 t+1415929ms  win[N=60 min=14.0ms mean=16.6ms max=20.3ms] over[16ms=42 50ms=0 100ms=0 250ms=0]
05-18 11:56:38.152 11901 11918 I wasm_android_host::pr..: wandr-profile: frame  80700 t+1416928ms  win[N=60 min=14.5ms mean=16.6ms max=20.1ms] over[16ms=40 50ms=0 100ms=0 250ms=0]
05-18 11:56:39.164 11901 11918 I wasm_android_host::pr..: wandr-profile: frame  80760 t+1417940ms  win[N=60 min=12.1ms mean=16.8ms max=34.3ms] over[16ms=44 50ms=0 100ms=0 250ms=0]
05-18 11:56:40.163 11901 11918 I wasm_android_host::pr..: wandr-profile: frame  80820 t+1418938ms  win[N=60 min=14.1ms mean=16.6ms max=20.7ms] over[16ms=38 50ms=0 100ms=0 250ms=0]
05-18 11:56:41.160 11901 11918 I wasm_android_host::pr..: wandr-profile: frame  80880 t+1419936ms  win[N=60 min=14.7ms mean=16.6ms max=20.4ms] over[16ms=44 50ms=0 100ms=0 250ms=0]
05-18 11:56:42.159 11901 11918 I wasm_android_host::pr..: wandr-profile: frame  80940 t+1420935ms  win[N=60 min=14.5ms mean=16.6ms max=18.7ms] over[16ms=46 50ms=0 100ms=0 250ms=0]
05-18 11:56:43.158 11901 11918 I wasm_android_host::pr..: wandr-profile: frame  81000 t+1421934ms  win[N=60 min=13.5ms mean=16.6ms max=20.1ms] over[16ms=44 50ms=0 100ms=0 250ms=0]
05-18 11:56:44.155 11901 11918 I wasm_android_host::pr..: wandr-profile: frame  81060 t+1422931ms  win[N=60 min=13.7ms mean=16.5ms max=19.4ms] over[16ms=45 50ms=0 100ms=0 250ms=0]
05-18 11:56:45.154 11901 11918 I wasm_android_host::pr..: wandr-profile: frame  81120 t+1423929ms  win[N=60 min=14.2ms mean=16.6ms max=20.5ms] over[16ms=46 50ms=0 100ms=0 250ms=0]
05-18 11:56:46.169 11901 11918 I wasm_android_host::pr..: wandr-profile: frame  81180 t+1424945ms  win[N=60 min=11.0ms mean=16.9ms max=37.5ms] over[16ms=40 50ms=0 100ms=0 250ms=0]
05-18 11:56:47.167 11901 11918 I wasm_android_host::pr..: wandr-profile: frame  81240 t+1425943ms  win[N=60 min=13.1ms mean=16.6ms max=20.2ms] over[16ms=47 50ms=0 100ms=0 250ms=0]
05-18 11:56:48.164 11901 11918 I wasm_android_host::pr..: wandr-profile: frame  81300 t+1426940ms  win[N=60 min=14.0ms mean=16.6ms max=20.1ms] over[16ms=44 50ms=0 100ms=0 250ms=0]
05-18 11:56:49.163 11901 11918 I wasm_android_host::pr..: wandr-profile: frame  81360 t+1427938ms  win[N=60 min=14.4ms mean=16.6ms max=19.2ms] over[16ms=43 50ms=0 100ms=0 250ms=0]
05-18 11:56:50.161 11901 11918 I wasm_android_host::pr..: wandr-profile: frame  81420 t+1428937ms  win[N=60 min=14.6ms mean=16.6ms max=20.2ms] over[16ms=48 50ms=0 100ms=0 250ms=0]
05-18 11:56:51.159 11901 11918 I wasm_android_host::pr..: wandr-profile: frame  81480 t+1429934ms  win[N=60 min=14.1ms mean=16.6ms max=19.3ms] over[16ms=46 50ms=0 100ms=0 250ms=0]
05-18 11:56:52.158 11901 11918 I wasm_android_host::pr..: wandr-profile: frame  81540 t+1430934ms  win[N=60 min=14.8ms mean=16.6ms max=20.3ms] over[16ms=41 50ms=0 100ms=0 250ms=0]
05-18 11:56:53.173 11901 11918 I wasm_android_host::pr..: wandr-profile: frame  81600 t+1431948ms  win[N=60 min=14.6ms mean=16.8ms max=34.8ms] over[16ms=44 50ms=0 100ms=0 250ms=0]
05-18 11:56:54.171 11901 11918 I wasm_android_host::pr..: wandr-profile: frame  81660 t+1432947ms  win[N=60 min=13.8ms mean=16.6ms max=20.2ms] over[16ms=44 50ms=0 100ms=0 250ms=0]
05-18 11:56:55.184 11901 11918 I wasm_android_host::pr..: wandr-profile: frame  81720 t+1433960ms  win[N=60 min=11.1ms mean=16.8ms max=38.0ms] over[16ms=41 50ms=0 100ms=0 250ms=0]
05-18 11:56:56.199 11901 11918 I wasm_android_host::pr..: wandr-profile: frame  81780 t+1434975ms  win[N=60 min=14.7ms mean=16.8ms max=32.3ms] over[16ms=47 50ms=0 100ms=0 250ms=0]
05-18 11:56:57.198 11901 11918 I wasm_android_host::pr..: wandr-profile: frame  81840 t+1435974ms  win[N=60 min=13.0ms mean=16.6ms max=20.3ms] over[16ms=44 50ms=0 100ms=0 250ms=0]
05-18 11:56:58.198 11901 11918 I wasm_android_host::pr..: wandr-profile: frame  81900 t+1436974ms  win[N=60 min=14.3ms mean=16.6ms max=20.4ms] over[16ms=45 50ms=0 100ms=0 250ms=0]
05-18 11:56:59.193 11901 11918 I wasm_android_host::pr..: wandr-profile: frame  81960 t+1437969ms  win[N=60 min=14.3ms mean=16.5ms max=20.8ms] over[16ms=39 50ms=0 100ms=0 250ms=0]
05-18 11:57:00.193 11901 11918 I wasm_android_host::pr..: wandr-profile: frame  82020 t+1438969ms  win[N=60 min=13.9ms mean=16.6ms max=20.4ms] over[16ms=40 50ms=0 100ms=0 250ms=0]
05-18 11:57:01.191 11901 11918 I wasm_android_host::pr..: wandr-profile: frame  82080 t+1439966ms  win[N=60 min=14.4ms mean=16.6ms max=19.2ms] over[16ms=42 50ms=0 100ms=0 250ms=0]
05-18 11:57:02.206 11901 11918 I wasm_android_host::pr..: wandr-profile: frame  82140 t+1440982ms  win[N=60 min=11.3ms mean=16.9ms max=34.7ms] over[16ms=43 50ms=0 100ms=0 250ms=0]
05-18 11:57:03.202 11901 11918 I wasm_android_host::pr..: wandr-profile: frame  82200 t+1441977ms  win[N=60 min=14.0ms mean=16.5ms max=20.0ms] over[16ms=42 50ms=0 100ms=0 250ms=0]
05-18 11:57:04.200 11901 11918 I wasm_android_host::pr..: wandr-profile: frame  82260 t+1442975ms  win[N=60 min=12.8ms mean=16.6ms max=20.4ms] over[16ms=36 50ms=0 100ms=0 250ms=0]
05-18 11:57:05.198 11901 11918 I wasm_android_host::pr..: wandr-profile: frame  82320 t+1443974ms  win[N=60 min=14.0ms mean=16.6ms max=19.9ms] over[16ms=42 50ms=0 100ms=0 250ms=0]
05-18 11:57:06.196 11901 11918 I wasm_android_host::pr..: wandr-profile: frame  82380 t+1444971ms  win[N=60 min=14.4ms mean=16.6ms max=20.1ms] over[16ms=47 50ms=0 100ms=0 250ms=0]
05-18 11:57:07.194 11901 11918 I wasm_android_host::pr..: wandr-profile: frame  82440 t+1445970ms  win[N=60 min=14.6ms mean=16.6ms max=20.4ms] over[16ms=46 50ms=0 100ms=0 250ms=0]
05-18 11:57:08.193 11901 11918 I wasm_android_host::pr..: wandr-profile: frame  82500 t+1446969ms  win[N=60 min=14.8ms mean=16.6ms max=19.6ms] over[16ms=46 50ms=0 100ms=0 250ms=0]
05-18 11:57:09.191 11901 11918 I wasm_android_host::pr..: wandr-profile: frame  82560 t+1447966ms  win[N=60 min=13.9ms mean=16.6ms max=19.3ms] over[16ms=43 50ms=0 100ms=0 250ms=0]
05-18 11:57:10.205 11901 11918 I wasm_android_host::pr..: wandr-profile: frame  82620 t+1448980ms  win[N=60 min=14.0ms mean=16.8ms max=32.4ms] over[16ms=41 50ms=0 100ms=0 250ms=0]
05-18 11:57:11.202 11901 11918 I wasm_android_host::pr..: wandr-profile: frame  82680 t+1449978ms  win[N=60 min=13.1ms mean=16.6ms max=19.7ms] over[16ms=45 50ms=0 100ms=0 250ms=0]
05-18 11:57:12.201 11901 11918 I wasm_android_host::pr..: wandr-profile: frame  82740 t+1450977ms  win[N=60 min=14.3ms mean=16.6ms max=20.5ms] over[16ms=48 50ms=0 100ms=0 250ms=0]
05-18 11:57:13.199 11901 11918 I wasm_android_host::pr..: wandr-profile: frame  82800 t+1451974ms  win[N=60 min=14.2ms mean=16.6ms max=19.5ms] over[16ms=38 50ms=0 100ms=0 250ms=0]
05-18 11:57:14.199 11901 11918 I wasm_android_host::pr..: wandr-profile: frame  82860 t+1452974ms  win[N=60 min=12.7ms mean=16.6ms max=20.6ms] over[16ms=45 50ms=0 100ms=0 250ms=0]
05-18 11:57:15.195 11901 11918 I wasm_android_host::pr..: wandr-profile: frame  82920 t+1453971ms  win[N=60 min=13.4ms mean=16.5ms max=19.9ms] over[16ms=45 50ms=0 100ms=0 250ms=0]
05-18 11:57:16.193 11901 11918 I wasm_android_host::pr..: wandr-profile: frame  82980 t+1454969ms  win[N=60 min=14.3ms mean=16.6ms max=20.1ms] over[16ms=41 50ms=0 100ms=0 250ms=0]
05-18 11:57:17.192 11901 11918 I wasm_android_host::pr..: wandr-profile: frame  83040 t+1455968ms  win[N=60 min=14.8ms mean=16.6ms max=20.0ms] over[16ms=47 50ms=0 100ms=0 250ms=0]
05-18 11:57:18.191 11901 11918 I wasm_android_host::pr..: wandr-profile: frame  83100 t+1456967ms  win[N=60 min=14.2ms mean=16.6ms max=21.1ms] over[16ms=44 50ms=0 100ms=0 250ms=0]
05-18 11:57:19.189 11901 11918 I wasm_android_host::pr..: wandr-profile: frame  83160 t+1457964ms  win[N=60 min=13.5ms mean=16.6ms max=20.0ms] over[16ms=48 50ms=0 100ms=0 250ms=0]
05-18 11:57:20.185 11901 11918 I wasm_android_host::pr..: wandr-profile: frame  83220 t+1458961ms  win[N=60 min=14.2ms mean=16.5ms max=19.1ms] over[16ms=45 50ms=0 100ms=0 250ms=0]
05-18 11:57:21.183 11901 11918 I wasm_android_host::pr..: wandr-profile: frame  83280 t+1459959ms  win[N=60 min=13.7ms mean=16.6ms max=19.6ms] over[16ms=42 50ms=0 100ms=0 250ms=0]
05-18 11:57:22.181 11901 11918 I wasm_android_host::pr..: wandr-profile: frame  83340 t+1460957ms  win[N=60 min=14.6ms mean=16.6ms max=20.2ms] over[16ms=46 50ms=0 100ms=0 250ms=0]
05-18 11:57:23.179 11901 11918 I wasm_android_host::pr..: wandr-profile: frame  83400 t+1461955ms  win[N=60 min=14.1ms mean=16.6ms max=19.3ms] over[16ms=42 50ms=0 100ms=0 250ms=0]
05-18 11:57:24.179 11901 11918 I wasm_android_host::pr..: wandr-profile: frame  83460 t+1462954ms  win[N=60 min=14.2ms mean=16.6ms max=20.0ms] over[16ms=44 50ms=0 100ms=0 250ms=0]
05-18 11:57:25.193 11901 11918 I wasm_android_host::pr..: wandr-profile: frame  83520 t+1463969ms  win[N=60 min=13.4ms mean=16.8ms max=34.1ms] over[16ms=46 50ms=0 100ms=0 250ms=0]
05-18 11:57:26.192 11901 11918 I wasm_android_host::pr..: wandr-profile: frame  83580 t+1464968ms  win[N=60 min=13.9ms mean=16.6ms max=20.6ms] over[16ms=48 50ms=0 100ms=0 250ms=0]
05-18 11:57:27.190 11901 11918 I wasm_android_host::pr..: wandr-profile: frame  83640 t+1465966ms  win[N=60 min=14.0ms mean=16.6ms max=20.3ms] over[16ms=43 50ms=0 100ms=0 250ms=0]
05-18 11:57:28.188 11901 11918 I wasm_android_host::pr..: wandr-profile: frame  83700 t+1466963ms  win[N=60 min=14.4ms mean=16.6ms max=19.6ms] over[16ms=44 50ms=0 100ms=0 250ms=0]
05-18 11:57:29.184 11901 11918 I wasm_android_host::pr..: wandr-profile: frame  83760 t+1467960ms  win[N=60 min=13.2ms mean=16.5ms max=20.5ms] over[16ms=41 50ms=0 100ms=0 250ms=0]
05-18 11:57:30.182 11901 11918 I wasm_android_host::pr..: wandr-profile: frame  83820 t+1468958ms  win[N=60 min=14.5ms mean=16.6ms max=19.7ms] over[16ms=43 50ms=0 100ms=0 250ms=0]
05-18 11:57:31.181 11901 11918 I wasm_android_host::pr..: wandr-profile: frame  83880 t+1469956ms  win[N=60 min=14.6ms mean=16.6ms max=20.1ms] over[16ms=46 50ms=0 100ms=0 250ms=0]
05-18 11:57:32.178 11901 11918 I wasm_android_host::pr..: wandr-profile: frame  83940 t+1470954ms  win[N=60 min=14.2ms mean=16.6ms max=20.2ms] over[16ms=41 50ms=0 100ms=0 250ms=0]
05-18 11:57:33.176 11901 11918 I wasm_android_host::pr..: wandr-profile: frame  84000 t+1471952ms  win[N=60 min=13.0ms mean=16.6ms max=20.7ms] over[16ms=43 50ms=0 100ms=0 250ms=0]
05-18 11:57:34.176 11901 11918 I wasm_android_host::pr..: wandr-profile: frame  84060 t+1472952ms  win[N=60 min=14.1ms mean=16.6ms max=20.3ms] over[16ms=43 50ms=0 100ms=0 250ms=0]
05-18 11:57:35.191 11901 11918 I wasm_android_host::pr..: wandr-profile: frame  84120 t+1473967ms  win[N=60 min=14.5ms mean=16.8ms max=31.8ms] over[16ms=48 50ms=0 100ms=0 250ms=0]
05-18 11:57:36.189 11901 11918 I wasm_android_host::pr..: wandr-profile: frame  84180 t+1474964ms  win[N=60 min=14.4ms mean=16.6ms max=20.0ms] over[16ms=45 50ms=0 100ms=0 250ms=0]
05-18 11:57:37.185 11901 11918 I wasm_android_host::pr..: wandr-profile: frame  84240 t+1475961ms  win[N=60 min=14.3ms mean=16.5ms max=19.6ms] over[16ms=42 50ms=0 100ms=0 250ms=0]
05-18 11:57:38.183 11901 11918 I wasm_android_host::pr..: wandr-profile: frame  84300 t+1476959ms  win[N=60 min=14.7ms mean=16.6ms max=18.8ms] over[16ms=42 50ms=0 100ms=0 250ms=0]
05-18 11:57:39.181 11901 11918 I wasm_android_host::pr..: wandr-profile: frame  84360 t+1477957ms  win[N=60 min=14.5ms mean=16.6ms max=20.1ms] over[16ms=46 50ms=0 100ms=0 250ms=0]
05-18 11:57:40.179 11901 11918 I wasm_android_host::pr..: wandr-profile: frame  84420 t+1478955ms  win[N=60 min=14.8ms mean=16.6ms max=18.5ms] over[16ms=48 50ms=0 100ms=0 250ms=0]
05-18 11:57:41.177 11901 11918 I wasm_android_host::pr..: wandr-profile: frame  84480 t+1479953ms  win[N=60 min=12.9ms mean=16.6ms max=20.4ms] over[16ms=47 50ms=0 100ms=0 250ms=0]
05-18 11:57:42.194 11901 11918 I wasm_android_host::pr..: wandr-profile: frame  84540 t+1480970ms  win[N=60 min=12.4ms mean=16.9ms max=33.5ms] over[16ms=43 50ms=0 100ms=0 250ms=0]
05-18 11:57:43.192 11901 11918 I wasm_android_host::pr..: wandr-profile: frame  84600 t+1481967ms  win[N=60 min=13.1ms mean=16.6ms max=20.2ms] over[16ms=36 50ms=0 100ms=0 250ms=0]
05-18 11:57:44.190 11901 11918 I wasm_android_host::pr..: wandr-profile: frame  84660 t+1482966ms  win[N=60 min=14.3ms mean=16.6ms max=20.1ms] over[16ms=46 50ms=0 100ms=0 250ms=0]
05-18 11:57:45.202 11901 11918 I wasm_android_host::pr..: wandr-profile: frame  84720 t+1483978ms  win[N=60 min=14.5ms mean=16.8ms max=34.2ms] over[16ms=44 50ms=0 100ms=0 250ms=0]
05-18 11:57:46.201 11901 11918 I wasm_android_host::pr..: wandr-profile: frame  84780 t+1484977ms  win[N=60 min=14.1ms mean=16.6ms max=20.2ms] over[16ms=44 50ms=0 100ms=0 250ms=0]
05-18 11:57:47.215 11901 11918 I wasm_android_host::pr..: wandr-profile: frame  84840 t+1485991ms  win[N=60 min=12.1ms mean=16.8ms max=34.6ms] over[16ms=43 50ms=0 100ms=0 250ms=0]
05-18 11:57:48.213 11901 11918 I wasm_android_host::pr..: wandr-profile: frame  84900 t+1486989ms  win[N=60 min=13.1ms mean=16.6ms max=20.1ms] over[16ms=46 50ms=0 100ms=0 250ms=0]
05-18 11:57:49.215 11901 11918 I wasm_android_host::pr..: wandr-profile: frame  84960 t+1487991ms  win[N=60 min=14.0ms mean=16.6ms max=20.4ms] over[16ms=45 50ms=0 100ms=0 250ms=0]
05-18 11:57:50.211 11901 11918 I wasm_android_host::pr..: wandr-profile: frame  85020 t+1488987ms  win[N=60 min=12.8ms mean=16.5ms max=20.5ms] over[16ms=39 50ms=0 100ms=0 250ms=0]
05-18 11:57:51.209 11901 11918 I wasm_android_host::pr..: wandr-profile: frame  85080 t+1489985ms  win[N=60 min=13.8ms mean=16.6ms max=20.8ms] over[16ms=42 50ms=0 100ms=0 250ms=0]
05-18 11:57:52.207 11901 11918 I wasm_android_host::pr..: wandr-profile: frame  85140 t+1490983ms  win[N=60 min=14.6ms mean=16.6ms max=20.5ms] over[16ms=45 50ms=0 100ms=0 250ms=0]
05-18 11:57:53.204 11901 11918 I wasm_android_host::pr..: wandr-profile: frame  85200 t+1491980ms  win[N=60 min=13.3ms mean=16.6ms max=19.9ms] over[16ms=43 50ms=0 100ms=0 250ms=0]
05-18 11:57:54.202 11901 11918 I wasm_android_host::pr..: wandr-profile: frame  85260 t+1492978ms  win[N=60 min=14.2ms mean=16.6ms max=18.9ms] over[16ms=49 50ms=0 100ms=0 250ms=0]
05-18 11:57:55.200 11901 11918 I wasm_android_host::pr..: wandr-profile: frame  85320 t+1493976ms  win[N=60 min=14.6ms mean=16.6ms max=20.1ms] over[16ms=43 50ms=0 100ms=0 250ms=0]
05-18 11:57:56.199 11901 11918 I wasm_android_host::pr..: wandr-profile: frame  85380 t+1494975ms  win[N=60 min=14.7ms mean=16.6ms max=18.6ms] over[16ms=47 50ms=0 100ms=0 250ms=0]
05-18 11:57:57.198 11901 11918 I wasm_android_host::pr..: wandr-profile: frame  85440 t+1495974ms  win[N=60 min=14.4ms mean=16.6ms max=20.8ms] over[16ms=41 50ms=0 100ms=0 250ms=0]
05-18 11:57:58.196 11901 11918 I wasm_android_host::pr..: wandr-profile: frame  85500 t+1496972ms  win[N=60 min=13.8ms mean=16.6ms max=20.4ms] over[16ms=44 50ms=0 100ms=0 250ms=0]
05-18 11:57:59.210 11901 11918 I wasm_android_host::pr..: wandr-profile: frame  85560 t+1497986ms  win[N=60 min=13.8ms mean=16.8ms max=31.2ms] over[16ms=45 50ms=0 100ms=0 250ms=0]
05-18 11:58:00.209 11901 11918 I wasm_android_host::pr..: wandr-profile: frame  85620 t+1498984ms  win[N=60 min=14.5ms mean=16.6ms max=20.3ms] over[16ms=44 50ms=0 100ms=0 250ms=0]
05-18 11:58:01.222 11901 11918 I wasm_android_host::pr..: wandr-profile: frame  85680 t+1499997ms  win[N=60 min=14.6ms mean=16.8ms max=32.9ms] over[16ms=45 50ms=0 100ms=0 250ms=0]
05-18 11:58:02.220 11901 11918 I wasm_android_host::pr..: wandr-profile: frame  85740 t+1500996ms  win[N=60 min=14.6ms mean=16.6ms max=20.0ms] over[16ms=46 50ms=0 100ms=0 250ms=0]
05-18 11:58:03.218 11901 11918 I wasm_android_host::pr..: wandr-profile: frame  85800 t+1501994ms  win[N=60 min=13.8ms mean=16.6ms max=19.9ms] over[16ms=41 50ms=0 100ms=0 250ms=0]
05-18 11:58:04.245 11901 11918 I wasm_android_host::pr..: wandr-profile: frame  85860 t+1503021ms  win[N=60 min=11.0ms mean=17.1ms max=34.1ms] over[16ms=37 50ms=0 100ms=0 250ms=0]
05-18 11:58:05.232 11901 11918 I wasm_android_host::pr..: wandr-profile: frame  85920 t+1504008ms  win[N=60 min=11.0ms mean=16.4ms max=20.5ms] over[16ms=42 50ms=0 100ms=0 250ms=0]
05-18 11:58:06.230 11901 11918 I wasm_android_host::pr..: wandr-profile: frame  85980 t+1505006ms  win[N=60 min=14.5ms mean=16.6ms max=18.8ms] over[16ms=43 50ms=0 100ms=0 250ms=0]
05-18 11:58:07.228 11901 11918 I wasm_android_host::pr..: wandr-profile: frame  86040 t+1506004ms  win[N=60 min=14.8ms mean=16.6ms max=20.4ms] over[16ms=47 50ms=0 100ms=0 250ms=0]
05-18 11:58:08.226 11901 11918 I wasm_android_host::pr..: wandr-profile: frame  86100 t+1507002ms  win[N=60 min=13.9ms mean=16.6ms max=20.4ms] over[16ms=42 50ms=0 100ms=0 250ms=0]
05-18 11:58:09.223 11901 11918 I wasm_android_host::pr..: wandr-profile: frame  86160 t+1507999ms  win[N=60 min=14.6ms mean=16.5ms max=20.8ms] over[16ms=41 50ms=0 100ms=0 250ms=0]
05-18 11:58:10.238 11901 11918 I wasm_android_host::pr..: wandr-profile: frame  86220 t+1509013ms  win[N=60 min=13.9ms mean=16.8ms max=34.4ms] over[16ms=39 50ms=0 100ms=0 250ms=0]
05-18 11:58:11.236 11901 11918 I wasm_android_host::pr..: wandr-profile: frame  86280 t+1510011ms  win[N=60 min=14.7ms mean=16.6ms max=20.8ms] over[16ms=43 50ms=0 100ms=0 250ms=0]
05-18 11:58:12.234 11901 11918 I wasm_android_host::pr..: wandr-profile: frame  86340 t+1511010ms  win[N=60 min=14.0ms mean=16.6ms max=20.3ms] over[16ms=44 50ms=0 100ms=0 250ms=0]
05-18 11:58:13.233 11901 11918 I wasm_android_host::pr..: wandr-profile: frame  86400 t+1512009ms  win[N=60 min=14.1ms mean=16.6ms max=19.5ms] over[16ms=44 50ms=0 100ms=0 250ms=0]
05-18 11:58:14.232 11901 11918 I wasm_android_host::pr..: wandr-profile: frame  86460 t+1513007ms  win[N=60 min=13.5ms mean=16.6ms max=20.3ms] over[16ms=45 50ms=0 100ms=0 250ms=0]
05-18 11:58:15.229 11901 11918 I wasm_android_host::pr..: wandr-profile: frame  86520 t+1514005ms  win[N=60 min=13.7ms mean=16.6ms max=19.6ms] over[16ms=41 50ms=0 100ms=0 250ms=0]
05-18 11:58:16.228 11901 11918 I wasm_android_host::pr..: wandr-profile: frame  86580 t+1515004ms  win[N=60 min=12.7ms mean=16.6ms max=20.7ms] over[16ms=41 50ms=0 100ms=0 250ms=0]
05-18 11:58:17.225 11901 11918 I wasm_android_host::pr..: wandr-profile: frame  86640 t+1516001ms  win[N=60 min=13.3ms mean=16.6ms max=20.5ms] over[16ms=43 50ms=0 100ms=0 250ms=0]
05-18 11:58:18.222 11901 11918 I wasm_android_host::pr..: wandr-profile: frame  86700 t+1516998ms  win[N=60 min=13.1ms mean=16.6ms max=20.0ms] over[16ms=41 50ms=0 100ms=0 250ms=0]
05-18 11:58:19.220 11901 11918 I wasm_android_host::pr..: wandr-profile: frame  86760 t+1517996ms  win[N=60 min=14.4ms mean=16.6ms max=20.5ms] over[16ms=47 50ms=0 100ms=0 250ms=0]
05-18 11:58:20.219 11901 11918 I wasm_android_host::pr..: wandr-profile: frame  86820 t+1518995ms  win[N=60 min=14.5ms mean=16.6ms max=19.9ms] over[16ms=41 50ms=0 100ms=0 250ms=0]
05-18 11:58:21.219 11901 11918 I wasm_android_host::pr..: wandr-profile: frame  86880 t+1519994ms  win[N=60 min=12.8ms mean=16.6ms max=20.7ms] over[16ms=38 50ms=0 100ms=0 250ms=0]
05-18 11:58:22.233 11901 11918 I wasm_android_host::pr..: wandr-profile: frame  86940 t+1521009ms  win[N=60 min=13.9ms mean=16.8ms max=34.4ms] over[16ms=43 50ms=0 100ms=0 250ms=0]
05-18 11:58:23.231 11901 11918 I wasm_android_host::pr..: wandr-profile: frame  87000 t+1522007ms  win[N=60 min=13.7ms mean=16.6ms max=20.4ms] over[16ms=43 50ms=0 100ms=0 250ms=0]
05-18 11:58:24.229 11901 11918 I wasm_android_host::pr..: wandr-profile: frame  87060 t+1523004ms  win[N=60 min=14.2ms mean=16.6ms max=20.6ms] over[16ms=45 50ms=0 100ms=0 250ms=0]
05-18 11:58:25.225 11901 11918 I wasm_android_host::pr..: wandr-profile: frame  87120 t+1524001ms  win[N=60 min=14.3ms mean=16.5ms max=20.9ms] over[16ms=38 50ms=0 100ms=0 250ms=0]
05-18 11:58:26.224 11901 11918 I wasm_android_host::pr..: wandr-profile: frame  87180 t+1525000ms  win[N=60 min=12.9ms mean=16.6ms max=20.5ms] over[16ms=43 50ms=0 100ms=0 250ms=0]
05-18 11:58:27.222 11901 11918 I wasm_android_host::pr..: wandr-profile: frame  87240 t+1525997ms  win[N=60 min=14.6ms mean=16.6ms max=18.7ms] over[16ms=46 50ms=0 100ms=0 250ms=0]
05-18 11:58:28.220 11901 11918 I wasm_android_host::pr..: wandr-profile: frame  87300 t+1526996ms  win[N=60 min=13.8ms mean=16.6ms max=20.3ms] over[16ms=46 50ms=0 100ms=0 250ms=0]
05-18 11:58:29.218 11901 11918 I wasm_android_host::pr..: wandr-profile: frame  87360 t+1527994ms  win[N=60 min=13.8ms mean=16.6ms max=20.1ms] over[16ms=44 50ms=0 100ms=0 250ms=0]
05-18 11:58:30.218 11901 11918 I wasm_android_host::pr..: wandr-profile: frame  87420 t+1528994ms  win[N=60 min=13.2ms mean=16.6ms max=20.0ms] over[16ms=42 50ms=0 100ms=0 250ms=0]
05-18 11:58:31.214 11901 11918 I wasm_android_host::pr..: wandr-profile: frame  87480 t+1529990ms  win[N=60 min=13.5ms mean=16.5ms max=19.7ms] over[16ms=46 50ms=0 100ms=0 250ms=0]
05-18 11:58:32.212 11901 11918 I wasm_android_host::pr..: wandr-profile: frame  87540 t+1530988ms  win[N=60 min=14.5ms mean=16.6ms max=19.8ms] over[16ms=46 50ms=0 100ms=0 250ms=0]
05-18 11:58:33.212 11901 11918 I wasm_android_host::pr..: wandr-profile: frame  87600 t+1531988ms  win[N=60 min=13.7ms mean=16.6ms max=19.2ms] over[16ms=48 50ms=0 100ms=0 250ms=0]
05-18 11:58:34.225 11901 11918 I wasm_android_host::pr..: wandr-profile: frame  87660 t+1533000ms  win[N=60 min=13.9ms mean=16.8ms max=33.8ms] over[16ms=42 50ms=0 100ms=0 250ms=0]
05-18 11:58:35.223 11901 11918 I wasm_android_host::pr..: wandr-profile: frame  87720 t+1533999ms  win[N=60 min=14.1ms mean=16.6ms max=20.6ms] over[16ms=43 50ms=0 100ms=0 250ms=0]
05-18 11:58:36.221 11901 11918 I wasm_android_host::pr..: wandr-profile: frame  87780 t+1534997ms  win[N=60 min=14.0ms mean=16.6ms max=20.1ms] over[16ms=46 50ms=0 100ms=0 250ms=0]
05-18 11:58:37.219 11901 11918 I wasm_android_host::pr..: wandr-profile: frame  87840 t+1535995ms  win[N=60 min=12.7ms mean=16.6ms max=20.4ms] over[16ms=41 50ms=0 100ms=0 250ms=0]
05-18 11:58:38.218 11901 11918 I wasm_android_host::pr..: wandr-profile: frame  87900 t+1536994ms  win[N=60 min=13.7ms mean=16.6ms max=20.1ms] over[16ms=45 50ms=0 100ms=0 250ms=0]
05-18 11:58:39.215 11901 11918 I wasm_android_host::pr..: wandr-profile: frame  87960 t+1537991ms  win[N=60 min=14.4ms mean=16.6ms max=19.2ms] over[16ms=42 50ms=0 100ms=0 250ms=0]
05-18 11:58:40.214 11901 11918 I wasm_android_host::pr..: wandr-profile: frame  88020 t+1538989ms  win[N=60 min=14.6ms mean=16.6ms max=18.7ms] over[16ms=46 50ms=0 100ms=0 250ms=0]
05-18 11:58:41.229 11901 11918 I wasm_android_host::pr..: wandr-profile: frame  88080 t+1540005ms  win[N=60 min=13.6ms mean=16.9ms max=34.1ms] over[16ms=42 50ms=0 100ms=0 250ms=0]
05-18 11:58:42.228 11901 11918 I wasm_android_host::pr..: wandr-profile: frame  88140 t+1541004ms  win[N=60 min=14.7ms mean=16.6ms max=20.4ms] over[16ms=43 50ms=0 100ms=0 250ms=0]
05-18 11:58:43.224 11901 11918 I wasm_android_host::pr..: wandr-profile: frame  88200 t+1542000ms  win[N=60 min=14.4ms mean=16.5ms max=20.1ms] over[16ms=44 50ms=0 100ms=0 250ms=0]
05-18 11:58:44.239 11901 11918 I wasm_android_host::pr..: wandr-profile: frame  88260 t+1543015ms  win[N=60 min=14.3ms mean=16.8ms max=31.5ms] over[16ms=42 50ms=0 100ms=0 250ms=0]
05-18 11:58:45.239 11901 11918 I wasm_android_host::pr..: wandr-profile: frame  88320 t+1544015ms  win[N=60 min=13.8ms mean=16.6ms max=20.2ms] over[16ms=45 50ms=0 100ms=0 250ms=0]
05-18 11:58:46.235 11901 11918 I wasm_android_host::pr..: wandr-profile: frame  88380 t+1545011ms  win[N=60 min=14.2ms mean=16.5ms max=19.2ms] over[16ms=46 50ms=0 100ms=0 250ms=0]
05-18 11:58:47.233 11901 11918 I wasm_android_host::pr..: wandr-profile: frame  88440 t+1546009ms  win[N=60 min=13.6ms mean=16.6ms max=20.3ms] over[16ms=45 50ms=0 100ms=0 250ms=0]
05-18 11:58:48.233 11901 11918 I wasm_android_host::pr..: wandr-profile: frame  88500 t+1547008ms  win[N=60 min=13.8ms mean=16.6ms max=19.5ms] over[16ms=45 50ms=0 100ms=0 250ms=0]
05-18 11:58:49.231 11901 11918 I wasm_android_host::pr..: wandr-profile: frame  88560 t+1548007ms  win[N=60 min=14.1ms mean=16.6ms max=20.6ms] over[16ms=45 50ms=0 100ms=0 250ms=0]
05-18 11:58:50.229 11901 11918 I wasm_android_host::pr..: wandr-profile: frame  88620 t+1549004ms  win[N=60 min=13.9ms mean=16.6ms max=19.5ms] over[16ms=46 50ms=0 100ms=0 250ms=0]
05-18 11:58:51.227 11901 11918 I wasm_android_host::pr..: wandr-profile: frame  88680 t+1550003ms  win[N=60 min=14.4ms mean=16.6ms max=18.9ms] over[16ms=43 50ms=0 100ms=0 250ms=0]
05-18 11:58:52.223 11901 11918 I wasm_android_host::pr..: wandr-profile: frame  88740 t+1550999ms  win[N=60 min=13.9ms mean=16.5ms max=20.1ms] over[16ms=41 50ms=0 100ms=0 250ms=0]
05-18 11:58:53.238 11901 11918 I wasm_android_host::pr..: wandr-profile: frame  88800 t+1552014ms  win[N=60 min=14.4ms mean=16.9ms max=33.0ms] over[16ms=48 50ms=0 100ms=0 250ms=0]
05-18 11:58:54.238 11901 11918 I wasm_android_host::pr..: wandr-profile: frame  88860 t+1553014ms  win[N=60 min=12.6ms mean=16.6ms max=20.7ms] over[16ms=44 50ms=0 100ms=0 250ms=0]
05-18 11:58:55.253 11901 11918 I wasm_android_host::pr..: wandr-profile: frame  88920 t+1554028ms  win[N=60 min=11.0ms mean=16.8ms max=34.3ms] over[16ms=45 50ms=0 100ms=0 250ms=0]
05-18 11:58:56.249 11901 11918 I wasm_android_host::pr..: wandr-profile: frame  88980 t+1555025ms  win[N=60 min=14.4ms mean=16.5ms max=19.2ms] over[16ms=43 50ms=0 100ms=0 250ms=0]
05-18 11:58:57.249 11901 11918 I wasm_android_host::pr..: wandr-profile: frame  89040 t+1556024ms  win[N=60 min=14.5ms mean=16.6ms max=20.2ms] over[16ms=42 50ms=0 100ms=0 250ms=0]
05-18 11:58:58.262 11901 11918 I wasm_android_host::pr..: wandr-profile: frame  89100 t+1557037ms  win[N=60 min=11.6ms mean=16.8ms max=30.6ms] over[16ms=41 50ms=0 100ms=0 250ms=0]
05-18 11:58:59.260 11901 11918 I wasm_android_host::pr..: wandr-profile: frame  89160 t+1558035ms  win[N=60 min=13.6ms mean=16.6ms max=20.5ms] over[16ms=43 50ms=0 100ms=0 250ms=0]
05-18 11:59:00.258 11901 11918 I wasm_android_host::pr..: wandr-profile: frame  89220 t+1559034ms  win[N=60 min=13.8ms mean=16.6ms max=20.6ms] over[16ms=41 50ms=0 100ms=0 250ms=0]
05-18 11:59:01.256 11901 11918 I wasm_android_host::pr..: wandr-profile: frame  89280 t+1560032ms  win[N=60 min=14.2ms mean=16.6ms max=20.3ms] over[16ms=39 50ms=0 100ms=0 250ms=0]
05-18 11:59:02.273 11901 11918 I wasm_android_host::pr..: wandr-profile: frame  89340 t+1561048ms  win[N=60 min=11.2ms mean=16.9ms max=32.9ms] over[16ms=43 50ms=0 100ms=0 250ms=0]
05-18 11:59:03.270 11901 11918 I wasm_android_host::pr..: wandr-profile: frame  89400 t+1562046ms  win[N=60 min=13.5ms mean=16.6ms max=20.2ms] over[16ms=41 50ms=0 100ms=0 250ms=0]
05-18 11:59:04.268 11901 11918 I wasm_android_host::pr..: wandr-profile: frame  89460 t+1563044ms  win[N=60 min=13.5ms mean=16.6ms max=19.9ms] over[16ms=44 50ms=0 100ms=0 250ms=0]
05-18 11:59:05.265 11901 11918 I wasm_android_host::pr..: wandr-profile: frame  89520 t+1564041ms  win[N=60 min=14.3ms mean=16.6ms max=18.8ms] over[16ms=45 50ms=0 100ms=0 250ms=0]
05-18 11:59:06.263 11901 11918 I wasm_android_host::pr..: wandr-profile: frame  89580 t+1565039ms  win[N=60 min=13.6ms mean=16.6ms max=20.3ms] over[16ms=43 50ms=0 100ms=0 250ms=0]
05-18 11:59:07.262 11901 11918 I wasm_android_host::pr..: wandr-profile: frame  89640 t+1566037ms  win[N=60 min=12.8ms mean=16.6ms max=20.6ms] over[16ms=47 50ms=0 100ms=0 250ms=0]
05-18 11:59:08.259 11901 11918 I wasm_android_host::pr..: wandr-profile: frame  89700 t+1567035ms  win[N=60 min=14.5ms mean=16.6ms max=18.8ms] over[16ms=44 50ms=0 100ms=0 250ms=0]
05-18 11:59:09.257 11901 11918 I wasm_android_host::pr..: wandr-profile: frame  89760 t+1568033ms  win[N=60 min=14.2ms mean=16.6ms max=20.1ms] over[16ms=42 50ms=0 100ms=0 250ms=0]
05-18 11:59:10.274 11901 11918 I wasm_android_host::pr..: wandr-profile: frame  89820 t+1569050ms  win[N=60 min=14.4ms mean=16.9ms max=34.7ms] over[16ms=38 50ms=0 100ms=0 250ms=0]
05-18 11:59:11.272 11901 11918 I wasm_android_host::pr..: wandr-profile: frame  89880 t+1570047ms  win[N=60 min=14.0ms mean=16.6ms max=20.5ms] over[16ms=45 50ms=0 100ms=0 250ms=0]
05-18 11:59:12.269 11901 11918 I wasm_android_host::pr..: wandr-profile: frame  89940 t+1571045ms  win[N=60 min=14.6ms mean=16.6ms max=19.7ms] over[16ms=44 50ms=0 100ms=0 250ms=0]
05-18 11:59:13.268 11901 11918 I wasm_android_host::pr..: wandr-profile: frame  90000 t+1572043ms  win[N=60 min=13.5ms mean=16.6ms max=19.6ms] over[16ms=46 50ms=0 100ms=0 250ms=0]
05-18 11:59:14.265 11901 11918 I wasm_android_host::pr..: wandr-profile: frame  90060 t+1573041ms  win[N=60 min=14.1ms mean=16.6ms max=19.8ms] over[16ms=43 50ms=0 100ms=0 250ms=0]
05-18 11:59:15.263 11901 11918 I wasm_android_host::pr..: wandr-profile: frame  90120 t+1574039ms  win[N=60 min=14.5ms mean=16.6ms max=20.5ms] over[16ms=43 50ms=0 100ms=0 250ms=0]
05-18 11:59:16.261 11901 11918 I wasm_android_host::pr..: wandr-profile: frame  90180 t+1575037ms  win[N=60 min=14.2ms mean=16.6ms max=20.7ms] over[16ms=46 50ms=0 100ms=0 250ms=0]
05-18 11:59:17.259 11901 11918 I wasm_android_host::pr..: wandr-profile: frame  90240 t+1576035ms  win[N=60 min=14.6ms mean=16.6ms max=18.5ms] over[16ms=45 50ms=0 100ms=0 250ms=0]
05-18 11:59:18.257 11901 11918 I wasm_android_host::pr..: wandr-profile: frame  90300 t+1577033ms  win[N=60 min=14.3ms mean=16.6ms max=20.9ms] over[16ms=42 50ms=0 100ms=0 250ms=0]
05-18 11:59:19.259 11901 11918 I wasm_android_host::pr..: wandr-profile: frame  90360 t+1578034ms  win[N=60 min=14.2ms mean=16.6ms max=20.0ms] over[16ms=44 50ms=0 100ms=0 250ms=0]
05-18 11:59:20.253 11901 11918 I wasm_android_host::pr..: wandr-profile: frame  90420 t+1579029ms  win[N=60 min=14.5ms mean=16.5ms max=20.5ms] over[16ms=47 50ms=0 100ms=0 250ms=0]
05-18 11:59:21.253 11901 11918 I wasm_android_host::pr..: wandr-profile: frame  90480 t+1580029ms  win[N=60 min=13.5ms mean=16.6ms max=19.7ms] over[16ms=44 50ms=0 100ms=0 250ms=0]
05-18 11:59:22.251 11901 11918 I wasm_android_host::pr..: wandr-profile: frame  90540 t+1581026ms  win[N=60 min=13.3ms mean=16.6ms max=19.7ms] over[16ms=45 50ms=0 100ms=0 250ms=0]
05-18 11:59:23.265 11901 11918 I wasm_android_host::pr..: wandr-profile: frame  90600 t+1582040ms  win[N=60 min=14.2ms mean=16.8ms max=33.4ms] over[16ms=45 50ms=0 100ms=0 250ms=0]
05-18 11:59:24.279 11901 11918 I wasm_android_host::pr..: wandr-profile: frame  90660 t+1583055ms  win[N=60 min=14.4ms mean=16.8ms max=33.2ms] over[16ms=41 50ms=0 100ms=0 250ms=0]
05-18 11:59:25.277 11901 11918 I wasm_android_host::pr..: wandr-profile: frame  90720 t+1584053ms  win[N=60 min=14.2ms mean=16.6ms max=20.2ms] over[16ms=42 50ms=0 100ms=0 250ms=0]
05-18 11:59:26.275 11901 11918 I wasm_android_host::pr..: wandr-profile: frame  90780 t+1585051ms  win[N=60 min=14.7ms mean=16.6ms max=18.8ms] over[16ms=47 50ms=0 100ms=0 250ms=0]
05-18 11:59:27.274 11901 11918 I wasm_android_host::pr..: wandr-profile: frame  90840 t+1586049ms  win[N=60 min=12.8ms mean=16.6ms max=20.4ms] over[16ms=46 50ms=0 100ms=0 250ms=0]
05-18 11:59:28.273 11901 11918 I wasm_android_host::pr..: wandr-profile: frame  90900 t+1587049ms  win[N=60 min=13.9ms mean=16.6ms max=19.9ms] over[16ms=44 50ms=0 100ms=0 250ms=0]
05-18 11:59:29.271 11901 11918 I wasm_android_host::pr..: wandr-profile: frame  90960 t+1588047ms  win[N=60 min=13.3ms mean=16.6ms max=20.3ms] over[16ms=43 50ms=0 100ms=0 250ms=0]
05-18 11:59:30.269 11901 11918 I wasm_android_host::pr..: wandr-profile: frame  91020 t+1589045ms  win[N=60 min=14.0ms mean=16.6ms max=19.3ms] over[16ms=45 50ms=0 100ms=0 250ms=0]
05-18 11:59:31.268 11901 11918 I wasm_android_host::pr..: wandr-profile: frame  91080 t+1590043ms  win[N=60 min=14.2ms mean=16.6ms max=20.6ms] over[16ms=40 50ms=0 100ms=0 250ms=0]
05-18 11:59:32.264 11901 11918 I wasm_android_host::pr..: wandr-profile: frame  91140 t+1591040ms  win[N=60 min=13.9ms mean=16.5ms max=20.2ms] over[16ms=42 50ms=0 100ms=0 250ms=0]
05-18 11:59:33.262 11901 11918 I wasm_android_host::pr..: wandr-profile: frame  91200 t+1592038ms  win[N=60 min=14.1ms mean=16.6ms max=19.3ms] over[16ms=43 50ms=0 100ms=0 250ms=0]
05-18 11:59:34.260 11901 11918 I wasm_android_host::pr..: wandr-profile: frame  91260 t+1593036ms  win[N=60 min=13.5ms mean=16.6ms max=20.1ms] over[16ms=48 50ms=0 100ms=0 250ms=0]
05-18 11:59:35.275 11901 11918 I wasm_android_host::pr..: wandr-profile: frame  91320 t+1594051ms  win[N=60 min=14.5ms mean=16.8ms max=32.6ms] over[16ms=46 50ms=0 100ms=0 250ms=0]
05-18 11:59:36.273 11901 11918 I wasm_android_host::pr..: wandr-profile: frame  91380 t+1595049ms  win[N=60 min=14.6ms mean=16.6ms max=20.7ms] over[16ms=42 50ms=0 100ms=0 250ms=0]
05-18 11:59:37.275 11901 11918 I wasm_android_host::pr..: wandr-profile: frame  91440 t+1596051ms  win[N=60 min=14.3ms mean=16.6ms max=20.3ms] over[16ms=43 50ms=0 100ms=0 250ms=0]
05-18 11:59:38.271 11901 11918 I wasm_android_host::pr..: wandr-profile: frame  91500 t+1597047ms  win[N=60 min=14.4ms mean=16.5ms max=18.6ms] over[16ms=43 50ms=0 100ms=0 250ms=0]
05-18 11:59:39.269 11901 11918 I wasm_android_host::pr..: wandr-profile: frame  91560 t+1598045ms  win[N=60 min=13.7ms mean=16.6ms max=20.7ms] over[16ms=46 50ms=0 100ms=0 250ms=0]
05-18 11:59:40.267 11901 11918 I wasm_android_host::pr..: wandr-profile: frame  91620 t+1599043ms  win[N=60 min=14.1ms mean=16.6ms max=19.7ms] over[16ms=43 50ms=0 100ms=0 250ms=0]
05-18 11:59:41.264 11901 11918 I wasm_android_host::pr..: wandr-profile: frame  91680 t+1600040ms  win[N=60 min=14.3ms mean=16.5ms max=20.5ms] over[16ms=44 50ms=0 100ms=0 250ms=0]
05-18 11:59:42.262 11901 11918 I wasm_android_host::pr..: wandr-profile: frame  91740 t+1601038ms  win[N=60 min=14.0ms mean=16.6ms max=19.3ms] over[16ms=45 50ms=0 100ms=0 250ms=0]
05-18 11:59:43.260 11901 11918 I wasm_android_host::pr..: wandr-profile: frame  91800 t+1602036ms  win[N=60 min=14.5ms mean=16.6ms max=20.3ms] over[16ms=45 50ms=0 100ms=0 250ms=0]
05-18 11:59:44.258 11901 11918 I wasm_android_host::pr..: wandr-profile: frame  91860 t+1603034ms  win[N=60 min=14.3ms mean=16.6ms max=19.3ms] over[16ms=43 50ms=0 100ms=0 250ms=0]
05-18 11:59:45.258 11901 11918 I wasm_android_host::pr..: wandr-profile: frame  91920 t+1604034ms  win[N=60 min=14.3ms mean=16.6ms max=20.2ms] over[16ms=42 50ms=0 100ms=0 250ms=0]
05-18 11:59:46.259 11901 11918 I wasm_android_host::pr..: wandr-profile: frame  91980 t+1605034ms  win[N=60 min=13.9ms mean=16.6ms max=20.6ms] over[16ms=43 50ms=0 100ms=0 250ms=0]
05-18 11:59:47.253 11901 11918 I wasm_android_host::pr..: wandr-profile: frame  92040 t+1606029ms  win[N=60 min=14.0ms mean=16.5ms max=19.6ms] over[16ms=43 50ms=0 100ms=0 250ms=0]
05-18 11:59:48.269 11901 11918 I wasm_android_host::pr..: wandr-profile: frame  92100 t+1607045ms  win[N=60 min=13.5ms mean=16.9ms max=34.4ms] over[16ms=42 50ms=0 100ms=0 250ms=0]
05-18 11:59:49.266 11901 11918 I wasm_android_host::pr..: wandr-profile: frame  92160 t+1608041ms  win[N=60 min=14.3ms mean=16.5ms max=18.1ms] over[16ms=46 50ms=0 100ms=0 250ms=0]
05-18 11:59:50.265 11901 11918 I wasm_android_host::pr..: wandr-profile: frame  92220 t+1609041ms  win[N=60 min=13.7ms mean=16.6ms max=20.2ms] over[16ms=47 50ms=0 100ms=0 250ms=0]
05-18 11:59:51.262 11901 11918 I wasm_android_host::pr..: wandr-profile: frame  92280 t+1610038ms  win[N=60 min=14.1ms mean=16.6ms max=19.7ms] over[16ms=41 50ms=0 100ms=0 250ms=0]
05-18 11:59:52.260 11901 11918 I wasm_android_host::pr..: wandr-profile: frame  92340 t+1611036ms  win[N=60 min=13.7ms mean=16.6ms max=19.8ms] over[16ms=39 50ms=0 100ms=0 250ms=0]
05-18 11:59:53.258 11901 11918 I wasm_android_host::pr..: wandr-profile: frame  92400 t+1612034ms  win[N=60 min=14.7ms mean=16.6ms max=19.4ms] over[16ms=45 50ms=0 100ms=0 250ms=0]
05-18 11:59:54.256 11901 11918 I wasm_android_host::pr..: wandr-profile: frame  92460 t+1613032ms  win[N=60 min=14.7ms mean=16.6ms max=20.4ms] over[16ms=45 50ms=0 100ms=0 250ms=0]
05-18 11:59:55.272 11901 11918 I wasm_android_host::pr..: wandr-profile: frame  92520 t+1614048ms  win[N=60 min=13.4ms mean=16.9ms max=30.8ms] over[16ms=46 50ms=0 100ms=0 250ms=0]
05-18 11:59:56.270 11901 11918 I wasm_android_host::pr..: wandr-profile: frame  92580 t+1615046ms  win[N=60 min=14.3ms mean=16.6ms max=19.1ms] over[16ms=37 50ms=0 100ms=0 250ms=0]
05-18 11:59:57.269 11901 11918 I wasm_android_host::pr..: wandr-profile: frame  92640 t+1616044ms  win[N=60 min=13.1ms mean=16.6ms max=20.7ms] over[16ms=48 50ms=0 100ms=0 250ms=0]
05-18 11:59:58.266 11901 11918 I wasm_android_host::pr..: wandr-profile: frame  92700 t+1617041ms  win[N=60 min=14.4ms mean=16.6ms max=18.9ms] over[16ms=43 50ms=0 100ms=0 250ms=0]
05-18 11:59:59.263 11901 11918 I wasm_android_host::pr..: wandr-profile: frame  92760 t+1618039ms  win[N=60 min=13.6ms mean=16.6ms max=20.5ms] over[16ms=45 50ms=0 100ms=0 250ms=0]
05-18 12:00:00.261 11901 11918 I wasm_android_host::pr..: wandr-profile: frame  92820 t+1619036ms  win[N=60 min=13.7ms mean=16.6ms max=20.1ms] over[16ms=43 50ms=0 100ms=0 250ms=0]
05-18 12:00:01.259 11901 11918 I wasm_android_host::pr..: wandr-profile: frame  92880 t+1620035ms  win[N=60 min=14.5ms mean=16.6ms max=20.9ms] over[16ms=44 50ms=0 100ms=0 250ms=0]
05-18 12:00:02.275 11901 11918 I wasm_android_host::pr..: wandr-profile: frame  92940 t+1621050ms  win[N=60 min=12.6ms mean=16.9ms max=34.4ms] over[16ms=44 50ms=0 100ms=0 250ms=0]
05-18 12:00:03.272 11901 11918 I wasm_android_host::pr..: wandr-profile: frame  93000 t+1622048ms  win[N=60 min=14.9ms mean=16.6ms max=21.0ms] over[16ms=42 50ms=0 100ms=0 250ms=0]
05-18 12:00:04.273 11901 11918 I wasm_android_host::pr..: wandr-profile: frame  93060 t+1623048ms  win[N=60 min=12.8ms mean=16.6ms max=20.3ms] over[16ms=43 50ms=0 100ms=0 250ms=0]
05-18 12:00:05.270 11901 11918 I wasm_android_host::pr..: wandr-profile: frame  93120 t+1624046ms  win[N=60 min=14.1ms mean=16.6ms max=20.1ms] over[16ms=44 50ms=0 100ms=0 250ms=0]
05-18 12:00:06.266 11901 11918 I wasm_android_host::pr..: wandr-profile: frame  93180 t+1625042ms  win[N=60 min=13.6ms mean=16.5ms max=20.7ms] over[16ms=46 50ms=0 100ms=0 250ms=0]
05-18 12:00:07.267 11901 11918 I wasm_android_host::pr..: wandr-profile: frame  93240 t+1626042ms  win[N=60 min=13.6ms mean=16.6ms max=20.0ms] over[16ms=42 50ms=0 100ms=0 250ms=0]
05-18 12:00:08.263 11901 11918 I wasm_android_host::pr..: wandr-profile: frame  93300 t+1627038ms  win[N=60 min=13.6ms mean=16.5ms max=20.3ms] over[16ms=40 50ms=0 100ms=0 250ms=0]
05-18 12:00:09.278 11901 11918 I wasm_android_host::pr..: wandr-profile: frame  93360 t+1628054ms  win[N=60 min=11.1ms mean=16.9ms max=37.9ms] over[16ms=40 50ms=0 100ms=0 250ms=0]
05-18 12:00:10.276 11901 11918 I wasm_android_host::pr..: wandr-profile: frame  93420 t+1629052ms  win[N=60 min=13.9ms mean=16.6ms max=20.2ms] over[16ms=43 50ms=0 100ms=0 250ms=0]
05-18 12:00:11.275 11901 11918 I wasm_android_host::pr..: wandr-profile: frame  93480 t+1630050ms  win[N=60 min=14.8ms mean=16.6ms max=19.1ms] over[16ms=47 50ms=0 100ms=0 250ms=0]
05-18 12:00:12.290 11901 11918 I wasm_android_host::pr..: wandr-profile: frame  93540 t+1631066ms  win[N=60 min=14.0ms mean=16.9ms max=34.4ms] over[16ms=43 50ms=0 100ms=0 250ms=0]
05-18 12:00:13.288 11901 11918 I wasm_android_host::pr..: wandr-profile: frame  93600 t+1632063ms  win[N=60 min=12.7ms mean=16.6ms max=20.9ms] over[16ms=37 50ms=0 100ms=0 250ms=0]
05-18 12:00:14.285 11901 11918 I wasm_android_host::pr..: wandr-profile: frame  93660 t+1633061ms  win[N=60 min=14.7ms mean=16.6ms max=18.5ms] over[16ms=45 50ms=0 100ms=0 250ms=0]
05-18 12:00:15.285 11901 11918 I wasm_android_host::pr..: wandr-profile: frame  93720 t+1634060ms  win[N=60 min=14.2ms mean=16.6ms max=20.1ms] over[16ms=45 50ms=0 100ms=0 250ms=0]
05-18 12:00:16.281 11901 11918 I wasm_android_host::pr..: wandr-profile: frame  93780 t+1635057ms  win[N=60 min=13.7ms mean=16.5ms max=20.3ms] over[16ms=44 50ms=0 100ms=0 250ms=0]
05-18 12:00:17.279 11901 11918 I wasm_android_host::pr..: wandr-profile: frame  93840 t+1636055ms  win[N=60 min=13.6ms mean=16.6ms max=20.8ms] over[16ms=44 50ms=0 100ms=0 250ms=0]
05-18 12:00:18.277 11901 11918 I wasm_android_host::pr..: wandr-profile: frame  93900 t+1637053ms  win[N=60 min=14.0ms mean=16.6ms max=19.2ms] over[16ms=47 50ms=0 100ms=0 250ms=0]
05-18 12:00:19.278 11901 11918 I wasm_android_host::pr..: wandr-profile: frame  93960 t+1638054ms  win[N=60 min=13.9ms mean=16.6ms max=19.5ms] over[16ms=36 50ms=0 100ms=0 250ms=0]
05-18 12:00:20.274 11901 11918 I wasm_android_host::pr..: wandr-profile: frame  94020 t+1639049ms  win[N=60 min=14.1ms mean=16.5ms max=18.6ms] over[16ms=45 50ms=0 100ms=0 250ms=0]
05-18 12:00:21.275 11901 11918 I wasm_android_host::pr..: wandr-profile: frame  94080 t+1640051ms  win[N=60 min=14.4ms mean=16.6ms max=20.1ms] over[16ms=46 50ms=0 100ms=0 250ms=0]
05-18 12:00:22.272 11901 11918 I wasm_android_host::pr..: wandr-profile: frame  94140 t+1641047ms  win[N=60 min=13.6ms mean=16.5ms max=19.9ms] over[16ms=40 50ms=0 100ms=0 250ms=0]
05-18 12:00:23.269 11901 11918 I wasm_android_host::pr..: wandr-profile: frame  94200 t+1642045ms  win[N=60 min=14.5ms mean=16.6ms max=20.8ms] over[16ms=42 50ms=0 100ms=0 250ms=0]
05-18 12:00:24.267 11901 11918 I wasm_android_host::pr..: wandr-profile: frame  94260 t+1643043ms  win[N=60 min=14.3ms mean=16.6ms max=18.9ms] over[16ms=43 50ms=0 100ms=0 250ms=0]
05-18 12:00:25.264 11901 11918 I wasm_android_host::pr..: wandr-profile: frame  94320 t+1644040ms  win[N=60 min=13.5ms mean=16.6ms max=20.2ms] over[16ms=47 50ms=0 100ms=0 250ms=0]
05-18 12:00:26.262 11901 11918 I wasm_android_host::pr..: wandr-profile: frame  94380 t+1645038ms  win[N=60 min=14.6ms mean=16.6ms max=18.9ms] over[16ms=46 50ms=0 100ms=0 250ms=0]
05-18 12:00:27.261 11901 11918 I wasm_android_host::pr..: wandr-profile: frame  94440 t+1646037ms  win[N=60 min=13.6ms mean=16.6ms max=20.6ms] over[16ms=44 50ms=0 100ms=0 250ms=0]
05-18 12:00:28.258 11901 11918 I wasm_android_host::pr..: wandr-profile: frame  94500 t+1647034ms  win[N=60 min=14.5ms mean=16.6ms max=19.8ms] over[16ms=44 50ms=0 100ms=0 250ms=0]
05-18 12:00:29.257 11901 11918 I wasm_android_host::pr..: wandr-profile: frame  94560 t+1648032ms  win[N=60 min=14.8ms mean=16.6ms max=18.9ms] over[16ms=47 50ms=0 100ms=0 250ms=0]
05-18 12:00:30.255 11901 11918 I wasm_android_host::pr..: wandr-profile: frame  94620 t+1649031ms  win[N=60 min=14.7ms mean=16.6ms max=19.8ms] over[16ms=44 50ms=0 100ms=0 250ms=0]
05-18 12:00:31.253 11901 11918 I wasm_android_host::pr..: wandr-profile: frame  94680 t+1650029ms  win[N=60 min=14.0ms mean=16.6ms max=19.3ms] over[16ms=41 50ms=0 100ms=0 250ms=0]
05-18 12:00:32.251 11901 11918 I wasm_android_host::pr..: wandr-profile: frame  94740 t+1651027ms  win[N=60 min=13.5ms mean=16.6ms max=19.9ms] over[16ms=40 50ms=0 100ms=0 250ms=0]
05-18 12:00:33.251 11901 11918 I wasm_android_host::pr..: wandr-profile: frame  94800 t+1652027ms  win[N=60 min=14.6ms mean=16.6ms max=20.0ms] over[16ms=43 50ms=0 100ms=0 250ms=0]
05-18 12:00:34.249 11901 11918 I wasm_android_host::pr..: wandr-profile: frame  94860 t+1653025ms  win[N=60 min=14.4ms mean=16.6ms max=20.4ms] over[16ms=43 50ms=0 100ms=0 250ms=0]
05-18 12:00:35.246 11901 11918 I wasm_android_host::pr..: wandr-profile: frame  94920 t+1654022ms  win[N=60 min=12.5ms mean=16.6ms max=20.6ms] over[16ms=45 50ms=0 100ms=0 250ms=0]
05-18 12:00:36.244 11901 11918 I wasm_android_host::pr..: wandr-profile: frame  94980 t+1655020ms  win[N=60 min=14.0ms mean=16.6ms max=20.9ms] over[16ms=47 50ms=0 100ms=0 250ms=0]
05-18 12:00:37.242 11901 11918 I wasm_android_host::pr..: wandr-profile: frame  95040 t+1656018ms  win[N=60 min=13.3ms mean=16.6ms max=19.9ms] over[16ms=42 50ms=0 100ms=0 250ms=0]
05-18 12:00:38.240 11901 11918 I wasm_android_host::pr..: wandr-profile: frame  95100 t+1657016ms  win[N=60 min=13.1ms mean=16.6ms max=20.1ms] over[16ms=41 50ms=0 100ms=0 250ms=0]
05-18 12:00:39.238 11901 11918 I wasm_android_host::pr..: wandr-profile: frame  95160 t+1658014ms  win[N=60 min=13.5ms mean=16.6ms max=19.8ms] over[16ms=41 50ms=0 100ms=0 250ms=0]
05-18 12:00:40.236 11901 11918 I wasm_android_host::pr..: wandr-profile: frame  95220 t+1659012ms  win[N=60 min=12.8ms mean=16.6ms max=20.7ms] over[16ms=42 50ms=0 100ms=0 250ms=0]
05-18 12:00:41.235 11901 11918 I wasm_android_host::pr..: wandr-profile: frame  95280 t+1660010ms  win[N=60 min=14.1ms mean=16.6ms max=20.0ms] over[16ms=43 50ms=0 100ms=0 250ms=0]
05-18 12:00:42.251 11901 11918 I wasm_android_host::pr..: wandr-profile: frame  95340 t+1661026ms  win[N=60 min=14.6ms mean=16.9ms max=32.0ms] over[16ms=47 50ms=0 100ms=0 250ms=0]
05-18 12:00:43.249 11901 11918 I wasm_android_host::pr..: wandr-profile: frame  95400 t+1662025ms  win[N=60 min=13.3ms mean=16.6ms max=20.0ms] over[16ms=43 50ms=0 100ms=0 250ms=0]
05-18 12:00:44.245 11901 11918 I wasm_android_host::pr..: wandr-profile: frame  95460 t+1663021ms  win[N=60 min=14.4ms mean=16.5ms max=19.1ms] over[16ms=41 50ms=0 100ms=0 250ms=0]
05-18 12:00:45.244 11901 11918 I wasm_android_host::pr..: wandr-profile: frame  95520 t+1664019ms  win[N=60 min=13.3ms mean=16.6ms max=21.0ms] over[16ms=46 50ms=0 100ms=0 250ms=0]
05-18 12:00:46.258 11901 11918 I wasm_android_host::pr..: wandr-profile: frame  95580 t+1665034ms  win[N=60 min=13.7ms mean=16.8ms max=31.4ms] over[16ms=45 50ms=0 100ms=0 250ms=0]
05-18 12:00:47.258 11901 11918 I wasm_android_host::pr..: wandr-profile: frame  95640 t+1666034ms  win[N=60 min=14.7ms mean=16.6ms max=19.8ms] over[16ms=44 50ms=0 100ms=0 250ms=0]
05-18 12:00:48.273 11901 11918 I wasm_android_host::pr..: wandr-profile: frame  95700 t+1667048ms  win[N=60 min=11.5ms mean=16.8ms max=35.8ms] over[16ms=41 50ms=0 100ms=0 250ms=0]
05-18 12:00:49.271 11901 11918 I wasm_android_host::pr..: wandr-profile: frame  95760 t+1668047ms  win[N=60 min=12.9ms mean=16.6ms max=20.4ms] over[16ms=46 50ms=0 100ms=0 250ms=0]
05-18 12:00:50.269 11901 11918 I wasm_android_host::pr..: wandr-profile: frame  95820 t+1669045ms  win[N=60 min=13.2ms mean=16.6ms max=20.0ms] over[16ms=47 50ms=0 100ms=0 250ms=0]
05-18 12:00:51.282 11901 11918 I wasm_android_host::pr..: wandr-profile: frame  95880 t+1670058ms  win[N=60 min=11.4ms mean=16.8ms max=35.8ms] over[16ms=41 50ms=0 100ms=0 250ms=0]
05-18 12:00:52.281 11901 11918 I wasm_android_host::pr..: wandr-profile: frame  95940 t+1671056ms  win[N=60 min=13.9ms mean=16.6ms max=20.5ms] over[16ms=43 50ms=0 100ms=0 250ms=0]
05-18 12:00:53.295 11901 11918 I wasm_android_host::pr..: wandr-profile: frame  96000 t+1672071ms  win[N=60 min=14.0ms mean=16.9ms max=31.0ms] over[16ms=48 50ms=0 100ms=0 250ms=0]
05-18 12:00:54.294 11901 11918 I wasm_android_host::pr..: wandr-profile: frame  96060 t+1673069ms  win[N=60 min=14.7ms mean=16.6ms max=19.5ms] over[16ms=46 50ms=0 100ms=0 250ms=0]
05-18 12:00:55.294 11901 11918 I wasm_android_host::pr..: wandr-profile: frame  96120 t+1674069ms  win[N=60 min=14.4ms mean=16.6ms max=19.5ms] over[16ms=42 50ms=0 100ms=0 250ms=0]
05-18 12:00:56.292 11901 11918 I wasm_android_host::pr..: wandr-profile: frame  96180 t+1675067ms  win[N=60 min=13.1ms mean=16.6ms max=20.2ms] over[16ms=43 50ms=0 100ms=0 250ms=0]
05-18 12:00:57.290 11901 11918 I wasm_android_host::pr..: wandr-profile: frame  96240 t+1676065ms  win[N=60 min=13.8ms mean=16.6ms max=19.6ms] over[16ms=44 50ms=0 100ms=0 250ms=0]
05-18 12:00:58.287 11901 11918 I wasm_android_host::pr..: wandr-profile: frame  96300 t+1677062ms  win[N=60 min=14.6ms mean=16.6ms max=18.6ms] over[16ms=43 50ms=0 100ms=0 250ms=0]
05-18 12:00:59.284 11901 11918 I wasm_android_host::pr..: wandr-profile: frame  96360 t+1678060ms  win[N=60 min=14.7ms mean=16.6ms max=20.6ms] over[16ms=48 50ms=0 100ms=0 250ms=0]
05-18 12:01:00.283 11901 11918 I wasm_android_host::pr..: wandr-profile: frame  96420 t+1679058ms  win[N=60 min=14.0ms mean=16.6ms max=19.3ms] over[16ms=44 50ms=0 100ms=0 250ms=0]
05-18 12:01:01.281 11901 11918 I wasm_android_host::pr..: wandr-profile: frame  96480 t+1680056ms  win[N=60 min=13.9ms mean=16.6ms max=20.5ms] over[16ms=44 50ms=0 100ms=0 250ms=0]
05-18 12:01:02.279 11901 11918 I wasm_android_host::pr..: wandr-profile: frame  96540 t+1681055ms  win[N=60 min=14.5ms mean=16.6ms max=19.4ms] over[16ms=45 50ms=0 100ms=0 250ms=0]
05-18 12:01:03.277 11901 11918 I wasm_android_host::pr..: wandr-profile: frame  96600 t+1682053ms  win[N=60 min=14.2ms mean=16.6ms max=20.3ms] over[16ms=43 50ms=0 100ms=0 250ms=0]
05-18 12:01:04.277 11901 11918 I wasm_android_host::pr..: wandr-profile: frame  96660 t+1683053ms  win[N=60 min=13.8ms mean=16.6ms max=19.4ms] over[16ms=45 50ms=0 100ms=0 250ms=0]
05-18 12:01:05.273 11901 11918 I wasm_android_host::pr..: wandr-profile: frame  96720 t+1684048ms  win[N=60 min=13.9ms mean=16.5ms max=18.9ms] over[16ms=46 50ms=0 100ms=0 250ms=0]
05-18 12:01:06.273 11901 11918 I wasm_android_host::pr..: wandr-profile: frame  96780 t+1685049ms  win[N=60 min=14.1ms mean=16.6ms max=20.7ms] over[16ms=44 50ms=0 100ms=0 250ms=0]
05-18 12:01:07.271 11901 11918 I wasm_android_host::pr..: wandr-profile: frame  96840 t+1686047ms  win[N=60 min=13.2ms mean=16.6ms max=20.7ms] over[16ms=36 50ms=0 100ms=0 250ms=0]
05-18 12:01:08.284 11901 11918 I wasm_android_host::pr..: wandr-profile: frame  96900 t+1687060ms  win[N=60 min=13.1ms mean=16.8ms max=34.3ms] over[16ms=46 50ms=0 100ms=0 250ms=0]
05-18 12:01:09.283 11901 11918 I wasm_android_host::pr..: wandr-profile: frame  96960 t+1688058ms  win[N=60 min=14.6ms mean=16.6ms max=18.8ms] over[16ms=46 50ms=0 100ms=0 250ms=0]
05-18 12:01:10.281 11901 11918 I wasm_android_host::pr..: wandr-profile: frame  97020 t+1689056ms  win[N=60 min=14.2ms mean=16.6ms max=20.5ms] over[16ms=41 50ms=0 100ms=0 250ms=0]
05-18 12:01:11.279 11901 11918 I wasm_android_host::pr..: wandr-profile: frame  97080 t+1690055ms  win[N=60 min=14.0ms mean=16.6ms max=20.4ms] over[16ms=43 50ms=0 100ms=0 250ms=0]
05-18 12:01:12.277 11901 11918 I wasm_android_host::pr..: wandr-profile: frame  97140 t+1691053ms  win[N=60 min=13.1ms mean=16.6ms max=20.0ms] over[16ms=46 50ms=0 100ms=0 250ms=0]
05-18 12:01:13.293 11901 11918 I wasm_android_host::pr..: wandr-profile: frame  97200 t+1692068ms  win[N=60 min=13.9ms mean=16.9ms max=34.0ms] over[16ms=46 50ms=0 100ms=0 250ms=0]
05-18 12:01:14.292 11901 11918 I wasm_android_host::pr..: wandr-profile: frame  97260 t+1693067ms  win[N=60 min=14.6ms mean=16.6ms max=20.4ms] over[16ms=43 50ms=0 100ms=0 250ms=0]
05-18 12:01:15.290 11901 11918 I wasm_android_host::pr..: wandr-profile: frame  97320 t+1694065ms  win[N=60 min=13.9ms mean=16.6ms max=19.7ms] over[16ms=44 50ms=0 100ms=0 250ms=0]
05-18 12:01:16.287 11901 11918 I wasm_android_host::pr..: wandr-profile: frame  97380 t+1695062ms  win[N=60 min=13.8ms mean=16.6ms max=19.7ms] over[16ms=46 50ms=0 100ms=0 250ms=0]
05-18 12:01:17.284 11901 11918 I wasm_android_host::pr..: wandr-profile: frame  97440 t+1696060ms  win[N=60 min=13.4ms mean=16.6ms max=20.0ms] over[16ms=46 50ms=0 100ms=0 250ms=0]
05-18 12:01:18.283 11901 11918 I wasm_android_host::pr..: wandr-profile: frame  97500 t+1697059ms  win[N=60 min=14.5ms mean=16.6ms max=18.7ms] over[16ms=45 50ms=0 100ms=0 250ms=0]
05-18 12:01:19.281 11901 11918 I wasm_android_host::pr..: wandr-profile: frame  97560 t+1698057ms  win[N=60 min=12.9ms mean=16.6ms max=20.1ms] over[16ms=44 50ms=0 100ms=0 250ms=0]
05-18 12:01:20.299 11901 11918 I wasm_android_host::pr..: wandr-profile: frame  97620 t+1699075ms  win[N=60 min=11.6ms mean=16.9ms max=30.6ms] over[16ms=40 50ms=0 100ms=0 250ms=0]
05-18 12:01:21.296 11901 11918 I wasm_android_host::pr..: wandr-profile: frame  97680 t+1700072ms  win[N=60 min=13.9ms mean=16.5ms max=20.5ms] over[16ms=43 50ms=0 100ms=0 250ms=0]
05-18 12:01:22.293 11901 11918 I wasm_android_host::pr..: wandr-profile: frame  97740 t+1701069ms  win[N=60 min=14.2ms mean=16.6ms max=19.2ms] over[16ms=47 50ms=0 100ms=0 250ms=0]
05-18 12:01:23.292 11901 11918 I wasm_android_host::pr..: wandr-profile: frame  97800 t+1702068ms  win[N=60 min=14.8ms mean=16.6ms max=19.8ms] over[16ms=45 50ms=0 100ms=0 250ms=0]
05-18 12:01:24.290 11901 11918 I wasm_android_host::pr..: wandr-profile: frame  97860 t+1703066ms  win[N=60 min=14.4ms mean=16.6ms max=19.6ms] over[16ms=42 50ms=0 100ms=0 250ms=0]
05-18 12:01:25.289 11901 11918 I wasm_android_host::pr..: wandr-profile: frame  97920 t+1704064ms  win[N=60 min=13.3ms mean=16.6ms max=20.5ms] over[16ms=42 50ms=0 100ms=0 250ms=0]
05-18 12:01:26.301 11901 11918 I wasm_android_host::pr..: wandr-profile: frame  97980 t+1705077ms  win[N=60 min=14.5ms mean=16.8ms max=34.9ms] over[16ms=45 50ms=0 100ms=0 250ms=0]
05-18 12:01:27.300 11901 11918 I wasm_android_host::pr..: wandr-profile: frame  98040 t+1706075ms  win[N=60 min=14.6ms mean=16.6ms max=20.0ms] over[16ms=46 50ms=0 100ms=0 250ms=0]
05-18 12:01:28.314 11901 11918 I wasm_android_host::pr..: wandr-profile: frame  98100 t+1707090ms  win[N=60 min=13.8ms mean=16.8ms max=32.5ms] over[16ms=41 50ms=0 100ms=0 250ms=0]
05-18 12:01:29.313 11901 11918 I wasm_android_host::pr..: wandr-profile: frame  98160 t+1708088ms  win[N=60 min=14.1ms mean=16.6ms max=19.2ms] over[16ms=42 50ms=0 100ms=0 250ms=0]
05-18 12:01:30.313 11901 11918 I wasm_android_host::pr..: wandr-profile: frame  98220 t+1709088ms  win[N=60 min=13.3ms mean=16.6ms max=19.9ms] over[16ms=43 50ms=0 100ms=0 250ms=0]
05-18 12:01:31.310 11901 11918 I wasm_android_host::pr..: wandr-profile: frame  98280 t+1710086ms  win[N=60 min=14.6ms mean=16.6ms max=18.8ms] over[16ms=43 50ms=0 100ms=0 250ms=0]
05-18 12:01:32.309 11901 11918 I wasm_android_host::pr..: wandr-profile: frame  98340 t+1711084ms  win[N=60 min=14.4ms mean=16.6ms max=19.4ms] over[16ms=45 50ms=0 100ms=0 250ms=0]
05-18 12:01:33.307 11901 11918 I wasm_android_host::pr..: wandr-profile: frame  98400 t+1712083ms  win[N=60 min=14.0ms mean=16.6ms max=20.1ms] over[16ms=44 50ms=0 100ms=0 250ms=0]
05-18 12:01:34.304 11901 11918 I wasm_android_host::pr..: wandr-profile: frame  98460 t+1713080ms  win[N=60 min=14.4ms mean=16.5ms max=20.5ms] over[16ms=44 50ms=0 100ms=0 250ms=0]
05-18 12:01:35.302 11901 11918 I wasm_android_host::pr..: wandr-profile: frame  98520 t+1714078ms  win[N=60 min=14.1ms mean=16.6ms max=19.7ms] over[16ms=44 50ms=0 100ms=0 250ms=0]
05-18 12:01:36.300 11901 11918 I wasm_android_host::pr..: wandr-profile: frame  98580 t+1715076ms  win[N=60 min=14.0ms mean=16.6ms max=20.3ms] over[16ms=41 50ms=0 100ms=0 250ms=0]
05-18 12:01:37.298 11901 11918 I wasm_android_host::pr..: wandr-profile: frame  98640 t+1716074ms  win[N=60 min=14.4ms mean=16.6ms max=19.0ms] over[16ms=41 50ms=0 100ms=0 250ms=0]
05-18 12:01:38.298 11901 11918 I wasm_android_host::pr..: wandr-profile: frame  98700 t+1717074ms  win[N=60 min=13.9ms mean=16.6ms max=19.4ms] over[16ms=46 50ms=0 100ms=0 250ms=0]
05-18 12:01:39.295 11901 11918 I wasm_android_host::pr..: wandr-profile: frame  98760 t+1718070ms  win[N=60 min=14.1ms mean=16.5ms max=19.2ms] over[16ms=45 50ms=0 100ms=0 250ms=0]
05-18 12:01:40.293 11901 11918 I wasm_android_host::pr..: wandr-profile: frame  98820 t+1719068ms  win[N=60 min=14.3ms mean=16.6ms max=19.1ms] over[16ms=44 50ms=0 100ms=0 250ms=0]
05-18 12:01:41.293 11901 11918 I wasm_android_host::pr..: wandr-profile: frame  98880 t+1720068ms  win[N=60 min=14.1ms mean=16.6ms max=20.5ms] over[16ms=43 50ms=0 100ms=0 250ms=0]
05-18 12:01:42.290 11901 11918 I wasm_android_host::pr..: wandr-profile: frame  98940 t+1721066ms  win[N=60 min=14.3ms mean=16.6ms max=18.9ms] over[16ms=40 50ms=0 100ms=0 250ms=0]
05-18 12:01:43.289 11901 11918 I wasm_android_host::pr..: wandr-profile: frame  99000 t+1722065ms  win[N=60 min=13.0ms mean=16.6ms max=20.3ms] over[16ms=45 50ms=0 100ms=0 250ms=0]
05-18 12:01:44.302 11901 11918 I wasm_android_host::pr..: wandr-profile: frame  99060 t+1723078ms  win[N=60 min=11.0ms mean=16.8ms max=34.0ms] over[16ms=43 50ms=0 100ms=0 250ms=0]
05-18 12:01:45.300 11901 11918 I wasm_android_host::pr..: wandr-profile: frame  99120 t+1724076ms  win[N=60 min=12.5ms mean=16.6ms max=20.7ms] over[16ms=39 50ms=0 100ms=0 250ms=0]
05-18 12:01:46.298 11901 11918 I wasm_android_host::pr..: wandr-profile: frame  99180 t+1725074ms  win[N=60 min=13.2ms mean=16.6ms max=20.0ms] over[16ms=40 50ms=0 100ms=0 250ms=0]
05-18 12:01:47.296 11901 11918 I wasm_android_host::pr..: wandr-profile: frame  99240 t+1726072ms  win[N=60 min=14.4ms mean=16.6ms max=20.1ms] over[16ms=43 50ms=0 100ms=0 250ms=0]
05-18 12:01:48.296 11901 11918 I wasm_android_host::pr..: wandr-profile: frame  99300 t+1727072ms  win[N=60 min=14.0ms mean=16.6ms max=19.4ms] over[16ms=47 50ms=0 100ms=0 250ms=0]
05-18 12:01:49.293 11901 11918 I wasm_android_host::pr..: wandr-profile: frame  99360 t+1728068ms  win[N=60 min=14.2ms mean=16.5ms max=19.2ms] over[16ms=45 50ms=0 100ms=0 250ms=0]
05-18 12:01:50.294 11901 11918 I wasm_android_host::pr..: wandr-profile: frame  99420 t+1729069ms  win[N=60 min=13.0ms mean=16.6ms max=20.2ms] over[16ms=44 50ms=0 100ms=0 250ms=0]
05-18 12:01:51.305 11901 11918 I wasm_android_host::pr..: wandr-profile: frame  99480 t+1730081ms  win[N=60 min=11.3ms mean=16.8ms max=34.8ms] over[16ms=38 50ms=0 100ms=0 250ms=0]
05-18 12:01:52.304 11901 11918 I wasm_android_host::pr..: wandr-profile: frame  99540 t+1731079ms  win[N=60 min=14.2ms mean=16.6ms max=20.8ms] over[16ms=45 50ms=0 100ms=0 250ms=0]
05-18 12:01:53.302 11901 11918 I wasm_android_host::pr..: wandr-profile: frame  99600 t+1732077ms  win[N=60 min=13.1ms mean=16.6ms max=20.3ms] over[16ms=43 50ms=0 100ms=0 250ms=0]
05-18 12:01:54.300 11901 11918 I wasm_android_host::pr..: wandr-profile: frame  99660 t+1733076ms  win[N=60 min=13.0ms mean=16.6ms max=20.4ms] over[16ms=41 50ms=0 100ms=0 250ms=0]
05-18 12:01:55.298 11901 11918 I wasm_android_host::pr..: wandr-profile: frame  99720 t+1734074ms  win[N=60 min=13.6ms mean=16.6ms max=19.4ms] over[16ms=48 50ms=0 100ms=0 250ms=0]
05-18 12:01:56.296 11901 11918 I wasm_android_host::pr..: wandr-profile: frame  99780 t+1735072ms  win[N=60 min=13.1ms mean=16.6ms max=20.4ms] over[16ms=40 50ms=0 100ms=0 250ms=0]
05-18 12:01:57.313 11901 11918 I wasm_android_host::pr..: wandr-profile: frame  99840 t+1736089ms  win[N=60 min=11.1ms mean=16.9ms max=37.4ms] over[16ms=38 50ms=0 100ms=0 250ms=0]
05-18 12:01:58.326 11901 11918 I wasm_android_host::pr..: wandr-profile: frame  99900 t+1737101ms  win[N=60 min=14.2ms mean=16.8ms max=33.2ms] over[16ms=38 50ms=0 100ms=0 250ms=0]
05-18 12:01:59.324 11901 11918 I wasm_android_host::pr..: wandr-profile: frame  99960 t+1738100ms  win[N=60 min=14.5ms mean=16.6ms max=20.8ms] over[16ms=45 50ms=0 100ms=0 250ms=0]
05-18 12:02:00.322 11901 11918 I wasm_android_host::pr..: wandr-profile: frame 100020 t+1739098ms  win[N=60 min=14.3ms mean=16.6ms max=19.5ms] over[16ms=44 50ms=0 100ms=0 250ms=0]
05-18 12:02:01.320 11901 11918 I wasm_android_host::pr..: wandr-profile: frame 100080 t+1740096ms  win[N=60 min=13.9ms mean=16.6ms max=19.1ms] over[16ms=47 50ms=0 100ms=0 250ms=0]
05-18 12:02:02.318 11901 11918 I wasm_android_host::pr..: wandr-profile: frame 100140 t+1741094ms  win[N=60 min=13.4ms mean=16.6ms max=19.8ms] over[16ms=45 50ms=0 100ms=0 250ms=0]
05-18 12:02:03.318 11901 11918 I wasm_android_host::pr..: wandr-profile: frame 100200 t+1742094ms  win[N=60 min=14.9ms mean=16.6ms max=18.5ms] over[16ms=45 50ms=0 100ms=0 250ms=0]
05-18 12:02:04.332 11901 11918 I wasm_android_host::pr..: wandr-profile: frame 100260 t+1743108ms  win[N=60 min=14.4ms mean=16.8ms max=33.9ms] over[16ms=42 50ms=0 100ms=0 250ms=0]
05-18 12:02:05.331 11901 11918 I wasm_android_host::pr..: wandr-profile: frame 100320 t+1744107ms  win[N=60 min=12.6ms mean=16.6ms max=20.7ms] over[16ms=41 50ms=0 100ms=0 250ms=0]
05-18 12:02:06.329 11901 11918 I wasm_android_host::pr..: wandr-profile: frame 100380 t+1745105ms  win[N=60 min=13.6ms mean=16.6ms max=20.6ms] over[16ms=44 50ms=0 100ms=0 250ms=0]
05-18 12:02:07.328 11901 11918 I wasm_android_host::pr..: wandr-profile: frame 100440 t+1746103ms  win[N=60 min=14.4ms mean=16.6ms max=19.6ms] over[16ms=43 50ms=0 100ms=0 250ms=0]
05-18 12:02:08.324 11901 11918 I wasm_android_host::pr..: wandr-profile: frame 100500 t+1747100ms  win[N=60 min=14.0ms mean=16.5ms max=20.9ms] over[16ms=44 50ms=0 100ms=0 250ms=0]
05-18 12:02:09.322 11901 11918 I wasm_android_host::pr..: wandr-profile: frame 100560 t+1748098ms  win[N=60 min=14.5ms mean=16.6ms max=18.8ms] over[16ms=42 50ms=0 100ms=0 250ms=0]
05-18 12:02:10.320 11901 11918 I wasm_android_host::pr..: wandr-profile: frame 100620 t+1749096ms  win[N=60 min=14.5ms mean=16.6ms max=20.1ms] over[16ms=45 50ms=0 100ms=0 250ms=0]
05-18 12:02:11.335 11901 11918 I wasm_android_host::pr..: wandr-profile: frame 100680 t+1750111ms  win[N=60 min=11.0ms mean=16.9ms max=35.0ms] over[16ms=43 50ms=0 100ms=0 250ms=0]
05-18 12:02:12.333 11901 11918 I wasm_android_host::pr..: wandr-profile: frame 100740 t+1751109ms  win[N=60 min=13.3ms mean=16.6ms max=20.8ms] over[16ms=41 50ms=0 100ms=0 250ms=0]
05-18 12:02:13.349 11901 11918 I wasm_android_host::pr..: wandr-profile: frame 100800 t+1752125ms  win[N=60 min=11.3ms mean=16.9ms max=35.2ms] over[16ms=45 50ms=0 100ms=0 250ms=0]
05-18 12:02:14.348 11901 11918 I wasm_android_host::pr..: wandr-profile: frame 100860 t+1753123ms  win[N=60 min=14.2ms mean=16.6ms max=19.0ms] over[16ms=44 50ms=0 100ms=0 250ms=0]
05-18 12:02:15.344 11901 11918 I wasm_android_host::pr..: wandr-profile: frame 100920 t+1754120ms  win[N=60 min=14.4ms mean=16.5ms max=19.9ms] over[16ms=45 50ms=0 100ms=0 250ms=0]
05-18 12:02:16.342 11901 11918 I wasm_android_host::pr..: wandr-profile: frame 100980 t+1755118ms  win[N=60 min=14.2ms mean=16.6ms max=19.0ms] over[16ms=39 50ms=0 100ms=0 250ms=0]
05-18 12:02:17.341 11901 11918 I wasm_android_host::pr..: wandr-profile: frame 101040 t+1756116ms  win[N=60 min=14.6ms mean=16.6ms max=20.1ms] over[16ms=41 50ms=0 100ms=0 250ms=0]
05-18 12:02:18.339 11901 11918 I wasm_android_host::pr..: wandr-profile: frame 101100 t+1757115ms  win[N=60 min=14.8ms mean=16.6ms max=18.7ms] over[16ms=44 50ms=0 100ms=0 250ms=0]
05-18 12:02:19.337 11901 11918 I wasm_android_host::pr..: wandr-profile: frame 101160 t+1758113ms  win[N=60 min=14.5ms mean=16.6ms max=20.3ms] over[16ms=47 50ms=0 100ms=0 250ms=0]
05-18 12:02:20.337 11901 11918 I wasm_android_host::pr..: wandr-profile: frame 101220 t+1759113ms  win[N=60 min=14.6ms mean=16.6ms max=18.9ms] over[16ms=42 50ms=0 100ms=0 250ms=0]
05-18 12:02:21.333 11901 11918 I wasm_android_host::pr..: wandr-profile: frame 101280 t+1760109ms  win[N=60 min=13.5ms mean=16.5ms max=20.3ms] over[16ms=48 50ms=0 100ms=0 250ms=0]
05-18 12:02:22.333 11901 11918 I wasm_android_host::pr..: wandr-profile: frame 101340 t+1761109ms  win[N=60 min=14.0ms mean=16.6ms max=20.0ms] over[16ms=43 50ms=0 100ms=0 250ms=0]
05-18 12:02:23.332 11901 11918 I wasm_android_host::pr..: wandr-profile: frame 101400 t+1762107ms  win[N=60 min=14.5ms mean=16.6ms max=18.8ms] over[16ms=41 50ms=0 100ms=0 250ms=0]
05-18 12:02:24.330 11901 11918 I wasm_android_host::pr..: wandr-profile: frame 101460 t+1763105ms  win[N=60 min=14.4ms mean=16.6ms max=20.1ms] over[16ms=41 50ms=0 100ms=0 250ms=0]
05-18 12:02:25.327 11901 11918 I wasm_android_host::pr..: wandr-profile: frame 101520 t+1764103ms  win[N=60 min=13.2ms mean=16.6ms max=20.2ms] over[16ms=45 50ms=0 100ms=0 250ms=0]
05-18 12:02:26.324 11901 11918 I wasm_android_host::pr..: wandr-profile: frame 101580 t+1765100ms  win[N=60 min=14.5ms mean=16.6ms max=20.0ms] over[16ms=47 50ms=0 100ms=0 250ms=0]
05-18 12:02:27.339 11901 11918 I wasm_android_host::pr..: wandr-profile: frame 101640 t+1766115ms  win[N=60 min=13.0ms mean=16.9ms max=32.3ms] over[16ms=41 50ms=0 100ms=0 250ms=0]
05-18 12:02:28.337 11901 11918 I wasm_android_host::pr..: wandr-profile: frame 101700 t+1767113ms  win[N=60 min=13.3ms mean=16.6ms max=20.5ms] over[16ms=39 50ms=0 100ms=0 250ms=0]
05-18 12:02:29.336 11901 11918 I wasm_android_host::pr..: wandr-profile: frame 101760 t+1768111ms  win[N=60 min=14.4ms mean=16.6ms max=19.7ms] over[16ms=42 50ms=0 100ms=0 250ms=0]
05-18 12:02:30.334 11901 11918 I wasm_android_host::pr..: wandr-profile: frame 101820 t+1769110ms  win[N=60 min=13.8ms mean=16.6ms max=20.5ms] over[16ms=46 50ms=0 100ms=0 250ms=0]
05-18 12:02:31.335 11901 11918 I wasm_android_host::pr..: wandr-profile: frame 101880 t+1770111ms  win[N=60 min=11.4ms mean=16.6ms max=23.1ms] over[16ms=42 50ms=0 100ms=0 250ms=0]
05-18 12:02:32.332 11901 11918 I wasm_android_host::pr..: wandr-profile: frame 101940 t+1771107ms  win[N=60 min=14.0ms mean=16.5ms max=20.1ms] over[16ms=46 50ms=0 100ms=0 250ms=0]
05-18 12:02:33.329 11901 11918 I wasm_android_host::pr..: wandr-profile: frame 102000 t+1772105ms  win[N=60 min=14.5ms mean=16.6ms max=20.0ms] over[16ms=44 50ms=0 100ms=0 250ms=0]
05-18 12:02:34.328 11901 11918 I wasm_android_host::pr..: wandr-profile: frame 102060 t+1773104ms  win[N=60 min=12.8ms mean=16.6ms max=20.5ms] over[16ms=46 50ms=0 100ms=0 250ms=0]
05-18 12:02:35.325 11901 11918 I wasm_android_host::pr..: wandr-profile: frame 102120 t+1774101ms  win[N=60 min=14.6ms mean=16.5ms max=18.6ms] over[16ms=48 50ms=0 100ms=0 250ms=0]
05-18 12:02:36.323 11901 11918 I wasm_android_host::pr..: wandr-profile: frame 102180 t+1775099ms  win[N=60 min=13.5ms mean=16.6ms max=19.8ms] over[16ms=38 50ms=0 100ms=0 250ms=0]
05-18 12:02:37.321 11901 11918 I wasm_android_host::pr..: wandr-profile: frame 102240 t+1776097ms  win[N=60 min=13.3ms mean=16.6ms max=19.7ms] over[16ms=45 50ms=0 100ms=0 250ms=0]
05-18 12:02:38.319 11901 11918 I wasm_android_host::pr..: wandr-profile: frame 102300 t+1777095ms  win[N=60 min=14.0ms mean=16.6ms max=20.3ms] over[16ms=42 50ms=0 100ms=0 250ms=0]
05-18 12:02:39.336 11901 11918 I wasm_android_host::pr..: wandr-profile: frame 102360 t+1778112ms  win[N=60 min=14.6ms mean=16.9ms max=34.2ms] over[16ms=47 50ms=0 100ms=0 250ms=0]
05-18 12:02:40.333 11901 11918 I wasm_android_host::pr..: wandr-profile: frame 102420 t+1779108ms  win[N=60 min=14.3ms mean=16.5ms max=20.5ms] over[16ms=41 50ms=0 100ms=0 250ms=0]
05-18 12:02:41.333 11901 11918 I wasm_android_host::pr..: wandr-profile: frame 102480 t+1780108ms  win[N=60 min=13.3ms mean=16.6ms max=20.0ms] over[16ms=48 50ms=0 100ms=0 250ms=0]
05-18 12:02:42.331 11901 11918 I wasm_android_host::pr..: wandr-profile: frame 102540 t+1781107ms  win[N=60 min=14.5ms mean=16.6ms max=20.4ms] over[16ms=41 50ms=0 100ms=0 250ms=0]
05-18 12:02:43.329 11901 11918 I wasm_android_host::pr..: wandr-profile: frame 102600 t+1782105ms  win[N=60 min=13.9ms mean=16.6ms max=20.1ms] over[16ms=44 50ms=0 100ms=0 250ms=0]
05-18 12:02:44.327 11901 11918 I wasm_android_host::pr..: wandr-profile: frame 102660 t+1783103ms  win[N=60 min=14.3ms mean=16.6ms max=20.8ms] over[16ms=42 50ms=0 100ms=0 250ms=0]
05-18 12:02:45.324 11901 11918 I wasm_android_host::pr..: wandr-profile: frame 102720 t+1784100ms  win[N=60 min=13.9ms mean=16.5ms max=20.6ms] over[16ms=39 50ms=0 100ms=0 250ms=0]
05-18 12:02:46.341 11901 11918 I wasm_android_host::pr..: wandr-profile: frame 102780 t+1785117ms  win[N=60 min=11.7ms mean=16.9ms max=35.2ms] over[16ms=43 50ms=0 100ms=0 250ms=0]
05-18 12:02:47.338 11901 11918 I wasm_android_host::pr..: wandr-profile: frame 102840 t+1786114ms  win[N=60 min=13.4ms mean=16.6ms max=20.1ms] over[16ms=46 50ms=0 100ms=0 250ms=0]
05-18 12:02:48.339 11901 11918 I wasm_android_host::pr..: wandr-profile: frame 102900 t+1787114ms  win[N=60 min=14.5ms mean=16.6ms max=20.3ms] over[16ms=41 50ms=0 100ms=0 250ms=0]
05-18 12:02:49.333 11901 11918 I wasm_android_host::pr..: wandr-profile: frame 102960 t+1788109ms  win[N=60 min=14.0ms mean=16.5ms max=20.6ms] over[16ms=42 50ms=0 100ms=0 250ms=0]
05-18 12:02:50.333 11901 11918 I wasm_android_host::pr..: wandr-profile: frame 103020 t+1789109ms  win[N=60 min=14.2ms mean=16.6ms max=19.6ms] over[16ms=44 50ms=0 100ms=0 250ms=0]
05-18 12:02:51.331 11901 11918 I wasm_android_host::pr..: wandr-profile: frame 103080 t+1790107ms  win[N=60 min=12.7ms mean=16.6ms max=20.7ms] over[16ms=45 50ms=0 100ms=0 250ms=0]
05-18 12:02:52.329 11901 11918 I wasm_android_host::pr..: wandr-profile: frame 103140 t+1791105ms  win[N=60 min=14.6ms mean=16.6ms max=18.8ms] over[16ms=47 50ms=0 100ms=0 250ms=0]
05-18 12:02:53.328 11901 11918 I wasm_android_host::pr..: wandr-profile: frame 103200 t+1792104ms  win[N=60 min=14.5ms mean=16.6ms max=20.5ms] over[16ms=44 50ms=0 100ms=0 250ms=0]
05-18 12:02:54.324 11901 11918 I wasm_android_host::pr..: wandr-profile: frame 103260 t+1793100ms  win[N=60 min=13.6ms mean=16.5ms max=20.1ms] over[16ms=43 50ms=0 100ms=0 250ms=0]
05-18 12:02:55.339 11901 11918 I wasm_android_host::pr..: wandr-profile: frame 103320 t+1794115ms  win[N=60 min=11.3ms mean=16.9ms max=31.2ms] over[16ms=40 50ms=0 100ms=0 250ms=0]
05-18 12:02:56.337 11901 11918 I wasm_android_host::pr..: wandr-profile: frame 103380 t+1795113ms  win[N=60 min=14.7ms mean=16.6ms max=20.1ms] over[16ms=46 50ms=0 100ms=0 250ms=0]
05-18 12:02:57.353 11901 11918 I wasm_android_host::pr..: wandr-profile: frame 103440 t+1796128ms  win[N=60 min=14.2ms mean=16.9ms max=31.4ms] over[16ms=42 50ms=0 100ms=0 250ms=0]
05-18 12:02:58.352 11901 11918 I wasm_android_host::pr..: wandr-profile: frame 103500 t+1797127ms  win[N=60 min=14.6ms mean=16.6ms max=20.1ms] over[16ms=47 50ms=0 100ms=0 250ms=0]
05-18 12:02:59.350 11901 11918 I wasm_android_host::pr..: wandr-profile: frame 103560 t+1798126ms  win[N=60 min=14.5ms mean=16.6ms max=18.7ms] over[16ms=46 50ms=0 100ms=0 250ms=0]
05-18 12:03:00.348 11901 11918 I wasm_android_host::pr..: wandr-profile: frame 103620 t+1799124ms  win[N=60 min=14.4ms mean=16.6ms max=20.6ms] over[16ms=45 50ms=0 100ms=0 250ms=0]
05-18 12:03:01.345 11901 11918 I wasm_android_host::pr..: wandr-profile: frame 103680 t+1800120ms  win[N=60 min=14.5ms mean=16.5ms max=20.5ms] over[16ms=43 50ms=0 100ms=0 250ms=0]
05-18 12:03:02.343 11901 11918 I wasm_android_host::pr..: wandr-profile: frame 103740 t+1801119ms  win[N=60 min=14.5ms mean=16.6ms max=20.7ms] over[16ms=39 50ms=0 100ms=0 250ms=0]
05-18 12:03:03.358 11901 11918 I wasm_android_host::pr..: wandr-profile: frame 103800 t+1802133ms  win[N=60 min=10.9ms mean=16.8ms max=33.5ms] over[16ms=39 50ms=0 100ms=0 250ms=0]
05-18 12:03:04.375 11901 11918 I wasm_android_host::pr..: wandr-profile: frame 103860 t+1803151ms  win[N=60 min=13.2ms mean=16.9ms max=34.3ms] over[16ms=40 50ms=0 100ms=0 250ms=0]
05-18 12:03:05.372 11901 11918 I wasm_android_host::pr..: wandr-profile: frame 103920 t+1804148ms  win[N=60 min=13.7ms mean=16.6ms max=20.5ms] over[16ms=45 50ms=0 100ms=0 250ms=0]
05-18 12:03:06.369 11901 11918 I wasm_android_host::pr..: wandr-profile: frame 103980 t+1805145ms  win[N=60 min=14.2ms mean=16.5ms max=19.2ms] over[16ms=46 50ms=0 100ms=0 250ms=0]
05-18 12:03:07.369 11901 11918 I wasm_android_host::pr..: wandr-profile: frame 104040 t+1806144ms  win[N=60 min=13.0ms mean=16.6ms max=20.2ms] over[16ms=46 50ms=0 100ms=0 250ms=0]
05-18 12:03:08.367 11901 11918 I wasm_android_host::pr..: wandr-profile: frame 104100 t+1807143ms  win[N=60 min=13.9ms mean=16.6ms max=19.2ms] over[16ms=42 50ms=0 100ms=0 250ms=0]
05-18 12:03:09.364 11901 11918 I wasm_android_host::pr..: wandr-profile: frame 104160 t+1808139ms  win[N=60 min=12.9ms mean=16.5ms max=20.2ms] over[16ms=40 50ms=0 100ms=0 250ms=0]
05-18 12:03:10.362 11901 11918 I wasm_android_host::pr..: wandr-profile: frame 104220 t+1809137ms  win[N=60 min=14.5ms mean=16.6ms max=19.5ms] over[16ms=48 50ms=0 100ms=0 250ms=0]
05-18 12:03:11.360 11901 11918 I wasm_android_host::pr..: wandr-profile: frame 104280 t+1810136ms  win[N=60 min=13.4ms mean=16.6ms max=19.8ms] over[16ms=43 50ms=0 100ms=0 250ms=0]
05-18 12:03:12.376 11901 11918 I wasm_android_host::pr..: wandr-profile: frame 104340 t+1811152ms  win[N=60 min=11.4ms mean=16.9ms max=32.9ms] over[16ms=46 50ms=0 100ms=0 250ms=0]
05-18 12:03:13.373 11901 11918 I wasm_android_host::pr..: wandr-profile: frame 104400 t+1812149ms  win[N=60 min=13.2ms mean=16.6ms max=20.5ms] over[16ms=43 50ms=0 100ms=0 250ms=0]
05-18 12:03:14.373 11901 11918 I wasm_android_host::pr..: wandr-profile: frame 104460 t+1813148ms  win[N=60 min=13.5ms mean=16.6ms max=20.3ms] over[16ms=42 50ms=0 100ms=0 250ms=0]
05-18 12:03:15.371 11901 11918 I wasm_android_host::pr..: wandr-profile: frame 104520 t+1814147ms  win[N=60 min=14.3ms mean=16.6ms max=18.9ms] over[16ms=43 50ms=0 100ms=0 250ms=0]
05-18 12:03:16.369 11901 11918 I wasm_android_host::pr..: wandr-profile: frame 104580 t+1815145ms  win[N=60 min=13.7ms mean=16.6ms max=20.0ms] over[16ms=45 50ms=0 100ms=0 250ms=0]
05-18 12:03:17.367 11901 11918 I wasm_android_host::pr..: wandr-profile: frame 104640 t+1816143ms  win[N=60 min=14.1ms mean=16.6ms max=19.4ms] over[16ms=39 50ms=0 100ms=0 250ms=0]
05-18 12:03:18.364 11901 11918 I wasm_android_host::pr..: wandr-profile: frame 104700 t+1817140ms  win[N=60 min=14.6ms mean=16.5ms max=20.2ms] over[16ms=45 50ms=0 100ms=0 250ms=0]
05-18 12:03:19.379 11901 11918 I wasm_android_host::pr..: wandr-profile: frame 104760 t+1818154ms  win[N=60 min=11.0ms mean=16.8ms max=32.9ms] over[16ms=42 50ms=0 100ms=0 250ms=0]
05-18 12:03:20.377 11901 11918 I wasm_android_host::pr..: wandr-profile: frame 104820 t+1819153ms  win[N=60 min=14.5ms mean=16.6ms max=20.5ms] over[16ms=50 50ms=0 100ms=0 250ms=0]
05-18 12:03:21.393 11901 11918 I wasm_android_host::pr..: wandr-profile: frame 104880 t+1820169ms  win[N=60 min=14.1ms mean=16.9ms max=31.5ms] over[16ms=43 50ms=0 100ms=0 250ms=0]
05-18 12:03:22.392 11901 11918 I wasm_android_host::pr..: wandr-profile: frame 104940 t+1821168ms  win[N=60 min=14.4ms mean=16.6ms max=20.1ms] over[16ms=47 50ms=0 100ms=0 250ms=0]
05-18 12:03:23.389 11901 11918 I wasm_android_host::pr..: wandr-profile: frame 105000 t+1822164ms  win[N=60 min=13.5ms mean=16.5ms max=19.9ms] over[16ms=42 50ms=0 100ms=0 250ms=0]
05-18 12:03:24.388 11901 11918 I wasm_android_host::pr..: wandr-profile: frame 105060 t+1823164ms  win[N=60 min=14.7ms mean=16.6ms max=20.7ms] over[16ms=42 50ms=0 100ms=0 250ms=0]
05-18 12:03:25.385 11901 11918 I wasm_android_host::pr..: wandr-profile: frame 105120 t+1824160ms  win[N=60 min=14.5ms mean=16.5ms max=19.8ms] over[16ms=41 50ms=0 100ms=0 250ms=0]
05-18 12:03:26.382 11901 11918 I wasm_android_host::pr..: wandr-profile: frame 105180 t+1825158ms  win[N=60 min=14.4ms mean=16.6ms max=20.1ms] over[16ms=43 50ms=0 100ms=0 250ms=0]
05-18 12:03:27.381 11901 11918 I wasm_android_host::pr..: wandr-profile: frame 105240 t+1826157ms  win[N=60 min=14.3ms mean=16.6ms max=20.2ms] over[16ms=48 50ms=0 100ms=0 250ms=0]
05-18 12:03:28.379 11901 11918 I wasm_android_host::pr..: wandr-profile: frame 105300 t+1827155ms  win[N=60 min=13.3ms mean=16.6ms max=20.0ms] over[16ms=43 50ms=0 100ms=0 250ms=0]
05-18 12:03:29.378 11901 11918 I wasm_android_host::pr..: wandr-profile: frame 105360 t+1828153ms  win[N=60 min=14.0ms mean=16.6ms max=19.7ms] over[16ms=42 50ms=0 100ms=0 250ms=0]
05-18 12:03:30.375 11901 11918 I wasm_android_host::pr..: wandr-profile: frame 105420 t+1829151ms  win[N=60 min=12.5ms mean=16.6ms max=20.6ms] over[16ms=42 50ms=0 100ms=0 250ms=0]
05-18 12:03:31.374 11901 11918 I wasm_android_host::pr..: wandr-profile: frame 105480 t+1830150ms  win[N=60 min=13.3ms mean=16.6ms max=20.1ms] over[16ms=43 50ms=0 100ms=0 250ms=0]
05-18 12:03:32.374 11901 11918 I wasm_android_host::pr..: wandr-profile: frame 105540 t+1831149ms  win[N=60 min=14.5ms mean=16.6ms max=20.1ms] over[16ms=45 50ms=0 100ms=0 250ms=0]
05-18 12:03:33.371 11901 11918 I wasm_android_host::pr..: wandr-profile: frame 105600 t+1832147ms  win[N=60 min=13.5ms mean=16.6ms max=20.6ms] over[16ms=45 50ms=0 100ms=0 250ms=0]
05-18 12:03:34.370 11901 11918 I wasm_android_host::pr..: wandr-profile: frame 105660 t+1833145ms  win[N=60 min=14.1ms mean=16.6ms max=20.4ms] over[16ms=46 50ms=0 100ms=0 250ms=0]
05-18 12:03:35.368 11901 11918 I wasm_android_host::pr..: wandr-profile: frame 105720 t+1834143ms  win[N=60 min=13.4ms mean=16.6ms max=21.1ms] over[16ms=38 50ms=0 100ms=0 250ms=0]
05-18 12:03:36.381 11901 11918 I wasm_android_host::pr..: wandr-profile: frame 105780 t+1835157ms  win[N=60 min=14.2ms mean=16.8ms max=36.0ms] over[16ms=47 50ms=0 100ms=0 250ms=0]
05-18 12:03:37.379 11901 11918 I wasm_android_host::pr..: wandr-profile: frame 105840 t+1836155ms  win[N=60 min=14.5ms mean=16.6ms max=19.2ms] over[16ms=47 50ms=0 100ms=0 250ms=0]
05-18 12:03:38.378 11901 11918 I wasm_android_host::pr..: wandr-profile: frame 105900 t+1837154ms  win[N=60 min=13.9ms mean=16.6ms max=20.3ms] over[16ms=44 50ms=0 100ms=0 250ms=0]
05-18 12:03:39.394 11901 11918 I wasm_android_host::pr..: wandr-profile: frame 105960 t+1838170ms  win[N=60 min=11.4ms mean=16.9ms max=35.7ms] over[16ms=42 50ms=0 100ms=0 250ms=0]
05-18 12:03:40.392 11901 11918 I wasm_android_host::pr..: wandr-profile: frame 106020 t+1839167ms  win[N=60 min=14.0ms mean=16.6ms max=20.9ms] over[16ms=42 50ms=0 100ms=0 250ms=0]
05-18 12:03:41.390 11901 11918 I wasm_android_host::pr..: wandr-profile: frame 106080 t+1840166ms  win[N=60 min=14.0ms mean=16.6ms max=19.1ms] over[16ms=45 50ms=0 100ms=0 250ms=0]
05-18 12:03:42.388 11901 11918 I wasm_android_host::pr..: wandr-profile: frame 106140 t+1841164ms  win[N=60 min=14.5ms mean=16.6ms max=20.2ms] over[16ms=42 50ms=0 100ms=0 250ms=0]
05-18 12:03:43.385 11901 11918 I wasm_android_host::pr..: wandr-profile: frame 106200 t+1842161ms  win[N=60 min=14.4ms mean=16.5ms max=19.8ms] over[16ms=39 50ms=0 100ms=0 250ms=0]
05-18 12:03:44.383 11901 11918 I wasm_android_host::pr..: wandr-profile: frame 106260 t+1843159ms  win[N=60 min=14.5ms mean=16.6ms max=20.2ms] over[16ms=44 50ms=0 100ms=0 250ms=0]
05-18 12:03:45.381 11901 11918 I wasm_android_host::pr..: wandr-profile: frame 106320 t+1844157ms  win[N=60 min=14.3ms mean=16.6ms max=20.3ms] over[16ms=47 50ms=0 100ms=0 250ms=0]
05-18 12:03:46.379 11901 11918 I wasm_android_host::pr..: wandr-profile: frame 106380 t+1845155ms  win[N=60 min=14.1ms mean=16.6ms max=20.4ms] over[16ms=43 50ms=0 100ms=0 250ms=0]
05-18 12:03:47.378 11901 11918 I wasm_android_host::pr..: wandr-profile: frame 106440 t+1846153ms  win[N=60 min=14.8ms mean=16.6ms max=19.8ms] over[16ms=48 50ms=0 100ms=0 250ms=0]
05-18 12:03:48.403 11901 11918 I wasm_android_host::pr..: wandr-profile: frame 106500 t+1847179ms  win[N=60 min=11.5ms mean=17.0ms max=33.5ms] over[16ms=44 50ms=0 100ms=0 250ms=0]
05-18 12:03:49.392 11901 11918 I wasm_android_host::pr..: wandr-profile: frame 106560 t+1848168ms  win[N=60 min=11.3ms mean=16.4ms max=20.4ms] over[16ms=41 50ms=0 100ms=0 250ms=0]
05-18 12:03:50.407 11901 11918 I wasm_android_host::pr..: wandr-profile: frame 106620 t+1849183ms  win[N=60 min=13.0ms mean=16.8ms max=33.3ms] over[16ms=42 50ms=0 100ms=0 250ms=0]
05-18 12:03:51.404 11901 11918 I wasm_android_host::pr..: wandr-profile: frame 106680 t+1850179ms  win[N=60 min=13.9ms mean=16.5ms max=20.7ms] over[16ms=39 50ms=0 100ms=0 250ms=0]
05-18 12:03:52.402 11901 11918 I wasm_android_host::pr..: wandr-profile: frame 106740 t+1851178ms  win[N=60 min=14.6ms mean=16.6ms max=18.8ms] over[16ms=47 50ms=0 100ms=0 250ms=0]
05-18 12:03:53.400 11901 11918 I wasm_android_host::pr..: wandr-profile: frame 106800 t+1852176ms  win[N=60 min=13.5ms mean=16.6ms max=20.8ms] over[16ms=43 50ms=0 100ms=0 250ms=0]
05-18 12:03:54.398 11901 11918 I wasm_android_host::pr..: wandr-profile: frame 106860 t+1853174ms  win[N=60 min=14.0ms mean=16.6ms max=20.3ms] over[16ms=42 50ms=0 100ms=0 250ms=0]
05-18 12:03:55.397 11901 11918 I wasm_android_host::pr..: wandr-profile: frame 106920 t+1854173ms  win[N=60 min=14.5ms mean=16.6ms max=20.1ms] over[16ms=42 50ms=0 100ms=0 250ms=0]
05-18 12:03:56.395 11901 11918 I wasm_android_host::pr..: wandr-profile: frame 106980 t+1855171ms  win[N=60 min=14.4ms mean=16.6ms max=19.0ms] over[16ms=47 50ms=0 100ms=0 250ms=0]
05-18 12:03:57.393 11901 11918 I wasm_android_host::pr..: wandr-profile: frame 107040 t+1856169ms  win[N=60 min=14.2ms mean=16.6ms max=18.6ms] over[16ms=45 50ms=0 100ms=0 250ms=0]
05-18 12:03:58.393 11901 11918 I wasm_android_host::pr..: wandr-profile: frame 107100 t+1857168ms  win[N=60 min=13.4ms mean=16.6ms max=19.9ms] over[16ms=47 50ms=0 100ms=0 250ms=0]
05-18 12:03:59.389 11901 11918 I wasm_android_host::pr..: wandr-profile: frame 107160 t+1858165ms  win[N=60 min=13.3ms mean=16.5ms max=20.6ms] over[16ms=40 50ms=0 100ms=0 250ms=0]
05-18 12:04:00.389 11901 11918 I wasm_android_host::pr..: wandr-profile: frame 107220 t+1859165ms  win[N=60 min=13.6ms mean=16.6ms max=20.8ms] over[16ms=45 50ms=0 100ms=0 250ms=0]
05-18 12:04:01.387 11901 11918 I wasm_android_host::pr..: wandr-profile: frame 107280 t+1860163ms  win[N=60 min=14.0ms mean=16.6ms max=19.3ms] over[16ms=40 50ms=0 100ms=0 250ms=0]
05-18 12:04:02.384 11901 11918 I wasm_android_host::pr..: wandr-profile: frame 107340 t+1861160ms  win[N=60 min=14.8ms mean=16.5ms max=20.5ms] over[16ms=46 50ms=0 100ms=0 250ms=0]
05-18 12:04:03.401 11901 11918 I wasm_android_host::pr..: wandr-profile: frame 107400 t+1862177ms  win[N=60 min=12.8ms mean=16.9ms max=34.6ms] over[16ms=42 50ms=0 100ms=0 250ms=0]
05-18 12:04:04.399 11901 11918 I wasm_android_host::pr..: wandr-profile: frame 107460 t+1863175ms  win[N=60 min=13.6ms mean=16.6ms max=20.5ms] over[16ms=44 50ms=0 100ms=0 250ms=0]
05-18 12:04:05.413 11901 11918 I wasm_android_host::pr..: wandr-profile: frame 107520 t+1864188ms  win[N=60 min=14.2ms mean=16.8ms max=34.1ms] over[16ms=41 50ms=0 100ms=0 250ms=0]
05-18 12:04:06.413 11901 11918 I wasm_android_host::pr..: wandr-profile: frame 107580 t+1865188ms  win[N=60 min=13.9ms mean=16.6ms max=20.3ms] over[16ms=45 50ms=0 100ms=0 250ms=0]
05-18 12:04:07.426 11901 11918 I wasm_android_host::pr..: wandr-profile: frame 107640 t+1866202ms  win[N=60 min=12.6ms mean=16.8ms max=32.5ms] over[16ms=42 50ms=0 100ms=0 250ms=0]
05-18 12:04:08.424 11901 11918 I wasm_android_host::pr..: wandr-profile: frame 107700 t+1867200ms  win[N=60 min=14.2ms mean=16.6ms max=20.8ms] over[16ms=44 50ms=0 100ms=0 250ms=0]
05-18 12:04:09.422 11901 11918 I wasm_android_host::pr..: wandr-profile: frame 107760 t+1868198ms  win[N=60 min=14.7ms mean=16.6ms max=19.3ms] over[16ms=44 50ms=0 100ms=0 250ms=0]
05-18 12:04:10.420 11901 11918 I wasm_android_host::pr..: wandr-profile: frame 107820 t+1869196ms  win[N=60 min=14.7ms mean=16.6ms max=20.7ms] over[16ms=39 50ms=0 100ms=0 250ms=0]
05-18 12:04:11.422 11901 11918 I wasm_android_host::pr..: wandr-profile: frame 107880 t+1870197ms  win[N=60 min=14.3ms mean=16.6ms max=19.9ms] over[16ms=40 50ms=0 100ms=0 250ms=0]
05-18 12:04:12.418 11901 11918 I wasm_android_host::pr..: wandr-profile: frame 107940 t+1871194ms  win[N=60 min=13.9ms mean=16.5ms max=18.3ms] over[16ms=48 50ms=0 100ms=0 250ms=0]
05-18 12:04:13.419 11901 11918 I wasm_android_host::pr..: wandr-profile: frame 108000 t+1872195ms  win[N=60 min=14.3ms mean=16.6ms max=20.4ms] over[16ms=46 50ms=0 100ms=0 250ms=0]
05-18 12:04:14.414 11901 11918 I wasm_android_host::pr..: wandr-profile: frame 108060 t+1873189ms  win[N=60 min=14.4ms mean=16.5ms max=20.1ms] over[16ms=44 50ms=0 100ms=0 250ms=0]
05-18 12:04:15.414 11901 11918 I wasm_android_host::pr..: wandr-profile: frame 108120 t+1874189ms  win[N=60 min=14.4ms mean=16.6ms max=19.7ms] over[16ms=40 50ms=0 100ms=0 250ms=0]
05-18 12:04:16.412 11901 11918 I wasm_android_host::pr..: wandr-profile: frame 108180 t+1875188ms  win[N=60 min=14.4ms mean=16.6ms max=20.2ms] over[16ms=48 50ms=0 100ms=0 250ms=0]
05-18 12:04:17.410 11901 11918 I wasm_android_host::pr..: wandr-profile: frame 108240 t+1876186ms  win[N=60 min=14.2ms mean=16.6ms max=19.9ms] over[16ms=44 50ms=0 100ms=0 250ms=0]
05-18 12:04:18.409 11901 11918 I wasm_android_host::pr..: wandr-profile: frame 108300 t+1877184ms  win[N=60 min=14.1ms mean=16.6ms max=20.4ms] over[16ms=47 50ms=0 100ms=0 250ms=0]
05-18 12:04:19.422 11901 11918 I wasm_android_host::pr..: wandr-profile: frame 108360 t+1878197ms  win[N=60 min=12.4ms mean=16.8ms max=34.1ms] over[16ms=44 50ms=0 100ms=0 250ms=0]
05-18 12:04:20.420 11901 11918 I wasm_android_host::pr..: wandr-profile: frame 108420 t+1879196ms  win[N=60 min=13.3ms mean=16.6ms max=20.2ms] over[16ms=44 50ms=0 100ms=0 250ms=0]
05-18 12:04:21.418 11901 11918 I wasm_android_host::pr..: wandr-profile: frame 108480 t+1880194ms  win[N=60 min=14.6ms mean=16.6ms max=20.3ms] over[16ms=44 50ms=0 100ms=0 250ms=0]
05-18 12:04:22.416 11901 11918 I wasm_android_host::pr..: wandr-profile: frame 108540 t+1881192ms  win[N=60 min=14.6ms mean=16.6ms max=18.7ms] over[16ms=44 50ms=0 100ms=0 250ms=0]
05-18 12:04:23.416 11901 11918 I wasm_android_host::pr..: wandr-profile: frame 108600 t+1882191ms  win[N=60 min=14.6ms mean=16.6ms max=20.1ms] over[16ms=44 50ms=0 100ms=0 250ms=0]
05-18 12:04:24.413 11901 11918 I wasm_android_host::pr..: wandr-profile: frame 108660 t+1883189ms  win[N=60 min=14.6ms mean=16.6ms max=18.9ms] over[16ms=38 50ms=0 100ms=0 250ms=0]
05-18 12:04:25.413 11901 11918 I wasm_android_host::pr..: wandr-profile: frame 108720 t+1884188ms  win[N=60 min=13.1ms mean=16.6ms max=20.4ms] over[16ms=44 50ms=0 100ms=0 250ms=0]
05-18 12:04:26.410 11901 11918 I wasm_android_host::pr..: wandr-profile: frame 108780 t+1885186ms  win[N=60 min=14.7ms mean=16.6ms max=18.9ms] over[16ms=47 50ms=0 100ms=0 250ms=0]
05-18 12:04:27.408 11901 11918 I wasm_android_host::pr..: wandr-profile: frame 108840 t+1886184ms  win[N=60 min=13.9ms mean=16.6ms max=20.2ms] over[16ms=50 50ms=0 100ms=0 250ms=0]
05-18 12:04:28.405 11901 11918 I wasm_android_host::pr..: wandr-profile: frame 108900 t+1887181ms  win[N=60 min=14.1ms mean=16.6ms max=19.0ms] over[16ms=43 50ms=0 100ms=0 250ms=0]
05-18 12:04:29.404 11901 11918 I wasm_android_host::pr..: wandr-profile: frame 108960 t+1888180ms  win[N=60 min=13.7ms mean=16.6ms max=20.3ms] over[16ms=40 50ms=0 100ms=0 250ms=0]
05-18 12:04:30.402 11901 11918 I wasm_android_host::pr..: wandr-profile: frame 109020 t+1889178ms  win[N=60 min=12.4ms mean=16.6ms max=21.0ms] over[16ms=40 50ms=0 100ms=0 250ms=0]
05-18 12:04:31.401 11901 11918 I wasm_android_host::pr..: wandr-profile: frame 109080 t+1890176ms  win[N=60 min=13.1ms mean=16.6ms max=20.2ms] over[16ms=44 50ms=0 100ms=0 250ms=0]
05-18 12:04:32.399 11901 11918 I wasm_android_host::pr..: wandr-profile: frame 109140 t+1891174ms  win[N=60 min=14.5ms mean=16.6ms max=19.2ms] over[16ms=44 50ms=0 100ms=0 250ms=0]
05-18 12:04:33.397 11901 11918 I wasm_android_host::pr..: wandr-profile: frame 109200 t+1892173ms  win[N=60 min=13.8ms mean=16.6ms max=20.4ms] over[16ms=47 50ms=0 100ms=0 250ms=0]
05-18 12:04:34.396 11901 11918 I wasm_android_host::pr..: wandr-profile: frame 109260 t+1893171ms  win[N=60 min=14.2ms mean=16.6ms max=20.6ms] over[16ms=45 50ms=0 100ms=0 250ms=0]
05-18 12:04:35.394 11901 11918 I wasm_android_host::pr..: wandr-profile: frame 109320 t+1894169ms  win[N=60 min=14.6ms mean=16.6ms max=18.9ms] over[16ms=43 50ms=0 100ms=0 250ms=0]
05-18 12:04:36.393 11901 11918 I wasm_android_host::pr..: wandr-profile: frame 109380 t+1895169ms  win[N=60 min=12.0ms mean=16.6ms max=21.3ms] over[16ms=43 50ms=0 100ms=0 250ms=0]
05-18 12:04:37.391 11901 11918 I wasm_android_host::pr..: wandr-profile: frame 109440 t+1896167ms  win[N=60 min=13.1ms mean=16.6ms max=20.0ms] over[16ms=42 50ms=0 100ms=0 250ms=0]
05-18 12:04:38.390 11901 11918 I wasm_android_host::pr..: wandr-profile: frame 109500 t+1897166ms  win[N=60 min=14.4ms mean=16.6ms max=19.7ms] over[16ms=44 50ms=0 100ms=0 250ms=0]
05-18 12:04:39.388 11901 11918 I wasm_android_host::pr..: wandr-profile: frame 109560 t+1898164ms  win[N=60 min=14.7ms mean=16.6ms max=18.8ms] over[16ms=47 50ms=0 100ms=0 250ms=0]
05-18 12:04:40.386 11901 11918 I wasm_android_host::pr..: wandr-profile: frame 109620 t+1899162ms  win[N=60 min=13.9ms mean=16.6ms max=19.1ms] over[16ms=41 50ms=0 100ms=0 250ms=0]
05-18 12:04:41.383 11901 11918 I wasm_android_host::pr..: wandr-profile: frame 109680 t+1900159ms  win[N=60 min=12.9ms mean=16.6ms max=20.5ms] over[16ms=43 50ms=0 100ms=0 250ms=0]
05-18 12:04:42.381 11901 11918 I wasm_android_host::pr..: wandr-profile: frame 109740 t+1901157ms  win[N=60 min=13.8ms mean=16.6ms max=19.4ms] over[16ms=42 50ms=0 100ms=0 250ms=0]
05-18 12:04:43.380 11901 11918 I wasm_android_host::pr..: wandr-profile: frame 109800 t+1902156ms  win[N=60 min=12.8ms mean=16.6ms max=20.3ms] over[16ms=45 50ms=0 100ms=0 250ms=0]
05-18 12:04:44.395 11901 11918 I wasm_android_host::pr..: wandr-profile: frame 109860 t+1903170ms  win[N=60 min=13.4ms mean=16.8ms max=30.7ms] over[16ms=44 50ms=0 100ms=0 250ms=0]
05-18 12:04:45.393 11901 11918 I wasm_android_host::pr..: wandr-profile: frame 109920 t+1904169ms  win[N=60 min=14.5ms mean=16.6ms max=20.3ms] over[16ms=42 50ms=0 100ms=0 250ms=0]
05-18 12:04:46.393 11901 11918 I wasm_android_host::pr..: wandr-profile: frame 109980 t+1905168ms  win[N=60 min=14.2ms mean=16.6ms max=20.7ms] over[16ms=46 50ms=0 100ms=0 250ms=0]
05-18 12:04:47.390 11901 11918 I wasm_android_host::pr..: wandr-profile: frame 110040 t+1906166ms  win[N=60 min=14.3ms mean=16.6ms max=20.6ms] over[16ms=37 50ms=0 100ms=0 250ms=0]
05-18 12:04:48.388 11901 11918 I wasm_android_host::pr..: wandr-profile: frame 110100 t+1907163ms  win[N=60 min=13.8ms mean=16.6ms max=20.3ms] over[16ms=41 50ms=0 100ms=0 250ms=0]
05-18 12:04:49.387 11901 11918 I wasm_android_host::pr..: wandr-profile: frame 110160 t+1908163ms  win[N=60 min=13.2ms mean=16.6ms max=20.5ms] over[16ms=42 50ms=0 100ms=0 250ms=0]
05-18 12:04:50.401 11901 11918 I wasm_android_host::pr..: wandr-profile: frame 110220 t+1909177ms  win[N=60 min=11.4ms mean=16.8ms max=32.8ms] over[16ms=41 50ms=0 100ms=0 250ms=0]
05-18 12:04:51.399 11901 11918 I wasm_android_host::pr..: wandr-profile: frame 110280 t+1910175ms  win[N=60 min=13.8ms mean=16.6ms max=18.5ms] over[16ms=46 50ms=0 100ms=0 250ms=0]
05-18 12:04:52.398 11901 11918 I wasm_android_host::pr..: wandr-profile: frame 110340 t+1911174ms  win[N=60 min=13.2ms mean=16.6ms max=20.3ms] over[16ms=45 50ms=0 100ms=0 250ms=0]
05-18 12:04:53.398 11901 11918 I wasm_android_host::pr..: wandr-profile: frame 110400 t+1912174ms  win[N=60 min=14.0ms mean=16.6ms max=18.9ms] over[16ms=42 50ms=0 100ms=0 250ms=0]
05-18 12:04:54.394 11901 11918 I wasm_android_host::pr..: wandr-profile: frame 110460 t+1913170ms  win[N=60 min=14.0ms mean=16.5ms max=20.2ms] over[16ms=39 50ms=0 100ms=0 250ms=0]
05-18 12:04:55.409 11901 11918 I wasm_android_host::pr..: wandr-profile: frame 110520 t+1914185ms  win[N=60 min=11.9ms mean=16.8ms max=32.7ms] over[16ms=41 50ms=0 100ms=0 250ms=0]
05-18 12:04:56.409 11901 11918 I wasm_android_host::pr..: wandr-profile: frame 110580 t+1915184ms  win[N=60 min=14.6ms mean=16.6ms max=20.2ms] over[16ms=42 50ms=0 100ms=0 250ms=0]
05-18 12:04:57.407 11901 11918 I wasm_android_host::pr..: wandr-profile: frame 110640 t+1916182ms  win[N=60 min=14.5ms mean=16.6ms max=18.7ms] over[16ms=44 50ms=0 100ms=0 250ms=0]
05-18 12:04:58.404 11901 11918 I wasm_android_host::pr..: wandr-profile: frame 110700 t+1917180ms  win[N=60 min=14.6ms mean=16.6ms max=19.8ms] over[16ms=46 50ms=0 100ms=0 250ms=0]
05-18 12:04:59.402 11901 11918 I wasm_android_host::pr..: wandr-profile: frame 110760 t+1918178ms  win[N=60 min=14.0ms mean=16.6ms max=19.5ms] over[16ms=42 50ms=0 100ms=0 250ms=0]
05-18 12:05:00.400 11901 11918 I wasm_android_host::pr..: wandr-profile: frame 110820 t+1919176ms  win[N=60 min=12.7ms mean=16.6ms max=20.7ms] over[16ms=46 50ms=0 100ms=0 250ms=0]
05-18 12:05:01.415 11901 11918 I wasm_android_host::pr..: wandr-profile: frame 110880 t+1920191ms  win[N=60 min=11.1ms mean=16.8ms max=33.5ms] over[16ms=48 50ms=0 100ms=0 250ms=0]
05-18 12:05:02.413 11901 11918 I wasm_android_host::pr..: wandr-profile: frame 110940 t+1921189ms  win[N=60 min=13.2ms mean=16.6ms max=20.3ms] over[16ms=47 50ms=0 100ms=0 250ms=0]
05-18 12:05:03.413 11901 11918 I wasm_android_host::pr..: wandr-profile: frame 111000 t+1922189ms  win[N=60 min=14.3ms mean=16.6ms max=20.6ms] over[16ms=45 50ms=0 100ms=0 250ms=0]
05-18 12:05:04.412 11901 11918 I wasm_android_host::pr..: wandr-profile: frame 111060 t+1923187ms  win[N=60 min=14.8ms mean=16.6ms max=20.1ms] over[16ms=39 50ms=0 100ms=0 250ms=0]
05-18 12:05:05.425 11901 11918 I wasm_android_host::pr..: wandr-profile: frame 111120 t+1924201ms  win[N=60 min=11.3ms mean=16.8ms max=32.8ms] over[16ms=41 50ms=0 100ms=0 250ms=0]
05-18 12:05:06.423 11901 11918 I wasm_android_host::pr..: wandr-profile: frame 111180 t+1925198ms  win[N=60 min=13.9ms mean=16.6ms max=20.8ms] over[16ms=40 50ms=0 100ms=0 250ms=0]
05-18 12:05:07.420 11901 11918 I wasm_android_host::pr..: wandr-profile: frame 111240 t+1926196ms  win[N=60 min=14.1ms mean=16.6ms max=20.0ms] over[16ms=46 50ms=0 100ms=0 250ms=0]
05-18 12:05:08.437 11901 11918 I wasm_android_host::pr..: wandr-profile: frame 111300 t+1927213ms  win[N=60 min=13.0ms mean=16.9ms max=33.5ms] over[16ms=46 50ms=0 100ms=0 250ms=0]
05-18 12:05:09.436 11901 11918 I wasm_android_host::pr..: wandr-profile: frame 111360 t+1928212ms  win[N=60 min=13.6ms mean=16.6ms max=19.7ms] over[16ms=45 50ms=0 100ms=0 250ms=0]
05-18 12:05:10.434 11901 11918 I wasm_android_host::pr..: wandr-profile: frame 111420 t+1929210ms  win[N=60 min=14.3ms mean=16.6ms max=18.9ms] over[16ms=42 50ms=0 100ms=0 250ms=0]
05-18 12:05:11.432 11901 11918 I wasm_android_host::pr..: wandr-profile: frame 111480 t+1930207ms  win[N=60 min=14.7ms mean=16.6ms max=20.0ms] over[16ms=47 50ms=0 100ms=0 250ms=0]
05-18 12:05:12.430 11901 11918 I wasm_android_host::pr..: wandr-profile: frame 111540 t+1931206ms  win[N=60 min=14.6ms mean=16.6ms max=19.1ms] over[16ms=45 50ms=0 100ms=0 250ms=0]
05-18 12:05:13.429 11901 11918 I wasm_android_host::pr..: wandr-profile: frame 111600 t+1932204ms  win[N=60 min=14.3ms mean=16.6ms max=20.9ms] over[16ms=44 50ms=0 100ms=0 250ms=0]
05-18 12:05:14.441 11901 11918 I wasm_android_host::pr..: wandr-profile: frame 111660 t+1933217ms  win[N=60 min=11.4ms mean=16.8ms max=34.6ms] over[16ms=41 50ms=0 100ms=0 250ms=0]
05-18 12:05:15.440 11901 11918 I wasm_android_host::pr..: wandr-profile: frame 111720 t+1934216ms  win[N=60 min=14.2ms mean=16.6ms max=20.7ms] over[16ms=44 50ms=0 100ms=0 250ms=0]
05-18 12:05:16.438 11901 11918 I wasm_android_host::pr..: wandr-profile: frame 111780 t+1935214ms  win[N=60 min=13.8ms mean=16.6ms max=19.5ms] over[16ms=41 50ms=0 100ms=0 250ms=0]
05-18 12:05:17.438 11901 11918 I wasm_android_host::pr..: wandr-profile: frame 111840 t+1936214ms  win[N=60 min=13.2ms mean=16.6ms max=20.4ms] over[16ms=43 50ms=0 100ms=0 250ms=0]
05-18 12:05:18.453 11901 11918 I wasm_android_host::pr..: wandr-profile: frame 111900 t+1937228ms  win[N=60 min=13.5ms mean=16.8ms max=30.9ms] over[16ms=39 50ms=0 100ms=0 250ms=0]
05-18 12:05:19.451 11901 11918 I wasm_android_host::pr..: wandr-profile: frame 111960 t+1938227ms  win[N=60 min=13.4ms mean=16.6ms max=19.7ms] over[16ms=42 50ms=0 100ms=0 250ms=0]
05-18 12:05:20.449 11901 11918 I wasm_android_host::pr..: wandr-profile: frame 112020 t+1939225ms  win[N=60 min=13.9ms mean=16.6ms max=20.6ms] over[16ms=44 50ms=0 100ms=0 250ms=0]
05-18 12:05:21.448 11901 11918 I wasm_android_host::pr..: wandr-profile: frame 112080 t+1940223ms  win[N=60 min=13.8ms mean=16.6ms max=20.3ms] over[16ms=45 50ms=0 100ms=0 250ms=0]
05-18 12:05:22.444 11901 11918 I wasm_android_host::pr..: wandr-profile: frame 112140 t+1941220ms  win[N=60 min=14.6ms mean=16.5ms max=20.2ms] over[16ms=47 50ms=0 100ms=0 250ms=0]
05-18 12:05:23.459 11901 11918 I wasm_android_host::pr..: wandr-profile: frame 112200 t+1942234ms  win[N=60 min=14.7ms mean=16.8ms max=32.8ms] over[16ms=42 50ms=0 100ms=0 250ms=0]
05-18 12:05:24.457 11901 11918 I wasm_android_host::pr..: wandr-profile: frame 112260 t+1943233ms  win[N=60 min=13.6ms mean=16.6ms max=20.1ms] over[16ms=45 50ms=0 100ms=0 250ms=0]
05-18 12:05:25.455 11901 11918 I wasm_android_host::pr..: wandr-profile: frame 112320 t+1944231ms  win[N=60 min=13.9ms mean=16.6ms max=19.3ms] over[16ms=43 50ms=0 100ms=0 250ms=0]
05-18 12:05:26.454 11901 11918 I wasm_android_host::pr..: wandr-profile: frame 112380 t+1945229ms  win[N=60 min=14.4ms mean=16.6ms max=20.0ms] over[16ms=42 50ms=0 100ms=0 250ms=0]
05-18 12:05:27.455 11901 11918 I wasm_android_host::pr..: wandr-profile: frame 112440 t+1946231ms  win[N=60 min=13.9ms mean=16.6ms max=20.1ms] over[16ms=41 50ms=0 100ms=0 250ms=0]
05-18 12:05:28.451 11901 11918 I wasm_android_host::pr..: wandr-profile: frame 112500 t+1947227ms  win[N=60 min=14.5ms mean=16.5ms max=20.0ms] over[16ms=44 50ms=0 100ms=0 250ms=0]
05-18 12:05:29.449 11901 11918 I wasm_android_host::pr..: wandr-profile: frame 112560 t+1948225ms  win[N=60 min=13.9ms mean=16.6ms max=20.7ms] over[16ms=39 50ms=0 100ms=0 250ms=0]
05-18 12:05:30.448 11901 11918 I wasm_android_host::pr..: wandr-profile: frame 112620 t+1949224ms  win[N=60 min=14.4ms mean=16.6ms max=20.6ms] over[16ms=44 50ms=0 100ms=0 250ms=0]
05-18 12:05:31.461 11901 11918 I wasm_android_host::pr..: wandr-profile: frame 112680 t+1950237ms  win[N=60 min=13.9ms mean=16.8ms max=32.6ms] over[16ms=44 50ms=0 100ms=0 250ms=0]
05-18 12:05:32.459 11901 11918 I wasm_android_host::pr..: wandr-profile: frame 112740 t+1951235ms  win[N=60 min=13.3ms mean=16.6ms max=19.7ms] over[16ms=45 50ms=0 100ms=0 250ms=0]
05-18 12:05:33.474 11901 11918 I wasm_android_host::pr..: wandr-profile: frame 112800 t+1952250ms  win[N=60 min=12.0ms mean=16.9ms max=32.6ms] over[16ms=44 50ms=0 100ms=0 250ms=0]
05-18 12:05:34.491 11901 11918 I wasm_android_host::pr..: wandr-profile: frame 112860 t+1953266ms  win[N=60 min=12.9ms mean=16.9ms max=33.8ms] over[16ms=46 50ms=0 100ms=0 250ms=0]
05-18 12:05:35.489 11901 11918 I wasm_android_host::pr..: wandr-profile: frame 112920 t+1954264ms  win[N=60 min=13.0ms mean=16.6ms max=20.4ms] over[16ms=40 50ms=0 100ms=0 250ms=0]
05-18 12:05:36.487 11901 11918 I wasm_android_host::pr..: wandr-profile: frame 112980 t+1955263ms  win[N=60 min=12.7ms mean=16.6ms max=20.5ms] over[16ms=47 50ms=0 100ms=0 250ms=0]
05-18 12:05:37.484 11901 11918 I wasm_android_host::pr..: wandr-profile: frame 113040 t+1956259ms  win[N=60 min=13.2ms mean=16.5ms max=19.9ms] over[16ms=46 50ms=0 100ms=0 250ms=0]
05-18 12:05:38.482 11901 11918 I wasm_android_host::pr..: wandr-profile: frame 113100 t+1957258ms  win[N=60 min=14.1ms mean=16.6ms max=19.0ms] over[16ms=45 50ms=0 100ms=0 250ms=0]
05-18 12:05:39.480 11901 11918 I wasm_android_host::pr..: wandr-profile: frame 113160 t+1958256ms  win[N=60 min=13.8ms mean=16.6ms max=20.4ms] over[16ms=42 50ms=0 100ms=0 250ms=0]
05-18 12:05:40.497 11901 11918 I wasm_android_host::pr..: wandr-profile: frame 113220 t+1959273ms  win[N=60 min=14.7ms mean=16.9ms max=35.9ms] over[16ms=46 50ms=0 100ms=0 250ms=0]
05-18 12:05:41.493 11901 11918 I wasm_android_host::pr..: wandr-profile: frame 113280 t+1960269ms  win[N=60 min=13.7ms mean=16.5ms max=19.7ms] over[16ms=44 50ms=0 100ms=0 250ms=0]
05-18 12:05:42.493 11901 11918 I wasm_android_host::pr..: wandr-profile: frame 113340 t+1961269ms  win[N=60 min=13.9ms mean=16.6ms max=19.3ms] over[16ms=44 50ms=0 100ms=0 250ms=0]
05-18 12:05:43.491 11901 11918 I wasm_android_host::pr..: wandr-profile: frame 113400 t+1962267ms  win[N=60 min=14.7ms mean=16.6ms max=18.9ms] over[16ms=46 50ms=0 100ms=0 250ms=0]
05-18 12:05:44.489 11901 11918 I wasm_android_host::pr..: wandr-profile: frame 113460 t+1963265ms  win[N=60 min=14.6ms mean=16.6ms max=20.1ms] over[16ms=44 50ms=0 100ms=0 250ms=0]
05-18 12:05:45.488 11901 11918 I wasm_android_host::pr..: wandr-profile: frame 113520 t+1964263ms  win[N=60 min=14.6ms mean=16.6ms max=19.3ms] over[16ms=43 50ms=0 100ms=0 250ms=0]
05-18 12:05:46.484 11901 11918 I wasm_android_host::pr..: wandr-profile: frame 113580 t+1965260ms  win[N=60 min=14.0ms mean=16.5ms max=20.6ms] over[16ms=46 50ms=0 100ms=0 250ms=0]
05-18 12:05:47.483 11901 11918 I wasm_android_host::pr..: wandr-profile: frame 113640 t+1966259ms  win[N=60 min=14.7ms mean=16.6ms max=18.5ms] over[16ms=45 50ms=0 100ms=0 250ms=0]
05-18 12:05:48.481 11901 11918 I wasm_android_host::pr..: wandr-profile: frame 113700 t+1967256ms  win[N=60 min=14.1ms mean=16.6ms max=20.6ms] over[16ms=44 50ms=0 100ms=0 250ms=0]
05-18 12:05:49.479 11901 11918 I wasm_android_host::pr..: wandr-profile: frame 113760 t+1968255ms  win[N=60 min=14.3ms mean=16.6ms max=19.6ms] over[16ms=43 50ms=0 100ms=0 250ms=0]
05-18 12:05:50.477 11901 11918 I wasm_android_host::pr..: wandr-profile: frame 113820 t+1969253ms  win[N=60 min=14.9ms mean=16.6ms max=20.4ms] over[16ms=44 50ms=0 100ms=0 250ms=0]
05-18 12:05:51.476 11901 11918 I wasm_android_host::pr..: wandr-profile: frame 113880 t+1970251ms  win[N=60 min=14.5ms mean=16.6ms max=18.8ms] over[16ms=43 50ms=0 100ms=0 250ms=0]
05-18 12:05:52.474 11901 11918 I wasm_android_host::pr..: wandr-profile: frame 113940 t+1971250ms  win[N=60 min=14.1ms mean=16.6ms max=20.8ms] over[16ms=40 50ms=0 100ms=0 250ms=0]
05-18 12:05:53.473 11901 11918 I wasm_android_host::pr..: wandr-profile: frame 114000 t+1972249ms  win[N=60 min=14.4ms mean=16.6ms max=18.8ms] over[16ms=46 50ms=0 100ms=0 250ms=0]
05-18 12:05:54.472 11901 11918 I wasm_android_host::pr..: wandr-profile: frame 114060 t+1973248ms  win[N=60 min=14.8ms mean=16.6ms max=18.8ms] over[16ms=45 50ms=0 100ms=0 250ms=0]
05-18 12:05:55.470 11901 11918 I wasm_android_host::pr..: wandr-profile: frame 114120 t+1974246ms  win[N=60 min=14.2ms mean=16.6ms max=19.6ms] over[16ms=38 50ms=0 100ms=0 250ms=0]
05-18 12:05:56.468 11901 11918 I wasm_android_host::pr..: wandr-profile: frame 114180 t+1975244ms  win[N=60 min=13.0ms mean=16.6ms max=20.3ms] over[16ms=43 50ms=0 100ms=0 250ms=0]
05-18 12:05:57.482 11901 11918 I wasm_android_host::pr..: wandr-profile: frame 114240 t+1976257ms  win[N=60 min=11.2ms mean=16.8ms max=37.3ms] over[16ms=41 50ms=0 100ms=0 250ms=0]
05-18 12:05:58.480 11901 11918 I wasm_android_host::pr..: wandr-profile: frame 114300 t+1977255ms  win[N=60 min=14.8ms mean=16.6ms max=20.4ms] over[16ms=41 50ms=0 100ms=0 250ms=0]
05-18 12:05:59.498 11901 11918 I wasm_android_host::pr..: wandr-profile: frame 114360 t+1978274ms  win[N=60 min=11.3ms mean=16.9ms max=35.8ms] over[16ms=41 50ms=0 100ms=0 250ms=0]
05-18 12:06:00.493 11901 11918 I wasm_android_host::pr..: wandr-profile: frame 114420 t+1979268ms  win[N=60 min=14.1ms mean=16.5ms max=20.8ms] over[16ms=34 50ms=0 100ms=0 250ms=0]
05-18 12:06:01.493 11901 11918 I wasm_android_host::pr..: wandr-profile: frame 114480 t+1980268ms  win[N=60 min=13.8ms mean=16.6ms max=19.9ms] over[16ms=41 50ms=0 100ms=0 250ms=0]
05-18 12:06:02.492 11901 11918 I wasm_android_host::pr..: wandr-profile: frame 114540 t+1981267ms  win[N=60 min=14.8ms mean=16.6ms max=18.8ms] over[16ms=47 50ms=0 100ms=0 250ms=0]
05-18 12:06:03.489 11901 11918 I wasm_android_host::pr..: wandr-profile: frame 114600 t+1982265ms  win[N=60 min=14.6ms mean=16.6ms max=19.6ms] over[16ms=46 50ms=0 100ms=0 250ms=0]
05-18 12:06:04.487 11901 11918 I wasm_android_host::pr..: wandr-profile: frame 114660 t+1983263ms  win[N=60 min=14.6ms mean=16.6ms max=19.0ms] over[16ms=43 50ms=0 100ms=0 250ms=0]
05-18 12:06:05.484 11901 11918 I wasm_android_host::pr..: wandr-profile: frame 114720 t+1984259ms  win[N=60 min=14.2ms mean=16.5ms max=20.7ms] over[16ms=45 50ms=0 100ms=0 250ms=0]
05-18 12:06:06.482 11901 11918 I wasm_android_host::pr..: wandr-profile: frame 114780 t+1985258ms  win[N=60 min=14.8ms mean=16.6ms max=19.1ms] over[16ms=47 50ms=0 100ms=0 250ms=0]
05-18 12:06:07.481 11901 11918 I wasm_android_host::pr..: wandr-profile: frame 114840 t+1986256ms  win[N=60 min=12.8ms mean=16.6ms max=20.5ms] over[16ms=42 50ms=0 100ms=0 250ms=0]
05-18 12:06:08.482 11901 11918 I wasm_android_host::pr..: wandr-profile: frame 114900 t+1987257ms  win[N=60 min=14.3ms mean=16.6ms max=19.8ms] over[16ms=41 50ms=0 100ms=0 250ms=0]
05-18 12:06:09.478 11901 11918 I wasm_android_host::pr..: wandr-profile: frame 114960 t+1988254ms  win[N=60 min=13.4ms mean=16.5ms max=20.5ms] over[16ms=46 50ms=0 100ms=0 250ms=0]
05-18 12:06:10.475 11901 11918 I wasm_android_host::pr..: wandr-profile: frame 115020 t+1989251ms  win[N=60 min=14.0ms mean=16.5ms max=20.4ms] over[16ms=42 50ms=0 100ms=0 250ms=0]
05-18 12:06:11.474 11901 11918 I wasm_android_host::pr..: wandr-profile: frame 115080 t+1990250ms  win[N=60 min=14.4ms mean=16.6ms max=18.9ms] over[16ms=46 50ms=0 100ms=0 250ms=0]
05-18 12:06:12.473 11901 11918 I wasm_android_host::pr..: wandr-profile: frame 115140 t+1991249ms  win[N=60 min=13.8ms mean=16.6ms max=19.7ms] over[16ms=41 50ms=0 100ms=0 250ms=0]
05-18 12:06:13.471 11901 11918 I wasm_android_host::pr..: wandr-profile: frame 115200 t+1992247ms  win[N=60 min=13.8ms mean=16.6ms max=19.8ms] over[16ms=43 50ms=0 100ms=0 250ms=0]
05-18 12:06:14.469 11901 11918 I wasm_android_host::pr..: wandr-profile: frame 115260 t+1993245ms  win[N=60 min=13.9ms mean=16.6ms max=20.2ms] over[16ms=40 50ms=0 100ms=0 250ms=0]
05-18 12:06:15.468 11901 11918 I wasm_android_host::pr..: wandr-profile: frame 115320 t+1994243ms  win[N=60 min=14.1ms mean=16.6ms max=20.2ms] over[16ms=43 50ms=0 100ms=0 250ms=0]
05-18 12:06:16.464 11901 11918 I wasm_android_host::pr..: wandr-profile: frame 115380 t+1995240ms  win[N=60 min=13.9ms mean=16.5ms max=19.9ms] over[16ms=44 50ms=0 100ms=0 250ms=0]
05-18 12:06:17.462 11901 11918 I wasm_android_host::pr..: wandr-profile: frame 115440 t+1996238ms  win[N=60 min=14.1ms mean=16.6ms max=19.0ms] over[16ms=43 50ms=0 100ms=0 250ms=0]
05-18 12:06:18.461 11901 11918 I wasm_android_host::pr..: wandr-profile: frame 115500 t+1997236ms  win[N=60 min=14.0ms mean=16.6ms max=20.7ms] over[16ms=44 50ms=0 100ms=0 250ms=0]
05-18 12:06:19.459 11901 11918 I wasm_android_host::pr..: wandr-profile: frame 115560 t+1998235ms  win[N=60 min=14.2ms mean=16.6ms max=18.9ms] over[16ms=42 50ms=0 100ms=0 250ms=0]
05-18 12:06:20.461 11901 11918 I wasm_android_host::pr..: wandr-profile: frame 115620 t+1999237ms  win[N=60 min=13.2ms mean=16.6ms max=20.5ms] over[16ms=46 50ms=0 100ms=0 250ms=0]
05-18 12:06:21.458 11901 11918 I wasm_android_host::pr..: wandr-profile: frame 115680 t+2000234ms  win[N=60 min=12.9ms mean=16.5ms max=19.2ms] over[16ms=45 50ms=0 100ms=0 250ms=0]
05-18 12:06:22.454 11901 11918 I wasm_android_host::pr..: wandr-profile: frame 115740 t+2001230ms  win[N=60 min=13.6ms mean=16.5ms max=20.4ms] over[16ms=43 50ms=0 100ms=0 250ms=0]
05-18 12:06:23.453 11901 11918 I wasm_android_host::pr..: wandr-profile: frame 115800 t+2002229ms  win[N=60 min=14.2ms mean=16.6ms max=19.3ms] over[16ms=46 50ms=0 100ms=0 250ms=0]
05-18 12:06:24.451 11901 11918 I wasm_android_host::pr..: wandr-profile: frame 115860 t+2003227ms  win[N=60 min=13.9ms mean=16.6ms max=20.2ms] over[16ms=41 50ms=0 100ms=0 250ms=0]
05-18 12:06:25.449 11901 11918 I wasm_android_host::pr..: wandr-profile: frame 115920 t+2004225ms  win[N=60 min=14.1ms mean=16.6ms max=19.6ms] over[16ms=40 50ms=0 100ms=0 250ms=0]
05-18 12:06:26.448 11901 11918 I wasm_android_host::pr..: wandr-profile: frame 115980 t+2005224ms  win[N=60 min=13.5ms mean=16.6ms max=20.0ms] over[16ms=46 50ms=0 100ms=0 250ms=0]
05-18 12:06:27.462 11901 11918 I wasm_android_host::pr..: wandr-profile: frame 116040 t+2006238ms  win[N=60 min=14.2ms mean=16.8ms max=34.3ms] over[16ms=44 50ms=0 100ms=0 250ms=0]
05-18 12:06:28.460 11901 11918 I wasm_android_host::pr..: wandr-profile: frame 116100 t+2007235ms  win[N=60 min=13.0ms mean=16.6ms max=20.6ms] over[16ms=42 50ms=0 100ms=0 250ms=0]
05-18 12:06:29.461 11901 11918 I wasm_android_host::pr..: wandr-profile: frame 116160 t+2008237ms  win[N=60 min=13.5ms mean=16.6ms max=20.4ms] over[16ms=44 50ms=0 100ms=0 250ms=0]
05-18 12:06:30.458 11901 11918 I wasm_android_host::pr..: wandr-profile: frame 116220 t+2009234ms  win[N=60 min=13.3ms mean=16.6ms max=18.6ms] over[16ms=45 50ms=0 100ms=0 250ms=0]
05-18 12:06:31.455 11901 11918 I wasm_android_host::pr..: wandr-profile: frame 116280 t+2010230ms  win[N=60 min=13.4ms mean=16.5ms max=20.1ms] over[16ms=43 50ms=0 100ms=0 250ms=0]
05-18 12:06:32.452 11901 11918 I wasm_android_host::pr..: wandr-profile: frame 116340 t+2011228ms  win[N=60 min=14.7ms mean=16.6ms max=18.7ms] over[16ms=46 50ms=0 100ms=0 250ms=0]
05-18 12:06:33.453 11901 11918 I wasm_android_host::pr..: wandr-profile: frame 116400 t+2012228ms  win[N=60 min=14.1ms mean=16.6ms max=20.5ms] over[16ms=47 50ms=0 100ms=0 250ms=0]
05-18 12:06:34.467 11901 11918 I wasm_android_host::pr..: wandr-profile: frame 116460 t+2013243ms  win[N=60 min=14.1ms mean=16.8ms max=35.6ms] over[16ms=39 50ms=0 100ms=0 250ms=0]
05-18 12:06:35.464 11901 11918 I wasm_android_host::pr..: wandr-profile: frame 116520 t+2014240ms  win[N=60 min=13.3ms mean=16.6ms max=20.6ms] over[16ms=44 50ms=0 100ms=0 250ms=0]
05-18 12:06:36.462 11901 11918 I wasm_android_host::pr..: wandr-profile: frame 116580 t+2015238ms  win[N=60 min=14.4ms mean=16.6ms max=19.7ms] over[16ms=42 50ms=0 100ms=0 250ms=0]
05-18 12:06:37.460 11901 11918 I wasm_android_host::pr..: wandr-profile: frame 116640 t+2016236ms  win[N=60 min=13.5ms mean=16.6ms max=20.1ms] over[16ms=44 50ms=0 100ms=0 250ms=0]
05-18 12:06:38.459 11901 11918 I wasm_android_host::pr..: wandr-profile: frame 116700 t+2017234ms  win[N=60 min=14.6ms mean=16.6ms max=20.2ms] over[16ms=43 50ms=0 100ms=0 250ms=0]
05-18 12:06:39.458 11901 11918 I wasm_android_host::pr..: wandr-profile: frame 116760 t+2018234ms  win[N=60 min=14.7ms mean=16.6ms max=19.9ms] over[16ms=44 50ms=0 100ms=0 250ms=0]
05-18 12:06:40.473 11901 11918 I wasm_android_host::pr..: wandr-profile: frame 116820 t+2019248ms  win[N=60 min=11.0ms mean=16.8ms max=34.1ms] over[16ms=42 50ms=0 100ms=0 250ms=0]
05-18 12:06:41.471 11901 11918 I wasm_android_host::pr..: wandr-profile: frame 116880 t+2020246ms  win[N=60 min=14.1ms mean=16.6ms max=18.6ms] over[16ms=44 50ms=0 100ms=0 250ms=0]
05-18 12:06:42.469 11901 11918 I wasm_android_host::pr..: wandr-profile: frame 116940 t+2021245ms  win[N=60 min=14.5ms mean=16.6ms max=19.1ms] over[16ms=46 50ms=0 100ms=0 250ms=0]
05-18 12:06:43.468 11901 11918 I wasm_android_host::pr..: wandr-profile: frame 117000 t+2022243ms  win[N=60 min=14.6ms mean=16.6ms max=20.7ms] over[16ms=40 50ms=0 100ms=0 250ms=0]
05-18 12:06:44.464 11901 11918 I wasm_android_host::pr..: wandr-profile: frame 117060 t+2023240ms  win[N=60 min=13.4ms mean=16.5ms max=19.7ms] over[16ms=44 50ms=0 100ms=0 250ms=0]
05-18 12:06:45.463 11901 11918 I wasm_android_host::pr..: wandr-profile: frame 117120 t+2024238ms  win[N=60 min=14.4ms mean=16.6ms max=18.8ms] over[16ms=44 50ms=0 100ms=0 250ms=0]
05-18 12:06:46.461 11901 11918 I wasm_android_host::pr..: wandr-profile: frame 117180 t+2025236ms  win[N=60 min=13.0ms mean=16.6ms max=20.0ms] over[16ms=44 50ms=0 100ms=0 250ms=0]
05-18 12:06:47.459 11901 11918 I wasm_android_host::pr..: wandr-profile: frame 117240 t+2026235ms  win[N=60 min=14.4ms mean=16.6ms max=20.4ms] over[16ms=42 50ms=0 100ms=0 250ms=0]
05-18 12:06:48.458 11901 11918 I wasm_android_host::pr..: wandr-profile: frame 117300 t+2027234ms  win[N=60 min=14.4ms mean=16.6ms max=20.1ms] over[16ms=46 50ms=0 100ms=0 250ms=0]
05-18 12:06:49.474 11901 11918 I wasm_android_host::pr..: wandr-profile: frame 117360 t+2028249ms  win[N=60 min=11.1ms mean=16.9ms max=35.5ms] over[16ms=43 50ms=0 100ms=0 250ms=0]
05-18 12:06:50.472 11901 11918 I wasm_android_host::pr..: wandr-profile: frame 117420 t+2029248ms  win[N=60 min=13.6ms mean=16.6ms max=20.1ms] over[16ms=39 50ms=0 100ms=0 250ms=0]
05-18 12:06:51.470 11901 11918 I wasm_android_host::pr..: wandr-profile: frame 117480 t+2030245ms  win[N=60 min=14.5ms mean=16.6ms max=19.3ms] over[16ms=45 50ms=0 100ms=0 250ms=0]
05-18 12:06:52.468 11901 11918 I wasm_android_host::pr..: wandr-profile: frame 117540 t+2031244ms  win[N=60 min=14.5ms mean=16.6ms max=20.6ms] over[16ms=46 50ms=0 100ms=0 250ms=0]
05-18 12:06:53.465 11901 11918 I wasm_android_host::pr..: wandr-profile: frame 117600 t+2032240ms  win[N=60 min=14.2ms mean=16.5ms max=19.9ms] over[16ms=44 50ms=0 100ms=0 250ms=0]
05-18 12:06:54.463 11901 11918 I wasm_android_host::pr..: wandr-profile: frame 117660 t+2033239ms  win[N=60 min=14.5ms mean=16.6ms max=20.4ms] over[16ms=46 50ms=0 100ms=0 250ms=0]
05-18 12:06:55.461 11901 11918 I wasm_android_host::pr..: wandr-profile: frame 117720 t+2034237ms  win[N=60 min=14.1ms mean=16.6ms max=20.1ms] over[16ms=41 50ms=0 100ms=0 250ms=0]
05-18 12:06:56.460 11901 11918 I wasm_android_host::pr..: wandr-profile: frame 117780 t+2035235ms  win[N=60 min=13.0ms mean=16.6ms max=20.2ms] over[16ms=45 50ms=0 100ms=0 250ms=0]
05-18 12:06:57.458 11901 11918 I wasm_android_host::pr..: wandr-profile: frame 117840 t+2036233ms  win[N=60 min=14.3ms mean=16.6ms max=20.6ms] over[16ms=43 50ms=0 100ms=0 250ms=0]
05-18 12:06:58.456 11901 11918 I wasm_android_host::pr..: wandr-profile: frame 117900 t+2037232ms  win[N=60 min=14.6ms mean=16.6ms max=18.8ms] over[16ms=45 50ms=0 100ms=0 250ms=0]
05-18 12:06:59.456 11901 11918 I wasm_android_host::pr..: wandr-profile: frame 117960 t+2038232ms  win[N=60 min=14.5ms mean=16.6ms max=20.6ms] over[16ms=49 50ms=0 100ms=0 250ms=0]
05-18 12:07:00.452 11901 11918 I wasm_android_host::pr..: wandr-profile: frame 118020 t+2039228ms  win[N=60 min=14.1ms mean=16.5ms max=19.0ms] over[16ms=38 50ms=0 100ms=0 250ms=0]
05-18 12:07:01.452 11901 11918 I wasm_android_host::pr..: wandr-profile: frame 118080 t+2040228ms  win[N=60 min=14.5ms mean=16.6ms max=20.4ms] over[16ms=43 50ms=0 100ms=0 250ms=0]
05-18 12:07:02.449 11901 11918 I wasm_android_host::pr..: wandr-profile: frame 118140 t+2041225ms  win[N=60 min=14.5ms mean=16.6ms max=19.2ms] over[16ms=46 50ms=0 100ms=0 250ms=0]
05-18 12:07:03.449 11901 11918 I wasm_android_host::pr..: wandr-profile: frame 118200 t+2042224ms  win[N=60 min=13.5ms mean=16.6ms max=20.3ms] over[16ms=46 50ms=0 100ms=0 250ms=0]
05-18 12:07:04.445 11901 11918 I wasm_android_host::pr..: wandr-profile: frame 118260 t+2043221ms  win[N=60 min=13.4ms mean=16.5ms max=19.4ms] over[16ms=41 50ms=0 100ms=0 250ms=0]
05-18 12:07:05.443 11901 11918 I wasm_android_host::pr..: wandr-profile: frame 118320 t+2044219ms  win[N=60 min=14.1ms mean=16.6ms max=19.1ms] over[16ms=48 50ms=0 100ms=0 250ms=0]
05-18 12:07:06.441 11901 11918 I wasm_android_host::pr..: wandr-profile: frame 118380 t+2045217ms  win[N=60 min=14.3ms mean=16.6ms max=19.6ms] over[16ms=47 50ms=0 100ms=0 250ms=0]
05-18 12:07:07.441 11901 11918 I wasm_android_host::pr..: wandr-profile: frame 118440 t+2046216ms  win[N=60 min=14.7ms mean=16.6ms max=18.7ms] over[16ms=40 50ms=0 100ms=0 250ms=0]
05-18 12:07:08.438 11901 11918 I wasm_android_host::pr..: wandr-profile: frame 118500 t+2047214ms  win[N=60 min=14.2ms mean=16.6ms max=19.7ms] over[16ms=47 50ms=0 100ms=0 250ms=0]
05-18 12:07:09.436 11901 11918 I wasm_android_host::pr..: wandr-profile: frame 118560 t+2048212ms  win[N=60 min=13.2ms mean=16.6ms max=20.1ms] over[16ms=50 50ms=0 100ms=0 250ms=0]
05-18 12:07:10.434 11901 11918 I wasm_android_host::pr..: wandr-profile: frame 118620 t+2049210ms  win[N=60 min=13.6ms mean=16.6ms max=19.9ms] over[16ms=48 50ms=0 100ms=0 250ms=0]
05-18 12:07:11.435 11901 11918 I wasm_android_host::pr..: wandr-profile: frame 118680 t+2050211ms  win[N=60 min=14.4ms mean=16.6ms max=19.2ms] over[16ms=42 50ms=0 100ms=0 250ms=0]
05-18 12:07:12.433 11901 11918 I wasm_android_host::pr..: wandr-profile: frame 118740 t+2051208ms  win[N=60 min=13.9ms mean=16.6ms max=20.1ms] over[16ms=46 50ms=0 100ms=0 250ms=0]
05-18 12:07:13.430 11901 11918 I wasm_android_host::pr..: wandr-profile: frame 118800 t+2052206ms  win[N=60 min=14.6ms mean=16.6ms max=18.7ms] over[16ms=44 50ms=0 100ms=0 250ms=0]
05-18 12:07:14.428 11901 11918 I wasm_android_host::pr..: wandr-profile: frame 118860 t+2053204ms  win[N=60 min=13.9ms mean=16.6ms max=20.1ms] over[16ms=43 50ms=0 100ms=0 250ms=0]
05-18 12:07:15.427 11901 11918 I wasm_android_host::pr..: wandr-profile: frame 118920 t+2054203ms  win[N=60 min=14.0ms mean=16.6ms max=18.9ms] over[16ms=47 50ms=0 100ms=0 250ms=0]
05-18 12:07:16.424 11901 11918 I wasm_android_host::pr..: wandr-profile: frame 118980 t+2055199ms  win[N=60 min=14.4ms mean=16.5ms max=20.0ms] over[16ms=47 50ms=0 100ms=0 250ms=0]
05-18 12:07:17.422 11901 11918 I wasm_android_host::pr..: wandr-profile: frame 119040 t+2056198ms  win[N=60 min=14.0ms mean=16.6ms max=19.3ms] over[16ms=42 50ms=0 100ms=0 250ms=0]
05-18 12:07:18.420 11901 11918 I wasm_android_host::pr..: wandr-profile: frame 119100 t+2057196ms  win[N=60 min=14.5ms mean=16.6ms max=18.9ms] over[16ms=48 50ms=0 100ms=0 250ms=0]
05-18 12:07:19.419 11901 11918 I wasm_android_host::pr..: wandr-profile: frame 119160 t+2058195ms  win[N=60 min=12.6ms mean=16.6ms max=20.7ms] over[16ms=37 50ms=0 100ms=0 250ms=0]
05-18 12:07:20.417 11901 11918 I wasm_android_host::pr..: wandr-profile: frame 119220 t+2059193ms  win[N=60 min=13.1ms mean=16.6ms max=20.0ms] over[16ms=41 50ms=0 100ms=0 250ms=0]
05-18 12:07:21.416 11901 11918 I wasm_android_host::pr..: wandr-profile: frame 119280 t+2060191ms  win[N=60 min=12.9ms mean=16.6ms max=20.1ms] over[16ms=42 50ms=0 100ms=0 250ms=0]
05-18 12:07:22.414 11901 11918 I wasm_android_host::pr..: wandr-profile: frame 119340 t+2061190ms  win[N=60 min=13.6ms mean=16.6ms max=19.5ms] over[16ms=46 50ms=0 100ms=0 250ms=0]
05-18 12:07:23.413 11901 11918 I wasm_android_host::pr..: wandr-profile: frame 119400 t+2062188ms  win[N=60 min=14.3ms mean=16.6ms max=19.7ms] over[16ms=41 50ms=0 100ms=0 250ms=0]
05-18 12:07:24.412 11901 11918 I wasm_android_host::pr..: wandr-profile: frame 119460 t+2063188ms  win[N=60 min=13.5ms mean=16.6ms max=20.4ms] over[16ms=41 50ms=0 100ms=0 250ms=0]
05-18 12:07:25.410 11901 11918 I wasm_android_host::pr..: wandr-profile: frame 119520 t+2064186ms  win[N=60 min=14.5ms mean=16.6ms max=19.6ms] over[16ms=41 50ms=0 100ms=0 250ms=0]
05-18 12:07:26.409 11901 11918 I wasm_android_host::pr..: wandr-profile: frame 119580 t+2065184ms  win[N=60 min=13.3ms mean=16.6ms max=20.5ms] over[16ms=45 50ms=0 100ms=0 250ms=0]
05-18 12:07:27.405 11901 11918 I wasm_android_host::pr..: wandr-profile: frame 119640 t+2066181ms  win[N=60 min=14.7ms mean=16.5ms max=18.8ms] over[16ms=46 50ms=0 100ms=0 250ms=0]
05-18 12:07:28.404 11901 11918 I wasm_android_host::pr..: wandr-profile: frame 119700 t+2067180ms  win[N=60 min=14.0ms mean=16.6ms max=20.5ms] over[16ms=45 50ms=0 100ms=0 250ms=0]
05-18 12:07:29.402 11901 11918 I wasm_android_host::pr..: wandr-profile: frame 119760 t+2068178ms  win[N=60 min=14.2ms mean=16.6ms max=19.2ms] over[16ms=45 50ms=0 100ms=0 250ms=0]
05-18 12:07:30.400 11901 11918 I wasm_android_host::pr..: wandr-profile: frame 119820 t+2069176ms  win[N=60 min=14.2ms mean=16.6ms max=19.7ms] over[16ms=47 50ms=0 100ms=0 250ms=0]
05-18 12:07:31.399 11901 11918 I wasm_android_host::pr..: wandr-profile: frame 119880 t+2070174ms  win[N=60 min=13.8ms mean=16.6ms max=19.6ms] over[16ms=42 50ms=0 100ms=0 250ms=0]
05-18 12:07:32.397 11901 11918 I wasm_android_host::pr..: wandr-profile: frame 119940 t+2071172ms  win[N=60 min=13.7ms mean=16.6ms max=20.6ms] over[16ms=41 50ms=0 100ms=0 250ms=0]
05-18 12:07:33.413 11901 11918 I wasm_android_host::pr..: wandr-profile: frame 120000 t+2072189ms  win[N=60 min=14.6ms mean=16.9ms max=31.1ms] over[16ms=44 50ms=0 100ms=0 250ms=0]
05-18 12:07:34.412 11901 11918 I wasm_android_host::pr..: wandr-profile: frame 120060 t+2073187ms  win[N=60 min=14.6ms mean=16.6ms max=20.0ms] over[16ms=48 50ms=0 100ms=0 250ms=0]
05-18 12:07:35.426 11901 11918 I wasm_android_host::pr..: wandr-profile: frame 120120 t+2074201ms  win[N=60 min=11.0ms mean=16.8ms max=36.7ms] over[16ms=42 50ms=0 100ms=0 250ms=0]
05-18 12:07:36.423 11901 11918 I wasm_android_host::pr..: wandr-profile: frame 120180 t+2075199ms  win[N=60 min=12.8ms mean=16.6ms max=20.7ms] over[16ms=44 50ms=0 100ms=0 250ms=0]
05-18 12:07:37.421 11901 11918 I wasm_android_host::pr..: wandr-profile: frame 120240 t+2076197ms  win[N=60 min=13.6ms mean=16.6ms max=20.3ms] over[16ms=42 50ms=0 100ms=0 250ms=0]
05-18 12:07:38.420 11901 11918 I wasm_android_host::pr..: wandr-profile: frame 120300 t+2077195ms  win[N=60 min=14.7ms mean=16.6ms max=20.7ms] over[16ms=45 50ms=0 100ms=0 250ms=0]
05-18 12:07:39.434 11901 11918 I wasm_android_host::pr..: wandr-profile: frame 120360 t+2078210ms  win[N=60 min=13.2ms mean=16.8ms max=34.4ms] over[16ms=44 50ms=0 100ms=0 250ms=0]
05-18 12:07:40.433 11901 11918 I wasm_android_host::pr..: wandr-profile: frame 120420 t+2079208ms  win[N=60 min=14.6ms mean=16.6ms max=19.1ms] over[16ms=42 50ms=0 100ms=0 250ms=0]
05-18 12:07:41.432 11901 11918 I wasm_android_host::pr..: wandr-profile: frame 120480 t+2080208ms  win[N=60 min=13.6ms mean=16.6ms max=19.6ms] over[16ms=45 50ms=0 100ms=0 250ms=0]
05-18 12:07:42.430 11901 11918 I wasm_android_host::pr..: wandr-profile: frame 120540 t+2081206ms  win[N=60 min=14.4ms mean=16.6ms max=18.9ms] over[16ms=47 50ms=0 100ms=0 250ms=0]
05-18 12:07:43.429 11901 11918 I wasm_android_host::pr..: wandr-profile: frame 120600 t+2082204ms  win[N=60 min=12.6ms mean=16.6ms max=20.6ms] over[16ms=47 50ms=0 100ms=0 250ms=0]
05-18 12:07:44.442 11901 11918 I wasm_android_host::pr..: wandr-profile: frame 120660 t+2083218ms  win[N=60 min=13.8ms mean=16.8ms max=31.7ms] over[16ms=46 50ms=0 100ms=0 250ms=0]
05-18 12:07:45.440 11901 11918 I wasm_android_host::pr..: wandr-profile: frame 120720 t+2084216ms  win[N=60 min=14.0ms mean=16.6ms max=20.3ms] over[16ms=48 50ms=0 100ms=0 250ms=0]
05-18 12:07:46.438 11901 11918 I wasm_android_host::pr..: wandr-profile: frame 120780 t+2085214ms  win[N=60 min=14.4ms mean=16.6ms max=19.9ms] over[16ms=41 50ms=0 100ms=0 250ms=0]
05-18 12:07:47.439 11901 11918 I wasm_android_host::pr..: wandr-profile: frame 120840 t+2086214ms  win[N=60 min=14.2ms mean=16.6ms max=20.5ms] over[16ms=42 50ms=0 100ms=0 250ms=0]
05-18 12:07:48.435 11901 11918 I wasm_android_host::pr..: wandr-profile: frame 120900 t+2087211ms  win[N=60 min=13.9ms mean=16.5ms max=19.5ms] over[16ms=43 50ms=0 100ms=0 250ms=0]
05-18 12:07:49.434 11901 11918 I wasm_android_host::pr..: wandr-profile: frame 120960 t+2088209ms  win[N=60 min=14.8ms mean=16.6ms max=20.2ms] over[16ms=46 50ms=0 100ms=0 250ms=0]
05-18 12:07:50.449 11901 11918 I wasm_android_host::pr..: wandr-profile: frame 121020 t+2089225ms  win[N=60 min=14.1ms mean=16.9ms max=31.0ms] over[16ms=50 50ms=0 100ms=0 250ms=0]
05-18 12:07:51.446 11901 11918 I wasm_android_host::pr..: wandr-profile: frame 121080 t+2090222ms  win[N=60 min=13.1ms mean=16.5ms max=20.5ms] over[16ms=41 50ms=0 100ms=0 250ms=0]
05-18 12:07:52.445 11901 11918 I wasm_android_host::pr..: wandr-profile: frame 121140 t+2091220ms  win[N=60 min=13.6ms mean=16.6ms max=19.8ms] over[16ms=43 50ms=0 100ms=0 250ms=0]
05-18 12:07:53.443 11901 11918 I wasm_android_host::pr..: wandr-profile: frame 121200 t+2092219ms  win[N=60 min=14.7ms mean=16.6ms max=18.8ms] over[16ms=45 50ms=0 100ms=0 250ms=0]
05-18 12:07:54.441 11901 11918 I wasm_android_host::pr..: wandr-profile: frame 121260 t+2093217ms  win[N=60 min=14.0ms mean=16.6ms max=20.7ms] over[16ms=41 50ms=0 100ms=0 250ms=0]
05-18 12:07:55.439 11901 11918 I wasm_android_host::pr..: wandr-profile: frame 121320 t+2094215ms  win[N=60 min=13.1ms mean=16.6ms max=20.3ms] over[16ms=42 50ms=0 100ms=0 250ms=0]
05-18 12:07:56.438 11901 11918 I wasm_android_host::pr..: wandr-profile: frame 121380 t+2095213ms  win[N=60 min=13.5ms mean=16.6ms max=20.4ms] over[16ms=39 50ms=0 100ms=0 250ms=0]
05-18 12:07:57.436 11901 11918 I wasm_android_host::pr..: wandr-profile: frame 121440 t+2096211ms  win[N=60 min=14.6ms mean=16.6ms max=20.5ms] over[16ms=44 50ms=0 100ms=0 250ms=0]
05-18 12:07:58.436 11901 11918 I wasm_android_host::pr..: wandr-profile: frame 121500 t+2097212ms  win[N=60 min=13.5ms mean=16.6ms max=20.3ms] over[16ms=43 50ms=0 100ms=0 250ms=0]
05-18 12:07:59.432 11901 11918 I wasm_android_host::pr..: wandr-profile: frame 121560 t+2098208ms  win[N=60 min=13.1ms mean=16.5ms max=20.3ms] over[16ms=42 50ms=0 100ms=0 250ms=0]
05-18 12:08:00.432 11901 11918 I wasm_android_host::pr..: wandr-profile: frame 121620 t+2099208ms  win[N=60 min=14.5ms mean=16.6ms max=20.1ms] over[16ms=46 50ms=0 100ms=0 250ms=0]
05-18 12:08:01.430 11901 11918 I wasm_android_host::pr..: wandr-profile: frame 121680 t+2100206ms  win[N=60 min=14.0ms mean=16.6ms max=19.5ms] over[16ms=43 50ms=0 100ms=0 250ms=0]
05-18 12:08:02.429 11901 11918 I wasm_android_host::pr..: wandr-profile: frame 121740 t+2101204ms  win[N=60 min=13.3ms mean=16.6ms max=19.9ms] over[16ms=40 50ms=0 100ms=0 250ms=0]
05-18 12:08:03.442 11901 11918 I wasm_android_host::pr..: wandr-profile: frame 121800 t+2102218ms  win[N=60 min=14.0ms mean=16.8ms max=34.0ms] over[16ms=40 50ms=0 100ms=0 250ms=0]
05-18 12:08:04.440 11901 11918 I wasm_android_host::pr..: wandr-profile: frame 121860 t+2103216ms  win[N=60 min=14.1ms mean=16.6ms max=20.6ms] over[16ms=43 50ms=0 100ms=0 250ms=0]
05-18 12:08:05.439 11901 11918 I wasm_android_host::pr..: wandr-profile: frame 121920 t+2104214ms  win[N=60 min=14.2ms mean=16.6ms max=19.9ms] over[16ms=41 50ms=0 100ms=0 250ms=0]
05-18 12:08:06.437 11901 11918 I wasm_android_host::pr..: wandr-profile: frame 121980 t+2105213ms  win[N=60 min=13.2ms mean=16.6ms max=21.8ms] over[16ms=45 50ms=0 100ms=0 250ms=0]
05-18 12:08:07.435 11901 11918 I wasm_android_host::pr..: wandr-profile: frame 122040 t+2106211ms  win[N=60 min=13.6ms mean=16.6ms max=19.6ms] over[16ms=45 50ms=0 100ms=0 250ms=0]
05-18 12:08:08.434 11901 11918 I wasm_android_host::pr..: wandr-profile: frame 122100 t+2107209ms  win[N=60 min=13.8ms mean=16.6ms max=20.3ms] over[16ms=48 50ms=0 100ms=0 250ms=0]
05-18 12:08:09.450 11901 11918 I wasm_android_host::pr..: wandr-profile: frame 122160 t+2108226ms  win[N=60 min=11.3ms mean=16.9ms max=35.7ms] over[16ms=42 50ms=0 100ms=0 250ms=0]
05-18 12:08:10.448 11901 11918 I wasm_android_host::pr..: wandr-profile: frame 122220 t+2109224ms  win[N=60 min=13.4ms mean=16.6ms max=20.6ms] over[16ms=46 50ms=0 100ms=0 250ms=0]
05-18 12:08:11.445 11901 11918 I wasm_android_host::pr..: wandr-profile: frame 122280 t+2110221ms  win[N=60 min=14.5ms mean=16.5ms max=18.7ms] over[16ms=46 50ms=0 100ms=0 250ms=0]
05-18 12:08:12.444 11901 11918 I wasm_android_host::pr..: wandr-profile: frame 122340 t+2111219ms  win[N=60 min=14.4ms mean=16.6ms max=20.8ms] over[16ms=45 50ms=0 100ms=0 250ms=0]
05-18 12:08:13.459 11901 11918 I wasm_android_host::pr..: wandr-profile: frame 122400 t+2112235ms  win[N=60 min=13.7ms mean=16.9ms max=33.1ms] over[16ms=43 50ms=0 100ms=0 250ms=0]
05-18 12:08:14.458 11901 11918 I wasm_android_host::pr..: wandr-profile: frame 122460 t+2113234ms  win[N=60 min=12.6ms mean=16.6ms max=20.8ms] over[16ms=42 50ms=0 100ms=0 250ms=0]
05-18 12:08:15.475 11901 11918 I wasm_android_host::pr..: wandr-profile: frame 122520 t+2114251ms  win[N=60 min=14.0ms mean=16.9ms max=35.8ms] over[16ms=42 50ms=0 100ms=0 250ms=0]
05-18 12:08:16.471 11901 11918 I wasm_android_host::pr..: wandr-profile: frame 122580 t+2115247ms  win[N=60 min=14.1ms mean=16.5ms max=18.3ms] over[16ms=47 50ms=0 100ms=0 250ms=0]
05-18 12:08:17.469 11901 11918 I wasm_android_host::pr..: wandr-profile: frame 122640 t+2116245ms  win[N=60 min=14.2ms mean=16.6ms max=20.0ms] over[16ms=47 50ms=0 100ms=0 250ms=0]
05-18 12:08:18.467 11901 11918 I wasm_android_host::pr..: wandr-profile: frame 122700 t+2117243ms  win[N=60 min=12.3ms mean=16.6ms max=21.1ms] over[16ms=40 50ms=0 100ms=0 250ms=0]
05-18 12:08:19.481 11901 11918 I wasm_android_host::pr..: wandr-profile: frame 122760 t+2118257ms  win[N=60 min=12.5ms mean=16.8ms max=34.7ms] over[16ms=44 50ms=0 100ms=0 250ms=0]
05-18 12:08:20.479 11901 11918 I wasm_android_host::pr..: wandr-profile: frame 122820 t+2119255ms  win[N=60 min=14.1ms mean=16.6ms max=20.8ms] over[16ms=42 50ms=0 100ms=0 250ms=0]
05-18 12:08:21.478 11901 11918 I wasm_android_host::pr..: wandr-profile: frame 122880 t+2120253ms  win[N=60 min=14.5ms mean=16.6ms max=20.5ms] over[16ms=45 50ms=0 100ms=0 250ms=0]
05-18 12:08:22.476 11901 11918 I wasm_android_host::pr..: wandr-profile: frame 122940 t+2121251ms  win[N=60 min=14.0ms mean=16.6ms max=19.7ms] over[16ms=40 50ms=0 100ms=0 250ms=0]
05-18 12:08:23.474 11901 11918 I wasm_android_host::pr..: wandr-profile: frame 123000 t+2122250ms  win[N=60 min=14.8ms mean=16.6ms max=19.5ms] over[16ms=49 50ms=0 100ms=0 250ms=0]
05-18 12:08:24.473 11901 11918 I wasm_android_host::pr..: wandr-profile: frame 123060 t+2123249ms  win[N=60 min=14.0ms mean=16.6ms max=18.9ms] over[16ms=43 50ms=0 100ms=0 250ms=0]
05-18 12:08:25.471 11901 11918 I wasm_android_host::pr..: wandr-profile: frame 123120 t+2124247ms  win[N=60 min=13.9ms mean=16.6ms max=20.8ms] over[16ms=44 50ms=0 100ms=0 250ms=0]
05-18 12:08:26.487 11901 11918 I wasm_android_host::pr..: wandr-profile: frame 123180 t+2125263ms  win[N=60 min=12.3ms mean=16.9ms max=33.9ms] over[16ms=45 50ms=0 100ms=0 250ms=0]
05-18 12:08:27.484 11901 11918 I wasm_android_host::pr..: wandr-profile: frame 123240 t+2126259ms  win[N=60 min=14.5ms mean=16.5ms max=19.8ms] over[16ms=47 50ms=0 100ms=0 250ms=0]
05-18 12:08:28.499 11901 11918 I wasm_android_host::pr..: wandr-profile: frame 123300 t+2127274ms  win[N=60 min=11.3ms mean=16.9ms max=30.6ms] over[16ms=42 50ms=0 100ms=0 250ms=0]
05-18 12:08:29.501 11901 11918 I wasm_android_host::pr..: wandr-profile: frame 123360 t+2128277ms  win[N=60 min=13.6ms mean=16.6ms max=20.3ms] over[16ms=47 50ms=0 100ms=0 250ms=0]
05-18 12:08:30.495 11901 11918 I wasm_android_host::pr..: wandr-profile: frame 123420 t+2129271ms  win[N=60 min=12.9ms mean=16.5ms max=19.5ms] over[16ms=44 50ms=0 100ms=0 250ms=0]
05-18 12:08:31.494 11901 11918 I wasm_android_host::pr..: wandr-profile: frame 123480 t+2130269ms  win[N=60 min=13.7ms mean=16.6ms max=20.8ms] over[16ms=44 50ms=0 100ms=0 250ms=0]
05-18 12:08:32.492 11901 11918 I wasm_android_host::pr..: wandr-profile: frame 123540 t+2131268ms  win[N=60 min=14.2ms mean=16.6ms max=19.6ms] over[16ms=40 50ms=0 100ms=0 250ms=0]
05-18 12:08:33.492 11901 11918 I wasm_android_host::pr..: wandr-profile: frame 123600 t+2132268ms  win[N=60 min=12.4ms mean=16.6ms max=20.4ms] over[16ms=46 50ms=0 100ms=0 250ms=0]
05-18 12:08:34.490 11901 11918 I wasm_android_host::pr..: wandr-profile: frame 123660 t+2133266ms  win[N=60 min=13.8ms mean=16.6ms max=19.5ms] over[16ms=40 50ms=0 100ms=0 250ms=0]
05-18 12:08:35.488 11901 11918 I wasm_android_host::pr..: wandr-profile: frame 123720 t+2134264ms  win[N=60 min=14.7ms mean=16.6ms max=19.1ms] over[16ms=47 50ms=0 100ms=0 250ms=0]
05-18 12:08:36.485 11901 11918 I wasm_android_host::pr..: wandr-profile: frame 123780 t+2135261ms  win[N=60 min=14.7ms mean=16.5ms max=18.5ms] over[16ms=47 50ms=0 100ms=0 250ms=0]
05-18 12:08:37.483 11901 11918 I wasm_android_host::pr..: wandr-profile: frame 123840 t+2136259ms  win[N=60 min=14.0ms mean=16.6ms max=20.8ms] over[16ms=42 50ms=0 100ms=0 250ms=0]
05-18 12:08:38.482 11901 11918 I wasm_android_host::pr..: wandr-profile: frame 123900 t+2137258ms  win[N=60 min=14.1ms mean=16.6ms max=19.2ms] over[16ms=41 50ms=0 100ms=0 250ms=0]
05-18 12:08:39.480 11901 11918 I wasm_android_host::pr..: wandr-profile: frame 123960 t+2138256ms  win[N=60 min=14.8ms mean=16.6ms max=20.1ms] over[16ms=46 50ms=0 100ms=0 250ms=0]
05-18 12:08:40.478 11901 11918 I wasm_android_host::pr..: wandr-profile: frame 124020 t+2139254ms  win[N=60 min=14.4ms mean=16.6ms max=19.5ms] over[16ms=45 50ms=0 100ms=0 250ms=0]
05-18 12:08:41.477 11901 11918 I wasm_android_host::pr..: wandr-profile: frame 124080 t+2140252ms  win[N=60 min=14.3ms mean=16.6ms max=19.9ms] over[16ms=43 50ms=0 100ms=0 250ms=0]
05-18 12:08:42.475 11901 11918 I wasm_android_host::pr..: wandr-profile: frame 124140 t+2141251ms  win[N=60 min=14.2ms mean=16.6ms max=18.9ms] over[16ms=45 50ms=0 100ms=0 250ms=0]
05-18 12:08:43.473 11901 11918 I wasm_android_host::pr..: wandr-profile: frame 124200 t+2142249ms  win[N=60 min=14.3ms mean=16.6ms max=20.6ms] over[16ms=43 50ms=0 100ms=0 250ms=0]
05-18 12:08:44.473 11901 11918 I wasm_android_host::pr..: wandr-profile: frame 124260 t+2143249ms  win[N=60 min=13.4ms mean=16.6ms max=20.1ms] over[16ms=44 50ms=0 100ms=0 250ms=0]
05-18 12:08:45.471 11901 11918 I wasm_android_host::pr..: wandr-profile: frame 124320 t+2144247ms  win[N=60 min=14.7ms mean=16.6ms max=20.0ms] over[16ms=46 50ms=0 100ms=0 250ms=0]
05-18 12:08:46.469 11901 11918 I wasm_android_host::pr..: wandr-profile: frame 124380 t+2145245ms  win[N=60 min=13.9ms mean=16.6ms max=19.8ms] over[16ms=48 50ms=0 100ms=0 250ms=0]
05-18 12:08:47.468 11901 11918 I wasm_android_host::pr..: wandr-profile: frame 124440 t+2146243ms  win[N=60 min=13.3ms mean=16.6ms max=19.6ms] over[16ms=44 50ms=0 100ms=0 250ms=0]
05-18 12:08:48.464 11901 11918 I wasm_android_host::pr..: wandr-profile: frame 124500 t+2147240ms  win[N=60 min=14.3ms mean=16.5ms max=20.2ms] over[16ms=47 50ms=0 100ms=0 250ms=0]
05-18 12:08:49.463 11901 11918 I wasm_android_host::pr..: wandr-profile: frame 124560 t+2148239ms  win[N=60 min=12.4ms mean=16.6ms max=20.8ms] over[16ms=40 50ms=0 100ms=0 250ms=0]
05-18 12:08:50.461 11901 11918 I wasm_android_host::pr..: wandr-profile: frame 124620 t+2149237ms  win[N=60 min=14.1ms mean=16.6ms max=20.2ms] over[16ms=43 50ms=0 100ms=0 250ms=0]
05-18 12:08:51.459 11901 11918 I wasm_android_host::pr..: wandr-profile: frame 124680 t+2150235ms  win[N=60 min=14.8ms mean=16.6ms max=18.6ms] over[16ms=43 50ms=0 100ms=0 250ms=0]
05-18 12:08:52.474 11901 11918 I wasm_android_host::pr..: wandr-profile: frame 124740 t+2151250ms  win[N=60 min=11.6ms mean=16.9ms max=30.7ms] over[16ms=48 50ms=0 100ms=0 250ms=0]
05-18 12:08:53.473 11901 11918 I wasm_android_host::pr..: wandr-profile: frame 124800 t+2152249ms  win[N=60 min=14.8ms mean=16.6ms max=20.1ms] over[16ms=43 50ms=0 100ms=0 250ms=0]
05-18 12:08:54.473 11901 11918 I wasm_android_host::pr..: wandr-profile: frame 124860 t+2153249ms  win[N=60 min=14.9ms mean=16.6ms max=20.1ms] over[16ms=41 50ms=0 100ms=0 250ms=0]
05-18 12:08:55.470 11901 11918 I wasm_android_host::pr..: wandr-profile: frame 124920 t+2154246ms  win[N=60 min=14.3ms mean=16.6ms max=18.8ms] over[16ms=41 50ms=0 100ms=0 250ms=0]
05-18 12:08:56.470 11901 11918 I wasm_android_host::pr..: wandr-profile: frame 124980 t+2155245ms  win[N=60 min=14.1ms mean=16.6ms max=20.5ms] over[16ms=45 50ms=0 100ms=0 250ms=0]
05-18 12:08:57.466 11901 11918 I wasm_android_host::pr..: wandr-profile: frame 125040 t+2156242ms  win[N=60 min=14.3ms mean=16.5ms max=19.2ms] over[16ms=40 50ms=0 100ms=0 250ms=0]
05-18 12:08:58.464 11901 11918 I wasm_android_host::pr..: wandr-profile: frame 125100 t+2157240ms  win[N=60 min=14.1ms mean=16.6ms max=20.2ms] over[16ms=45 50ms=0 100ms=0 250ms=0]
05-18 12:08:59.479 11901 11918 I wasm_android_host::pr..: wandr-profile: frame 125160 t+2158255ms  win[N=60 min=12.1ms mean=16.8ms max=34.4ms] over[16ms=39 50ms=0 100ms=0 250ms=0]
05-18 12:09:00.478 11901 11918 I wasm_android_host::pr..: wandr-profile: frame 125220 t+2159253ms  win[N=60 min=13.7ms mean=16.6ms max=20.2ms] over[16ms=43 50ms=0 100ms=0 250ms=0]
05-18 12:09:01.476 11901 11918 I wasm_android_host::pr..: wandr-profile: frame 125280 t+2160252ms  win[N=60 min=14.3ms mean=16.6ms max=19.9ms] over[16ms=42 50ms=0 100ms=0 250ms=0]
05-18 12:09:02.474 11901 11918 I wasm_android_host::pr..: wandr-profile: frame 125340 t+2161249ms  win[N=60 min=14.0ms mean=16.6ms max=20.5ms] over[16ms=45 50ms=0 100ms=0 250ms=0]
05-18 12:09:03.474 11901 11918 I wasm_android_host::pr..: wandr-profile: frame 125400 t+2162250ms  win[N=60 min=14.1ms mean=16.6ms max=18.9ms] over[16ms=45 50ms=0 100ms=0 250ms=0]
05-18 12:09:04.472 11901 11918 I wasm_android_host::pr..: wandr-profile: frame 125460 t+2163248ms  win[N=60 min=14.0ms mean=16.6ms max=20.5ms] over[16ms=48 50ms=0 100ms=0 250ms=0]
05-18 12:09:05.470 11901 11918 I wasm_android_host::pr..: wandr-profile: frame 125520 t+2164246ms  win[N=60 min=13.0ms mean=16.6ms max=20.2ms] over[16ms=43 50ms=0 100ms=0 250ms=0]
05-18 12:09:06.469 11901 11918 I wasm_android_host::pr..: wandr-profile: frame 125580 t+2165244ms  win[N=60 min=14.8ms mean=16.6ms max=19.9ms] over[16ms=46 50ms=0 100ms=0 250ms=0]
05-18 12:09:07.466 11901 11918 I wasm_android_host::pr..: wandr-profile: frame 125640 t+2166241ms  win[N=60 min=14.1ms mean=16.6ms max=19.9ms] over[16ms=34 50ms=0 100ms=0 250ms=0]
05-18 12:09:08.464 11901 11918 I wasm_android_host::pr..: wandr-profile: frame 125700 t+2167240ms  win[N=60 min=14.6ms mean=16.6ms max=20.4ms] over[16ms=45 50ms=0 100ms=0 250ms=0]
05-18 12:09:09.462 11901 11918 I wasm_android_host::pr..: wandr-profile: frame 125760 t+2168238ms  win[N=60 min=13.5ms mean=16.6ms max=20.0ms] over[16ms=44 50ms=0 100ms=0 250ms=0]
05-18 12:09:10.460 11901 11918 I wasm_android_host::pr..: wandr-profile: frame 125820 t+2169236ms  win[N=60 min=13.4ms mean=16.6ms max=19.9ms] over[16ms=45 50ms=0 100ms=0 250ms=0]
05-18 12:09:11.475 11901 11918 I wasm_android_host::pr..: wandr-profile: frame 125880 t+2170251ms  win[N=60 min=13.7ms mean=16.9ms max=32.8ms] over[16ms=49 50ms=0 100ms=0 250ms=0]
05-18 12:09:12.474 11901 11918 I wasm_android_host::pr..: wandr-profile: frame 125940 t+2171250ms  win[N=60 min=13.3ms mean=16.6ms max=20.3ms] over[16ms=42 50ms=0 100ms=0 250ms=0]
05-18 12:09:13.475 11901 11918 I wasm_android_host::pr..: wandr-profile: frame 126000 t+2172251ms  win[N=60 min=14.0ms mean=16.6ms max=19.3ms] over[16ms=42 50ms=0 100ms=0 250ms=0]
05-18 12:09:14.472 11901 11918 I wasm_android_host::pr..: wandr-profile: frame 126060 t+2173248ms  win[N=60 min=13.3ms mean=16.5ms max=20.5ms] over[16ms=41 50ms=0 100ms=0 250ms=0]
05-18 12:09:15.470 11901 11918 I wasm_android_host::pr..: wandr-profile: frame 126120 t+2174246ms  win[N=60 min=14.2ms mean=16.6ms max=19.7ms] over[16ms=42 50ms=0 100ms=0 250ms=0]
05-18 12:09:16.468 11901 11918 I wasm_android_host::pr..: wandr-profile: frame 126180 t+2175244ms  win[N=60 min=14.4ms mean=16.6ms max=20.3ms] over[16ms=39 50ms=0 100ms=0 250ms=0]
05-18 12:09:17.482 11901 11918 I wasm_android_host::pr..: wandr-profile: frame 126240 t+2176258ms  win[N=60 min=14.7ms mean=16.8ms max=34.1ms] over[16ms=45 50ms=0 100ms=0 250ms=0]
05-18 12:09:18.480 11901 11918 I wasm_android_host::pr..: wandr-profile: frame 126300 t+2177256ms  win[N=60 min=14.4ms mean=16.6ms max=20.0ms] over[16ms=44 50ms=0 100ms=0 250ms=0]
05-18 12:09:19.481 11901 11918 I wasm_android_host::pr..: wandr-profile: frame 126360 t+2178257ms  win[N=60 min=13.9ms mean=16.6ms max=20.0ms] over[16ms=48 50ms=0 100ms=0 250ms=0]
05-18 12:09:20.478 11901 11918 I wasm_android_host::pr..: wandr-profile: frame 126420 t+2179254ms  win[N=60 min=12.8ms mean=16.5ms max=20.5ms] over[16ms=40 50ms=0 100ms=0 250ms=0]
05-18 12:09:21.475 11901 11918 I wasm_android_host::pr..: wandr-profile: frame 126480 t+2180251ms  win[N=60 min=13.6ms mean=16.5ms max=19.5ms] over[16ms=41 50ms=0 100ms=0 250ms=0]
05-18 12:09:22.473 11901 11918 I wasm_android_host::pr..: wandr-profile: frame 126540 t+2181249ms  win[N=60 min=14.3ms mean=16.6ms max=20.4ms] over[16ms=46 50ms=0 100ms=0 250ms=0]
05-18 12:09:23.473 11901 11918 I wasm_android_host::pr..: wandr-profile: frame 126600 t+2182249ms  win[N=60 min=13.4ms mean=16.6ms max=19.8ms] over[16ms=44 50ms=0 100ms=0 250ms=0]
05-18 12:09:24.472 11901 11918 I wasm_android_host::pr..: wandr-profile: frame 126660 t+2183247ms  win[N=60 min=13.7ms mean=16.6ms max=20.5ms] over[16ms=43 50ms=0 100ms=0 250ms=0]
05-18 12:09:25.485 11901 11918 I wasm_android_host::pr..: wandr-profile: frame 126720 t+2184261ms  win[N=60 min=14.1ms mean=16.8ms max=33.9ms] over[16ms=44 50ms=0 100ms=0 250ms=0]
05-18 12:09:26.483 11901 11918 I wasm_android_host::pr..: wandr-profile: frame 126780 t+2185259ms  win[N=60 min=13.6ms mean=16.6ms max=19.5ms] over[16ms=37 50ms=0 100ms=0 250ms=0]
05-18 12:09:27.498 11901 11918 I wasm_android_host::pr..: wandr-profile: frame 126840 t+2186274ms  win[N=60 min=13.7ms mean=16.8ms max=33.7ms] over[16ms=40 50ms=0 100ms=0 250ms=0]
05-18 12:09:28.497 11901 11918 I wasm_android_host::pr..: wandr-profile: frame 126900 t+2187272ms  win[N=60 min=14.0ms mean=16.6ms max=20.8ms] over[16ms=46 50ms=0 100ms=0 250ms=0]
05-18 12:09:29.498 11901 11918 I wasm_android_host::pr..: wandr-profile: frame 126960 t+2188274ms  win[N=60 min=14.4ms mean=16.6ms max=19.6ms] over[16ms=46 50ms=0 100ms=0 250ms=0]
05-18 12:09:30.493 11901 11918 I wasm_android_host::pr..: wandr-profile: frame 127020 t+2189269ms  win[N=60 min=14.6ms mean=16.5ms max=20.4ms] over[16ms=44 50ms=0 100ms=0 250ms=0]
05-18 12:09:31.509 11901 11918 I wasm_android_host::pr..: wandr-profile: frame 127080 t+2190285ms  win[N=60 min=14.1ms mean=16.9ms max=33.1ms] over[16ms=42 50ms=0 100ms=0 250ms=0]
05-18 12:09:32.508 11901 11918 I wasm_android_host::pr..: wandr-profile: frame 127140 t+2191283ms  win[N=60 min=12.4ms mean=16.6ms max=20.6ms] over[16ms=43 50ms=0 100ms=0 250ms=0]
05-18 12:09:33.504 11901 11918 I wasm_android_host::pr..: wandr-profile: frame 127200 t+2192280ms  win[N=60 min=13.6ms mean=16.5ms max=19.9ms] over[16ms=44 50ms=0 100ms=0 250ms=0]
05-18 12:09:34.503 11901 11918 I wasm_android_host::pr..: wandr-profile: frame 127260 t+2193278ms  win[N=60 min=14.8ms mean=16.6ms max=18.7ms] over[16ms=43 50ms=0 100ms=0 250ms=0]
05-18 12:09:35.501 11901 11918 I wasm_android_host::pr..: wandr-profile: frame 127320 t+2194277ms  win[N=60 min=14.4ms mean=16.6ms max=18.9ms] over[16ms=49 50ms=0 100ms=0 250ms=0]
05-18 12:09:36.499 11901 11918 I wasm_android_host::pr..: wandr-profile: frame 127380 t+2195275ms  win[N=60 min=14.3ms mean=16.6ms max=20.6ms] over[16ms=43 50ms=0 100ms=0 250ms=0]
05-18 12:09:37.498 11901 11918 I wasm_android_host::pr..: wandr-profile: frame 127440 t+2196273ms  win[N=60 min=13.3ms mean=16.6ms max=20.1ms] over[16ms=42 50ms=0 100ms=0 250ms=0]
05-18 12:09:38.498 11901 11918 I wasm_android_host::pr..: wandr-profile: frame 127500 t+2197274ms  win[N=60 min=14.3ms mean=16.6ms max=19.1ms] over[16ms=41 50ms=0 100ms=0 250ms=0]
05-18 12:09:39.494 11901 11918 I wasm_android_host::pr..: wandr-profile: frame 127560 t+2198270ms  win[N=60 min=14.4ms mean=16.5ms max=20.2ms] over[16ms=47 50ms=0 100ms=0 250ms=0]
05-18 12:09:40.494 11901 11918 I wasm_android_host::pr..: wandr-profile: frame 127620 t+2199270ms  win[N=60 min=14.4ms mean=16.6ms max=19.7ms] over[16ms=43 50ms=0 100ms=0 250ms=0]
05-18 12:09:41.492 11901 11918 I wasm_android_host::pr..: wandr-profile: frame 127680 t+2200268ms  win[N=60 min=13.8ms mean=16.6ms max=20.5ms] over[16ms=42 50ms=0 100ms=0 250ms=0]
05-18 12:09:42.506 11901 11918 I wasm_android_host::pr..: wandr-profile: frame 127740 t+2201281ms  win[N=60 min=11.3ms mean=16.8ms max=35.9ms] over[16ms=44 50ms=0 100ms=0 250ms=0]
05-18 12:09:43.504 11901 11918 I wasm_android_host::pr..: wandr-profile: frame 127800 t+2202279ms  win[N=60 min=14.0ms mean=16.6ms max=20.5ms] over[16ms=42 50ms=0 100ms=0 250ms=0]
05-18 12:09:44.519 11901 11918 I wasm_android_host::pr..: wandr-profile: frame 127860 t+2203294ms  win[N=60 min=14.2ms mean=16.9ms max=35.9ms] over[16ms=39 50ms=0 100ms=0 250ms=0]
05-18 12:09:45.518 11901 11918 I wasm_android_host::pr..: wandr-profile: frame 127920 t+2204294ms  win[N=60 min=13.6ms mean=16.6ms max=20.4ms] over[16ms=43 50ms=0 100ms=0 250ms=0]
05-18 12:09:46.515 11901 11918 I wasm_android_host::pr..: wandr-profile: frame 127980 t+2205291ms  win[N=60 min=14.3ms mean=16.5ms max=19.1ms] over[16ms=45 50ms=0 100ms=0 250ms=0]
05-18 12:09:47.514 11901 11918 I wasm_android_host::pr..: wandr-profile: frame 128040 t+2206289ms  win[N=60 min=13.7ms mean=16.6ms max=20.3ms] over[16ms=45 50ms=0 100ms=0 250ms=0]
05-18 12:09:48.512 11901 11918 I wasm_android_host::pr..: wandr-profile: frame 128100 t+2207288ms  win[N=60 min=13.0ms mean=16.6ms max=20.4ms] over[16ms=43 50ms=0 100ms=0 250ms=0]
05-18 12:09:49.512 11901 11918 I wasm_android_host::pr..: wandr-profile: frame 128160 t+2208288ms  win[N=60 min=14.4ms mean=16.6ms max=20.2ms] over[16ms=46 50ms=0 100ms=0 250ms=0]
05-18 12:09:50.510 11901 11918 I wasm_android_host::pr..: wandr-profile: frame 128220 t+2209286ms  win[N=60 min=14.2ms mean=16.6ms max=19.4ms] over[16ms=43 50ms=0 100ms=0 250ms=0]
05-18 12:09:51.508 11901 11918 I wasm_android_host::pr..: wandr-profile: frame 128280 t+2210284ms  win[N=60 min=13.1ms mean=16.6ms max=20.1ms] over[16ms=41 50ms=0 100ms=0 250ms=0]
05-18 12:09:52.521 11901 11918 I wasm_android_host::pr..: wandr-profile: frame 128340 t+2211297ms  win[N=60 min=14.6ms mean=16.8ms max=32.2ms] over[16ms=42 50ms=0 100ms=0 250ms=0]
05-18 12:09:53.520 11901 11918 I wasm_android_host::pr..: wandr-profile: frame 128400 t+2212296ms  win[N=60 min=14.4ms mean=16.6ms max=20.3ms] over[16ms=40 50ms=0 100ms=0 250ms=0]
05-18 12:09:54.518 11901 11918 I wasm_android_host::pr..: wandr-profile: frame 128460 t+2213294ms  win[N=60 min=14.2ms mean=16.6ms max=19.7ms] over[16ms=48 50ms=0 100ms=0 250ms=0]
05-18 12:09:55.516 11901 11918 I wasm_android_host::pr..: wandr-profile: frame 128520 t+2214292ms  win[N=60 min=13.2ms mean=16.6ms max=20.3ms] over[16ms=43 50ms=0 100ms=0 250ms=0]
05-18 12:09:56.533 11901 11918 I wasm_android_host::pr..: wandr-profile: frame 128580 t+2215309ms  win[N=60 min=13.2ms mean=16.9ms max=31.5ms] over[16ms=45 50ms=0 100ms=0 250ms=0]
05-18 12:09:57.531 11901 11918 I wasm_android_host::pr..: wandr-profile: frame 128640 t+2216307ms  win[N=60 min=12.9ms mean=16.6ms max=20.5ms] over[16ms=45 50ms=0 100ms=0 250ms=0]
05-18 12:09:58.529 11901 11918 I wasm_android_host::pr..: wandr-profile: frame 128700 t+2217305ms  win[N=60 min=14.1ms mean=16.6ms max=20.5ms] over[16ms=44 50ms=0 100ms=0 250ms=0]
05-18 12:09:59.527 11901 11918 I wasm_android_host::pr..: wandr-profile: frame 128760 t+2218303ms  win[N=60 min=12.6ms mean=16.6ms max=20.6ms] over[16ms=45 50ms=0 100ms=0 250ms=0]
05-18 12:10:00.541 11901 11918 I wasm_android_host::pr..: wandr-profile: frame 128820 t+2219317ms  win[N=60 min=13.8ms mean=16.8ms max=32.5ms] over[16ms=45 50ms=0 100ms=0 250ms=0]
05-18 12:10:01.539 11901 11918 I wasm_android_host::pr..: wandr-profile: frame 128880 t+2220315ms  win[N=60 min=13.4ms mean=16.6ms max=20.4ms] over[16ms=41 50ms=0 100ms=0 250ms=0]
05-18 12:10:02.539 11901 11918 I wasm_android_host::pr..: wandr-profile: frame 128940 t+2221315ms  win[N=60 min=14.0ms mean=16.6ms max=20.8ms] over[16ms=47 50ms=0 100ms=0 250ms=0]
05-18 12:10:03.538 11901 11918 I wasm_android_host::pr..: wandr-profile: frame 129000 t+2222314ms  win[N=60 min=14.8ms mean=16.6ms max=18.8ms] over[16ms=42 50ms=0 100ms=0 250ms=0]
05-18 12:10:04.535 11901 11918 I wasm_android_host::pr..: wandr-profile: frame 129060 t+2223310ms  win[N=60 min=13.5ms mean=16.5ms max=19.9ms] over[16ms=44 50ms=0 100ms=0 250ms=0]
05-18 12:10:05.533 11901 11918 I wasm_android_host::pr..: wandr-profile: frame 129120 t+2224309ms  win[N=60 min=14.8ms mean=16.6ms max=20.5ms] over[16ms=42 50ms=0 100ms=0 250ms=0]
05-18 12:10:06.549 11901 11918 I wasm_android_host::pr..: wandr-profile: frame 129180 t+2225325ms  win[N=60 min=11.2ms mean=16.9ms max=32.9ms] over[16ms=42 50ms=0 100ms=0 250ms=0]
05-18 12:10:07.548 11901 11918 I wasm_android_host::pr..: wandr-profile: frame 129240 t+2226324ms  win[N=60 min=12.7ms mean=16.6ms max=20.8ms] over[16ms=47 50ms=0 100ms=0 250ms=0]
05-18 12:10:08.545 11901 11918 I wasm_android_host::pr..: wandr-profile: frame 129300 t+2227320ms  win[N=60 min=14.4ms mean=16.5ms max=20.3ms] over[16ms=43 50ms=0 100ms=0 250ms=0]
05-18 12:10:09.543 11901 11918 I wasm_android_host::pr..: wandr-profile: frame 129360 t+2228319ms  win[N=60 min=14.3ms mean=16.6ms max=20.3ms] over[16ms=45 50ms=0 100ms=0 250ms=0]
05-18 12:10:10.541 11901 11918 I wasm_android_host::pr..: wandr-profile: frame 129420 t+2229317ms  win[N=60 min=14.0ms mean=16.6ms max=19.8ms] over[16ms=46 50ms=0 100ms=0 250ms=0]
05-18 12:10:11.540 11901 11918 I wasm_android_host::pr..: wandr-profile: frame 129480 t+2230315ms  win[N=60 min=14.5ms mean=16.6ms max=19.3ms] over[16ms=45 50ms=0 100ms=0 250ms=0]
05-18 12:10:12.541 11901 11918 I wasm_android_host::pr..: wandr-profile: frame 129540 t+2231317ms  win[N=60 min=13.8ms mean=16.6ms max=20.0ms] over[16ms=44 50ms=0 100ms=0 250ms=0]
05-18 12:10:13.538 11901 11918 I wasm_android_host::pr..: wandr-profile: frame 129600 t+2232314ms  win[N=60 min=12.9ms mean=16.6ms max=20.1ms] over[16ms=42 50ms=0 100ms=0 250ms=0]
05-18 12:10:14.535 11901 11918 I wasm_android_host::pr..: wandr-profile: frame 129660 t+2233311ms  win[N=60 min=14.0ms mean=16.5ms max=19.4ms] over[16ms=45 50ms=0 100ms=0 250ms=0]
05-18 12:10:15.535 11901 11918 I wasm_android_host::pr..: wandr-profile: frame 129720 t+2234310ms  win[N=60 min=13.6ms mean=16.6ms max=20.3ms] over[16ms=43 50ms=0 100ms=0 250ms=0]
05-18 12:10:16.533 11901 11918 I wasm_android_host::pr..: wandr-profile: frame 129780 t+2235308ms  win[N=60 min=14.5ms mean=16.6ms max=19.5ms] over[16ms=45 50ms=0 100ms=0 250ms=0]
05-18 12:10:17.531 11901 11918 I wasm_android_host::pr..: wandr-profile: frame 129840 t+2236307ms  win[N=60 min=13.1ms mean=16.6ms max=20.2ms] over[16ms=44 50ms=0 100ms=0 250ms=0]
05-18 12:10:18.529 11901 11918 I wasm_android_host::pr..: wandr-profile: frame 129900 t+2237305ms  win[N=60 min=14.5ms mean=16.6ms max=18.8ms] over[16ms=44 50ms=0 100ms=0 250ms=0]
05-18 12:10:19.528 11901 11918 I wasm_android_host::pr..: wandr-profile: frame 129960 t+2238304ms  win[N=60 min=13.1ms mean=16.6ms max=20.2ms] over[16ms=43 50ms=0 100ms=0 250ms=0]
05-18 12:10:20.525 11901 11918 I wasm_android_host::pr..: wandr-profile: frame 130020 t+2239301ms  win[N=60 min=13.9ms mean=16.6ms max=19.7ms] over[16ms=43 50ms=0 100ms=0 250ms=0]
05-18 12:10:21.523 11901 11918 I wasm_android_host::pr..: wandr-profile: frame 130080 t+2240299ms  win[N=60 min=14.3ms mean=16.6ms max=20.8ms] over[16ms=40 50ms=0 100ms=0 250ms=0]
05-18 12:10:22.521 11901 11918 I wasm_android_host::pr..: wandr-profile: frame 130140 t+2241297ms  win[N=60 min=13.9ms mean=16.6ms max=19.6ms] over[16ms=43 50ms=0 100ms=0 250ms=0]
05-18 12:10:23.520 11901 11918 I wasm_android_host::pr..: wandr-profile: frame 130200 t+2242295ms  win[N=60 min=14.5ms mean=16.6ms max=20.3ms] over[16ms=41 50ms=0 100ms=0 250ms=0]
05-18 12:10:24.534 11901 11918 I wasm_android_host::pr..: wandr-profile: frame 130260 t+2243310ms  win[N=60 min=11.9ms mean=16.8ms max=30.8ms] over[16ms=46 50ms=0 100ms=0 250ms=0]
05-18 12:10:25.533 11901 11918 I wasm_android_host::pr..: wandr-profile: frame 130320 t+2244309ms  win[N=60 min=12.6ms mean=16.6ms max=20.6ms] over[16ms=41 50ms=0 100ms=0 250ms=0]
05-18 12:10:26.550 11901 11918 I wasm_android_host::pr..: wandr-profile: frame 130380 t+2245325ms  win[N=60 min=13.5ms mean=16.9ms max=32.9ms] over[16ms=45 50ms=0 100ms=0 250ms=0]
05-18 12:10:27.548 11901 11918 I wasm_android_host::pr..: wandr-profile: frame 130440 t+2246323ms  win[N=60 min=14.3ms mean=16.6ms max=20.5ms] over[16ms=48 50ms=0 100ms=0 250ms=0]
05-18 12:10:28.546 11901 11918 I wasm_android_host::pr..: wandr-profile: frame 130500 t+2247322ms  win[N=60 min=13.4ms mean=16.6ms max=20.6ms] over[16ms=40 50ms=0 100ms=0 250ms=0]
05-18 12:10:29.543 11901 11918 I wasm_android_host::pr..: wandr-profile: frame 130560 t+2248319ms  win[N=60 min=14.3ms mean=16.5ms max=20.8ms] over[16ms=43 50ms=0 100ms=0 250ms=0]
05-18 12:10:30.541 11901 11918 I wasm_android_host::pr..: wandr-profile: frame 130620 t+2249317ms  win[N=60 min=13.6ms mean=16.6ms max=20.9ms] over[16ms=42 50ms=0 100ms=0 250ms=0]
05-18 12:10:31.540 11901 11918 I wasm_android_host::pr..: wandr-profile: frame 130680 t+2250315ms  win[N=60 min=13.3ms mean=16.6ms max=20.0ms] over[16ms=44 50ms=0 100ms=0 250ms=0]
05-18 12:10:32.555 11901 11918 I wasm_android_host::pr..: wandr-profile: frame 130740 t+2251331ms  win[N=60 min=14.0ms mean=16.9ms max=32.4ms] over[16ms=46 50ms=0 100ms=0 250ms=0]
05-18 12:10:33.553 11901 11918 I wasm_android_host::pr..: wandr-profile: frame 130800 t+2252329ms  win[N=60 min=14.2ms mean=16.6ms max=20.8ms] over[16ms=44 50ms=0 100ms=0 250ms=0]
05-18 12:10:34.570 11901 11918 I wasm_android_host::pr..: wandr-profile: frame 130860 t+2253345ms  win[N=60 min=14.0ms mean=16.9ms max=31.4ms] over[16ms=44 50ms=0 100ms=0 250ms=0]
05-18 12:10:35.568 11901 11918 I wasm_android_host::pr..: wandr-profile: frame 130920 t+2254344ms  win[N=60 min=13.4ms mean=16.6ms max=20.7ms] over[16ms=41 50ms=0 100ms=0 250ms=0]
05-18 12:10:36.582 11901 11918 I wasm_android_host::pr..: wandr-profile: frame 130980 t+2255357ms  win[N=60 min=11.3ms mean=16.8ms max=30.2ms] over[16ms=43 50ms=0 100ms=0 250ms=0]
05-18 12:10:37.580 11901 11918 I wasm_android_host::pr..: wandr-profile: frame 131040 t+2256356ms  win[N=60 min=13.5ms mean=16.6ms max=20.1ms] over[16ms=46 50ms=0 100ms=0 250ms=0]
05-18 12:10:38.579 11901 11918 I wasm_android_host::pr..: wandr-profile: frame 131100 t+2257354ms  win[N=60 min=14.7ms mean=16.6ms max=18.7ms] over[16ms=44 50ms=0 100ms=0 250ms=0]
05-18 12:10:39.577 11901 11918 I wasm_android_host::pr..: wandr-profile: frame 131160 t+2258353ms  win[N=60 min=14.3ms mean=16.6ms max=20.7ms] over[16ms=46 50ms=0 100ms=0 250ms=0]
05-18 12:10:40.578 11901 11918 I wasm_android_host::pr..: wandr-profile: frame 131220 t+2259354ms  win[N=60 min=14.2ms mean=16.6ms max=19.5ms] over[16ms=44 50ms=0 100ms=0 250ms=0]
05-18 12:10:41.574 11901 11918 I wasm_android_host::pr..: wandr-profile: frame 131280 t+2260350ms  win[N=60 min=13.9ms mean=16.5ms max=20.4ms] over[16ms=38 50ms=0 100ms=0 250ms=0]
05-18 12:10:42.574 11901 11918 I wasm_android_host::pr..: wandr-profile: frame 131340 t+2261349ms  win[N=60 min=14.4ms mean=16.6ms max=19.6ms] over[16ms=44 50ms=0 100ms=0 250ms=0]
05-18 12:10:43.575 11901 11918 I wasm_android_host::pr..: wandr-profile: frame 131400 t+2262350ms  win[N=60 min=13.6ms mean=16.6ms max=20.5ms] over[16ms=45 50ms=0 100ms=0 250ms=0]
05-18 12:10:44.569 11901 11918 I wasm_android_host::pr..: wandr-profile: frame 131460 t+2263345ms  win[N=60 min=14.1ms mean=16.5ms max=19.2ms] over[16ms=41 50ms=0 100ms=0 250ms=0]
05-18 12:10:45.569 11901 11918 I wasm_android_host::pr..: wandr-profile: frame 131520 t+2264345ms  win[N=60 min=14.0ms mean=16.6ms max=20.0ms] over[16ms=49 50ms=0 100ms=0 250ms=0]
05-18 12:10:46.582 11901 11918 I wasm_android_host::pr..: wandr-profile: frame 131580 t+2265358ms  win[N=60 min=11.3ms mean=16.8ms max=34.9ms] over[16ms=40 50ms=0 100ms=0 250ms=0]
05-18 12:10:47.581 11901 11918 I wasm_android_host::pr..: wandr-profile: frame 131640 t+2266357ms  win[N=60 min=14.2ms mean=16.6ms max=20.2ms] over[16ms=45 50ms=0 100ms=0 250ms=0]
05-18 12:10:48.596 11901 11918 I wasm_android_host::pr..: wandr-profile: frame 131700 t+2267372ms  win[N=60 min=14.4ms mean=16.9ms max=32.4ms] over[16ms=43 50ms=0 100ms=0 250ms=0]
05-18 12:10:49.598 11901 11918 I wasm_android_host::pr..: wandr-profile: frame 131760 t+2268374ms  win[N=60 min=14.2ms mean=16.6ms max=20.5ms] over[16ms=47 50ms=0 100ms=0 250ms=0]
05-18 12:10:50.592 11901 11918 I wasm_android_host::pr..: wandr-profile: frame 131820 t+2269368ms  win[N=60 min=14.6ms mean=16.5ms max=18.7ms] over[16ms=45 50ms=0 100ms=0 250ms=0]
05-18 12:10:51.593 11901 11918 I wasm_android_host::pr..: wandr-profile: frame 131880 t+2270369ms  win[N=60 min=14.5ms mean=16.6ms max=20.2ms] over[16ms=42 50ms=0 100ms=0 250ms=0]
05-18 12:10:52.624 11901 11918 I wasm_android_host::pr..: wandr-profile: frame 131940 t+2271400ms  win[N=60 min=14.3ms mean=17.1ms max=34.0ms] over[16ms=40 50ms=0 100ms=0 250ms=0]
05-18 12:10:53.604 11901 11918 I wasm_android_host::pr..: wandr-profile: frame 132000 t+2272380ms  win[N=60 min=11.1ms mean=16.3ms max=20.3ms] over[16ms=41 50ms=0 100ms=0 250ms=0]
05-18 12:10:54.603 11901 11918 I wasm_android_host::pr..: wandr-profile: frame 132060 t+2273378ms  win[N=60 min=14.5ms mean=16.6ms max=19.1ms] over[16ms=41 50ms=0 100ms=0 250ms=0]
05-18 12:10:55.601 11901 11918 I wasm_android_host::pr..: wandr-profile: frame 132120 t+2274377ms  win[N=60 min=13.6ms mean=16.6ms max=20.3ms] over[16ms=46 50ms=0 100ms=0 250ms=0]
05-18 12:10:56.615 11901 11918 I wasm_android_host::pr..: wandr-profile: frame 132180 t+2275391ms  win[N=60 min=13.0ms mean=16.8ms max=32.9ms] over[16ms=45 50ms=0 100ms=0 250ms=0]
05-18 12:10:57.614 11901 11918 I wasm_android_host::pr..: wandr-profile: frame 132240 t+2276390ms  win[N=60 min=14.2ms mean=16.6ms max=20.8ms] over[16ms=46 50ms=0 100ms=0 250ms=0]
05-18 12:10:58.613 11901 11918 I wasm_android_host::pr..: wandr-profile: frame 132300 t+2277389ms  win[N=60 min=14.6ms mean=16.6ms max=18.4ms] over[16ms=48 50ms=0 100ms=0 250ms=0]
05-18 12:10:59.629 11901 11918 I wasm_android_host::pr..: wandr-profile: frame 132360 t+2278405ms  win[N=60 min=13.6ms mean=16.9ms max=34.1ms] over[16ms=48 50ms=0 100ms=0 250ms=0]
05-18 12:11:00.628 11901 11918 I wasm_android_host::pr..: wandr-profile: frame 132420 t+2279403ms  win[N=60 min=14.5ms mean=16.6ms max=18.9ms] over[16ms=42 50ms=0 100ms=0 250ms=0]
05-18 12:11:01.641 11901 11918 I wasm_android_host::pr..: wandr-profile: frame 132480 t+2280417ms  win[N=60 min=11.3ms mean=16.8ms max=34.3ms] over[16ms=45 50ms=0 100ms=0 250ms=0]
05-18 12:11:02.639 11901 11918 I wasm_android_host::pr..: wandr-profile: frame 132540 t+2281415ms  win[N=60 min=12.7ms mean=16.6ms max=20.7ms] over[16ms=42 50ms=0 100ms=0 250ms=0]
05-18 12:11:03.641 11901 11918 I wasm_android_host::pr..: wandr-profile: frame 132600 t+2282417ms  win[N=60 min=14.4ms mean=16.6ms max=20.0ms] over[16ms=42 50ms=0 100ms=0 250ms=0]
05-18 12:11:04.638 11901 11918 I wasm_android_host::pr..: wandr-profile: frame 132660 t+2283414ms  win[N=60 min=13.2ms mean=16.6ms max=20.7ms] over[16ms=48 50ms=0 100ms=0 250ms=0]
05-18 12:11:05.638 11901 11918 I wasm_android_host::pr..: wandr-profile: frame 132720 t+2284414ms  win[N=60 min=14.1ms mean=16.6ms max=20.4ms] over[16ms=46 50ms=0 100ms=0 250ms=0]
05-18 12:11:06.634 11901 11918 I wasm_android_host::pr..: wandr-profile: frame 132780 t+2285410ms  win[N=60 min=14.5ms mean=16.5ms max=20.7ms] over[16ms=40 50ms=0 100ms=0 250ms=0]
05-18 12:11:07.631 11901 11918 I wasm_android_host::pr..: wandr-profile: frame 132840 t+2286406ms  win[N=60 min=14.6ms mean=16.6ms max=20.2ms] over[16ms=44 50ms=0 100ms=0 250ms=0]
05-18 12:11:08.631 11901 11918 I wasm_android_host::pr..: wandr-profile: frame 132900 t+2287407ms  win[N=60 min=14.1ms mean=16.6ms max=20.2ms] over[16ms=42 50ms=0 100ms=0 250ms=0]
05-18 12:11:09.645 11901 11918 I wasm_android_host::pr..: wandr-profile: frame 132960 t+2288420ms  win[N=60 min=13.2ms mean=16.8ms max=33.9ms] over[16ms=43 50ms=0 100ms=0 250ms=0]
05-18 12:11:10.643 11901 11918 I wasm_android_host::pr..: wandr-profile: frame 133020 t+2289419ms  win[N=60 min=13.0ms mean=16.6ms max=20.9ms] over[16ms=45 50ms=0 100ms=0 250ms=0]
05-18 12:11:11.641 11901 11918 I wasm_android_host::pr..: wandr-profile: frame 133080 t+2290417ms  win[N=60 min=14.1ms mean=16.6ms max=20.5ms] over[16ms=43 50ms=0 100ms=0 250ms=0]
05-18 12:11:12.640 11901 11918 I wasm_android_host::pr..: wandr-profile: frame 133140 t+2291415ms  win[N=60 min=14.5ms mean=16.6ms max=20.3ms] over[16ms=44 50ms=0 100ms=0 250ms=0]
05-18 12:11:13.656 11901 11918 I wasm_android_host::pr..: wandr-profile: frame 133200 t+2292432ms  win[N=60 min=14.3ms mean=16.9ms max=33.7ms] over[16ms=44 50ms=0 100ms=0 250ms=0]
05-18 12:11:14.653 11901 11918 I wasm_android_host::pr..: wandr-profile: frame 133260 t+2293429ms  win[N=60 min=14.6ms mean=16.6ms max=20.0ms] over[16ms=46 50ms=0 100ms=0 250ms=0]
05-18 12:11:15.652 11901 11918 I wasm_android_host::pr..: wandr-profile: frame 133320 t+2294428ms  win[N=60 min=14.0ms mean=16.6ms max=19.5ms] over[16ms=43 50ms=0 100ms=0 250ms=0]
05-18 12:11:16.652 11901 11918 I wasm_android_host::pr..: wandr-profile: frame 133380 t+2295427ms  win[N=60 min=14.5ms mean=16.6ms max=20.7ms] over[16ms=44 50ms=0 100ms=0 250ms=0]
05-18 12:11:17.649 11901 11918 I wasm_android_host::pr..: wandr-profile: frame 133440 t+2296425ms  win[N=60 min=13.9ms mean=16.6ms max=20.6ms] over[16ms=38 50ms=0 100ms=0 250ms=0]
05-18 12:11:18.648 11901 11918 I wasm_android_host::pr..: wandr-profile: frame 133500 t+2297424ms  win[N=60 min=14.8ms mean=16.6ms max=19.9ms] over[16ms=43 50ms=0 100ms=0 250ms=0]
05-18 12:11:19.645 11901 11918 I wasm_android_host::pr..: wandr-profile: frame 133560 t+2298421ms  win[N=60 min=14.2ms mean=16.5ms max=20.2ms] over[16ms=42 50ms=0 100ms=0 250ms=0]
05-18 12:11:20.643 11901 11918 I wasm_android_host::pr..: wandr-profile: frame 133620 t+2299419ms  win[N=60 min=14.2ms mean=16.6ms max=21.1ms] over[16ms=43 50ms=0 100ms=0 250ms=0]
05-18 12:11:21.642 11901 11918 I wasm_android_host::pr..: wandr-profile: frame 133680 t+2300417ms  win[N=60 min=13.5ms mean=16.6ms max=19.8ms] over[16ms=39 50ms=0 100ms=0 250ms=0]
05-18 12:11:22.640 11901 11918 I wasm_android_host::pr..: wandr-profile: frame 133740 t+2301415ms  win[N=60 min=13.4ms mean=16.6ms max=20.4ms] over[16ms=43 50ms=0 100ms=0 250ms=0]
05-18 12:11:23.638 11901 11918 I wasm_android_host::pr..: wandr-profile: frame 133800 t+2302414ms  win[N=60 min=13.6ms mean=16.6ms max=20.5ms] over[16ms=41 50ms=0 100ms=0 250ms=0]
05-18 12:11:24.638 11901 11918 I wasm_android_host::pr..: wandr-profile: frame 133860 t+2303414ms  win[N=60 min=13.4ms mean=16.6ms max=20.3ms] over[16ms=42 50ms=0 100ms=0 250ms=0]
05-18 12:11:25.653 11901 11918 I wasm_android_host::pr..: wandr-profile: frame 133920 t+2304429ms  win[N=60 min=13.8ms mean=16.9ms max=32.9ms] over[16ms=43 50ms=0 100ms=0 250ms=0]
05-18 12:11:26.651 11901 11918 I wasm_android_host::pr..: wandr-profile: frame 133980 t+2305427ms  win[N=60 min=14.4ms mean=16.6ms max=20.3ms] over[16ms=38 50ms=0 100ms=0 250ms=0]
05-18 12:11:27.649 11901 11918 I wasm_android_host::pr..: wandr-profile: frame 134040 t+2306425ms  win[N=60 min=13.8ms mean=16.6ms max=20.0ms] over[16ms=43 50ms=0 100ms=0 250ms=0]
05-18 12:11:28.648 11901 11918 I wasm_android_host::pr..: wandr-profile: frame 134100 t+2307424ms  win[N=60 min=14.1ms mean=16.6ms max=18.6ms] over[16ms=47 50ms=0 100ms=0 250ms=0]
05-18 12:11:29.646 11901 11918 I wasm_android_host::pr..: wandr-profile: frame 134160 t+2308422ms  win[N=60 min=14.2ms mean=16.6ms max=20.1ms] over[16ms=43 50ms=0 100ms=0 250ms=0]
05-18 12:11:30.643 11901 11918 I wasm_android_host::pr..: wandr-profile: frame 134220 t+2309419ms  win[N=60 min=14.0ms mean=16.6ms max=20.6ms] over[16ms=44 50ms=0 100ms=0 250ms=0]
05-18 12:11:31.641 11901 11918 I wasm_android_host::pr..: wandr-profile: frame 134280 t+2310417ms  win[N=60 min=14.3ms mean=16.6ms max=19.2ms] over[16ms=47 50ms=0 100ms=0 250ms=0]
05-18 12:11:32.640 11901 11918 I wasm_android_host::pr..: wandr-profile: frame 134340 t+2311415ms  win[N=60 min=14.4ms mean=16.6ms max=20.1ms] over[16ms=44 50ms=0 100ms=0 250ms=0]
05-18 12:11:33.638 11901 11918 I wasm_android_host::pr..: wandr-profile: frame 134400 t+2312414ms  win[N=60 min=14.6ms mean=16.6ms max=19.6ms] over[16ms=48 50ms=0 100ms=0 250ms=0]
05-18 12:11:34.638 11901 11918 I wasm_android_host::pr..: wandr-profile: frame 134460 t+2313414ms  win[N=60 min=14.4ms mean=16.6ms max=20.1ms] over[16ms=45 50ms=0 100ms=0 250ms=0]
05-18 12:11:35.635 11901 11918 I wasm_android_host::pr..: wandr-profile: frame 134520 t+2314411ms  win[N=60 min=13.9ms mean=16.6ms max=19.8ms] over[16ms=44 50ms=0 100ms=0 250ms=0]
05-18 12:11:36.633 11901 11918 I wasm_android_host::pr..: wandr-profile: frame 134580 t+2315409ms  win[N=60 min=14.6ms mean=16.6ms max=20.5ms] over[16ms=35 50ms=0 100ms=0 250ms=0]
05-18 12:11:37.631 11901 11918 I wasm_android_host::pr..: wandr-profile: frame 134640 t+2316407ms  win[N=60 min=13.8ms mean=16.6ms max=19.4ms] over[16ms=40 50ms=0 100ms=0 250ms=0]
05-18 12:11:38.631 11901 11918 I wasm_android_host::pr..: wandr-profile: frame 134700 t+2317407ms  win[N=60 min=12.7ms mean=16.6ms max=20.8ms] over[16ms=41 50ms=0 100ms=0 250ms=0]
05-18 12:11:39.630 11901 11918 I wasm_android_host::pr..: wandr-profile: frame 134760 t+2318406ms  win[N=60 min=14.1ms mean=16.6ms max=21.0ms] over[16ms=42 50ms=0 100ms=0 250ms=0]
05-18 12:11:40.628 11901 11918 I wasm_android_host::pr..: wandr-profile: frame 134820 t+2319404ms  win[N=60 min=14.7ms mean=16.6ms max=20.9ms] over[16ms=45 50ms=0 100ms=0 250ms=0]
05-18 12:11:41.625 11901 11918 I wasm_android_host::pr..: wandr-profile: frame 134880 t+2320400ms  win[N=60 min=13.8ms mean=16.6ms max=19.6ms] over[16ms=45 50ms=0 100ms=0 250ms=0]
05-18 12:11:42.623 11901 11918 I wasm_android_host::pr..: wandr-profile: frame 134940 t+2321399ms  win[N=60 min=14.3ms mean=16.6ms max=19.8ms] over[16ms=44 50ms=0 100ms=0 250ms=0]
05-18 12:11:43.621 11901 11918 I wasm_android_host::pr..: wandr-profile: frame 135000 t+2322397ms  win[N=60 min=14.5ms mean=16.6ms max=20.0ms] over[16ms=44 50ms=0 100ms=0 250ms=0]
05-18 12:11:44.638 11901 11918 I wasm_android_host::pr..: wandr-profile: frame 135060 t+2323414ms  win[N=60 min=11.6ms mean=16.9ms max=35.7ms] over[16ms=44 50ms=0 100ms=0 250ms=0]
05-18 12:11:45.635 11901 11918 I wasm_android_host::pr..: wandr-profile: frame 135120 t+2324410ms  win[N=60 min=14.3ms mean=16.5ms max=19.2ms] over[16ms=46 50ms=0 100ms=0 250ms=0]
05-18 12:11:46.634 11901 11918 I wasm_android_host::pr..: wandr-profile: frame 135180 t+2325409ms  win[N=60 min=14.1ms mean=16.6ms max=20.4ms] over[16ms=43 50ms=0 100ms=0 250ms=0]
05-18 12:11:47.650 11901 11918 I wasm_android_host::pr..: wandr-profile: frame 135240 t+2326425ms  win[N=60 min=14.0ms mean=16.9ms max=33.0ms] over[16ms=43 50ms=0 100ms=0 250ms=0]
05-18 12:11:48.648 11901 11918 I wasm_android_host::pr..: wandr-profile: frame 135300 t+2327424ms  win[N=60 min=14.8ms mean=16.6ms max=20.3ms] over[16ms=42 50ms=0 100ms=0 250ms=0]
05-18 12:11:49.645 11901 11918 I wasm_android_host::pr..: wandr-profile: frame 135360 t+2328421ms  win[N=60 min=13.9ms mean=16.5ms max=19.4ms] over[16ms=41 50ms=0 100ms=0 250ms=0]
05-18 12:11:50.643 11901 11918 I wasm_android_host::pr..: wandr-profile: frame 135420 t+2329419ms  win[N=60 min=14.2ms mean=16.6ms max=20.5ms] over[16ms=44 50ms=0 100ms=0 250ms=0]
05-18 12:11:51.642 11901 11918 I wasm_android_host::pr..: wandr-profile: frame 135480 t+2330418ms  win[N=60 min=14.4ms mean=16.6ms max=18.9ms] over[16ms=45 50ms=0 100ms=0 250ms=0]
05-18 12:11:52.640 11901 11918 I wasm_android_host::pr..: wandr-profile: frame 135540 t+2331416ms  win[N=60 min=12.7ms mean=16.6ms max=20.6ms] over[16ms=46 50ms=0 100ms=0 250ms=0]
05-18 12:11:53.655 11901 11918 I wasm_android_host::pr..: wandr-profile: frame 135600 t+2332431ms  win[N=60 min=13.8ms mean=16.9ms max=35.6ms] over[16ms=41 50ms=0 100ms=0 250ms=0]
05-18 12:11:54.654 11901 11918 I wasm_android_host::pr..: wandr-profile: frame 135660 t+2333429ms  win[N=60 min=11.3ms mean=16.6ms max=21.6ms] over[16ms=45 50ms=0 100ms=0 250ms=0]
05-18 12:11:55.654 11901 11918 I wasm_android_host::pr..: wandr-profile: frame 135720 t+2334429ms  win[N=60 min=14.3ms mean=16.6ms max=19.9ms] over[16ms=46 50ms=0 100ms=0 250ms=0]
05-18 12:11:56.652 11901 11918 I wasm_android_host::pr..: wandr-profile: frame 135780 t+2335428ms  win[N=60 min=14.8ms mean=16.6ms max=19.5ms] over[16ms=43 50ms=0 100ms=0 250ms=0]
05-18 12:11:57.650 11901 11918 I wasm_android_host::pr..: wandr-profile: frame 135840 t+2336426ms  win[N=60 min=14.2ms mean=16.6ms max=20.3ms] over[16ms=43 50ms=0 100ms=0 250ms=0]
05-18 12:11:58.648 11901 11918 I wasm_android_host::pr..: wandr-profile: frame 135900 t+2337424ms  win[N=60 min=14.1ms mean=16.6ms max=20.4ms] over[16ms=46 50ms=0 100ms=0 250ms=0]
05-18 12:11:59.645 11901 11918 I wasm_android_host::pr..: wandr-profile: frame 135960 t+2338421ms  win[N=60 min=13.8ms mean=16.5ms max=19.7ms] over[16ms=43 50ms=0 100ms=0 250ms=0]
05-18 12:12:00.644 11901 11918 I wasm_android_host::pr..: wandr-profile: frame 136020 t+2339419ms  win[N=60 min=12.8ms mean=16.6ms max=20.6ms] over[16ms=42 50ms=0 100ms=0 250ms=0]
05-18 12:12:01.642 11901 11918 I wasm_android_host::pr..: wandr-profile: frame 136080 t+2340418ms  win[N=60 min=14.8ms mean=16.6ms max=19.0ms] over[16ms=46 50ms=0 100ms=0 250ms=0]
05-18 12:12:02.640 11901 11918 I wasm_android_host::pr..: wandr-profile: frame 136140 t+2341416ms  win[N=60 min=14.7ms mean=16.6ms max=20.9ms] over[16ms=47 50ms=0 100ms=0 250ms=0]
05-18 12:12:03.658 11901 11918 I wasm_android_host::pr..: wandr-profile: frame 136200 t+2342433ms  win[N=60 min=14.0ms mean=16.9ms max=33.2ms] over[16ms=43 50ms=0 100ms=0 250ms=0]
05-18 12:12:04.654 11901 11918 I wasm_android_host::pr..: wandr-profile: frame 136260 t+2343430ms  win[N=60 min=13.9ms mean=16.5ms max=20.2ms] over[16ms=42 50ms=0 100ms=0 250ms=0]
05-18 12:12:05.654 11901 11918 I wasm_android_host::pr..: wandr-profile: frame 136320 t+2344429ms  win[N=60 min=14.3ms mean=16.6ms max=19.0ms] over[16ms=46 50ms=0 100ms=0 250ms=0]
05-18 12:12:06.652 11901 11918 I wasm_android_host::pr..: wandr-profile: frame 136380 t+2345428ms  win[N=60 min=14.2ms mean=16.6ms max=20.3ms] over[16ms=46 50ms=0 100ms=0 250ms=0]
05-18 12:12:07.650 11901 11918 I wasm_android_host::pr..: wandr-profile: frame 136440 t+2346426ms  win[N=60 min=14.1ms mean=16.6ms max=19.5ms] over[16ms=44 50ms=0 100ms=0 250ms=0]
05-18 12:12:08.648 11901 11918 I wasm_android_host::pr..: wandr-profile: frame 136500 t+2347424ms  win[N=60 min=13.9ms mean=16.6ms max=20.2ms] over[16ms=43 50ms=0 100ms=0 250ms=0]
05-18 12:12:09.645 11901 11918 I wasm_android_host::pr..: wandr-profile: frame 136560 t+2348421ms  win[N=60 min=14.3ms mean=16.6ms max=19.4ms] over[16ms=46 50ms=0 100ms=0 250ms=0]
05-18 12:12:10.643 11901 11918 I wasm_android_host::pr..: wandr-profile: frame 136620 t+2349419ms  win[N=60 min=12.9ms mean=16.6ms max=20.4ms] over[16ms=43 50ms=0 100ms=0 250ms=0]
05-18 12:12:11.642 11901 11918 I wasm_android_host::pr..: wandr-profile: frame 136680 t+2350417ms  win[N=60 min=14.1ms mean=16.6ms max=20.2ms] over[16ms=47 50ms=0 100ms=0 250ms=0]
05-18 12:12:12.640 11901 11918 I wasm_android_host::pr..: wandr-profile: frame 136740 t+2351416ms  win[N=60 min=13.1ms mean=16.6ms max=20.6ms] over[16ms=44 50ms=0 100ms=0 250ms=0]
05-18 12:12:13.638 11901 11918 I wasm_android_host::pr..: wandr-profile: frame 136800 t+2352414ms  win[N=60 min=13.6ms mean=16.6ms max=20.3ms] over[16ms=46 50ms=0 100ms=0 250ms=0]
05-18 12:12:14.637 11901 11918 I wasm_android_host::pr..: wandr-profile: frame 136860 t+2353413ms  win[N=60 min=14.4ms mean=16.6ms max=20.3ms] over[16ms=42 50ms=0 100ms=0 250ms=0]
05-18 12:12:15.636 11901 11918 I wasm_android_host::pr..: wandr-profile: frame 136920 t+2354412ms  win[N=60 min=14.0ms mean=16.6ms max=19.5ms] over[16ms=47 50ms=0 100ms=0 250ms=0]
05-18 12:12:16.634 11901 11918 I wasm_android_host::pr..: wandr-profile: frame 136980 t+2355409ms  win[N=60 min=14.5ms mean=16.6ms max=20.2ms] over[16ms=42 50ms=0 100ms=0 250ms=0]
05-18 12:12:17.633 11901 11918 I wasm_android_host::pr..: wandr-profile: frame 137040 t+2356409ms  win[N=60 min=13.9ms mean=16.6ms max=19.5ms] over[16ms=46 50ms=0 100ms=0 250ms=0]
05-18 12:12:18.632 11901 11918 I wasm_android_host::pr..: wandr-profile: frame 137100 t+2357408ms  win[N=60 min=12.8ms mean=16.6ms max=20.8ms] over[16ms=42 50ms=0 100ms=0 250ms=0]
05-18 12:12:19.645 11901 11918 I wasm_android_host::pr..: wandr-profile: frame 137160 t+2358421ms  win[N=60 min=14.4ms mean=16.8ms max=32.4ms] over[16ms=41 50ms=0 100ms=0 250ms=0]
05-18 12:12:20.644 11901 11918 I wasm_android_host::pr..: wandr-profile: frame 137220 t+2359419ms  win[N=60 min=14.0ms mean=16.6ms max=20.6ms] over[16ms=42 50ms=0 100ms=0 250ms=0]
05-18 12:12:21.642 11901 11918 I wasm_android_host::pr..: wandr-profile: frame 137280 t+2360418ms  win[N=60 min=14.2ms mean=16.6ms max=19.1ms] over[16ms=41 50ms=0 100ms=0 250ms=0]
05-18 12:12:22.640 11901 11918 I wasm_android_host::pr..: wandr-profile: frame 137340 t+2361416ms  win[N=60 min=12.5ms mean=16.6ms max=20.9ms] over[16ms=43 50ms=0 100ms=0 250ms=0]
05-18 12:12:23.639 11901 11918 I wasm_android_host::pr..: wandr-profile: frame 137400 t+2362414ms  win[N=60 min=14.3ms mean=16.6ms max=19.0ms] over[16ms=43 50ms=0 100ms=0 250ms=0]
05-18 12:12:24.637 11901 11918 I wasm_android_host::pr..: wandr-profile: frame 137460 t+2363413ms  win[N=60 min=13.4ms mean=16.6ms max=20.4ms] over[16ms=45 50ms=0 100ms=0 250ms=0]
05-18 12:12:25.637 11901 11918 I wasm_android_host::pr..: wandr-profile: frame 137520 t+2364413ms  win[N=60 min=14.0ms mean=16.6ms max=19.2ms] over[16ms=45 50ms=0 100ms=0 250ms=0]
05-18 12:12:26.633 11901 11918 I wasm_android_host::pr..: wandr-profile: frame 137580 t+2365409ms  win[N=60 min=13.2ms mean=16.5ms max=20.4ms] over[16ms=42 50ms=0 100ms=0 250ms=0]
05-18 12:12:27.633 11901 11918 I wasm_android_host::pr..: wandr-profile: frame 137640 t+2366409ms  win[N=60 min=14.7ms mean=16.6ms max=19.7ms] over[16ms=41 50ms=0 100ms=0 250ms=0]
05-18 12:12:28.632 11901 11918 I wasm_android_host::pr..: wandr-profile: frame 137700 t+2367408ms  win[N=60 min=14.6ms mean=16.6ms max=20.1ms] over[16ms=45 50ms=0 100ms=0 250ms=0]
05-18 12:12:29.630 11901 11918 I wasm_android_host::pr..: wandr-profile: frame 137760 t+2368406ms  win[N=60 min=14.5ms mean=16.6ms max=19.4ms] over[16ms=41 50ms=0 100ms=0 250ms=0]
05-18 12:12:30.628 11901 11918 I wasm_android_host::pr..: wandr-profile: frame 137820 t+2369404ms  win[N=60 min=13.0ms mean=16.6ms max=20.8ms] over[16ms=41 50ms=0 100ms=0 250ms=0]
05-18 12:12:31.642 11901 11918 I wasm_android_host::pr..: wandr-profile: frame 137880 t+2370418ms  win[N=60 min=11.2ms mean=16.8ms max=33.4ms] over[16ms=43 50ms=0 100ms=0 250ms=0]
05-18 12:12:32.641 11901 11918 I wasm_android_host::pr..: wandr-profile: frame 137940 t+2371416ms  win[N=60 min=13.3ms mean=16.6ms max=19.9ms] over[16ms=48 50ms=0 100ms=0 250ms=0]
05-18 12:12:33.639 11901 11918 I wasm_android_host::pr..: wandr-profile: frame 138000 t+2372414ms  win[N=60 min=13.2ms mean=16.6ms max=20.1ms] over[16ms=44 50ms=0 100ms=0 250ms=0]
05-18 12:12:34.637 11901 11918 I wasm_android_host::pr..: wandr-profile: frame 138060 t+2373413ms  win[N=60 min=14.2ms mean=16.6ms max=20.4ms] over[16ms=46 50ms=0 100ms=0 250ms=0]
05-18 12:12:35.653 11901 11918 I wasm_android_host::pr..: wandr-profile: frame 138120 t+2374429ms  win[N=60 min=11.1ms mean=16.9ms max=33.5ms] over[16ms=44 50ms=0 100ms=0 250ms=0]
05-18 12:12:36.652 11901 11918 I wasm_android_host::pr..: wandr-profile: frame 138180 t+2375428ms  win[N=60 min=14.4ms mean=16.6ms max=20.4ms] over[16ms=43 50ms=0 100ms=0 250ms=0]
05-18 12:12:37.651 11901 11918 I wasm_android_host::pr..: wandr-profile: frame 138240 t+2376426ms  win[N=60 min=14.8ms mean=16.6ms max=19.5ms] over[16ms=42 50ms=0 100ms=0 250ms=0]
05-18 12:12:38.649 11901 11918 I wasm_android_host::pr..: wandr-profile: frame 138300 t+2377424ms  win[N=60 min=12.5ms mean=16.6ms max=20.0ms] over[16ms=46 50ms=0 100ms=0 250ms=0]
05-18 12:12:39.666 11901 11918 I wasm_android_host::pr..: wandr-profile: frame 138360 t+2378441ms  win[N=60 min=14.3ms mean=16.9ms max=35.1ms] over[16ms=43 50ms=0 100ms=0 250ms=0]
05-18 12:12:40.660 11901 11918 I wasm_android_host::pr..: wandr-profile: frame 138420 t+2379436ms  win[N=60 min=13.1ms mean=16.5ms max=20.0ms] over[16ms=46 50ms=0 100ms=0 250ms=0]
05-18 12:12:41.675 11901 11918 I wasm_android_host::pr..: wandr-profile: frame 138480 t+2380451ms  win[N=60 min=14.1ms mean=16.9ms max=33.7ms] over[16ms=45 50ms=0 100ms=0 250ms=0]
05-18 12:12:42.674 11901 11918 I wasm_android_host::pr..: wandr-profile: frame 138540 t+2381449ms  win[N=60 min=13.8ms mean=16.6ms max=20.3ms] over[16ms=47 50ms=0 100ms=0 250ms=0]
05-18 12:12:43.674 11901 11918 I wasm_android_host::pr..: wandr-profile: frame 138600 t+2382450ms  win[N=60 min=14.1ms mean=16.6ms max=20.0ms] over[16ms=44 50ms=0 100ms=0 250ms=0]
05-18 12:12:44.672 11901 11918 I wasm_android_host::pr..: wandr-profile: frame 138660 t+2383447ms  win[N=60 min=12.8ms mean=16.6ms max=20.3ms] over[16ms=40 50ms=0 100ms=0 250ms=0]
05-18 12:12:45.669 11901 11918 I wasm_android_host::pr..: wandr-profile: frame 138720 t+2384445ms  win[N=60 min=14.3ms mean=16.6ms max=19.1ms] over[16ms=44 50ms=0 100ms=0 250ms=0]
05-18 12:12:46.670 11901 11918 I wasm_android_host::pr..: wandr-profile: frame 138780 t+2385445ms  win[N=60 min=14.8ms mean=16.6ms max=19.0ms] over[16ms=46 50ms=0 100ms=0 250ms=0]
05-18 12:12:47.685 11901 11918 I wasm_android_host::pr..: wandr-profile: frame 138840 t+2386461ms  win[N=60 min=11.4ms mean=16.9ms max=30.3ms] over[16ms=42 50ms=0 100ms=0 250ms=0]
05-18 12:12:48.681 11901 11918 I wasm_android_host::pr..: wandr-profile: frame 138900 t+2387457ms  win[N=60 min=13.7ms mean=16.5ms max=20.8ms] over[16ms=44 50ms=0 100ms=0 250ms=0]
05-18 12:12:49.700 11901 11918 I wasm_android_host::pr..: wandr-profile: frame 138960 t+2388476ms  win[N=60 min=14.2ms mean=16.9ms max=33.5ms] over[16ms=44 50ms=0 100ms=0 250ms=0]
05-18 12:12:50.695 11901 11918 I wasm_android_host::pr..: wandr-profile: frame 139020 t+2389470ms  win[N=60 min=13.3ms mean=16.5ms max=20.1ms] over[16ms=46 50ms=0 100ms=0 250ms=0]
05-18 12:12:51.693 11901 11918 I wasm_android_host::pr..: wandr-profile: frame 139080 t+2390469ms  win[N=60 min=14.7ms mean=16.6ms max=18.5ms] over[16ms=46 50ms=0 100ms=0 250ms=0]
05-18 12:12:52.693 11901 11918 I wasm_android_host::pr..: wandr-profile: frame 139140 t+2391469ms  win[N=60 min=14.3ms mean=16.6ms max=20.3ms] over[16ms=44 50ms=0 100ms=0 250ms=0]
05-18 12:12:53.692 11901 11918 I wasm_android_host::pr..: wandr-profile: frame 139200 t+2392467ms  win[N=60 min=14.2ms mean=16.6ms max=20.8ms] over[16ms=39 50ms=0 100ms=0 250ms=0]
05-18 12:12:54.689 11901 11918 I wasm_android_host::pr..: wandr-profile: frame 139260 t+2393465ms  win[N=60 min=14.3ms mean=16.6ms max=19.6ms] over[16ms=42 50ms=0 100ms=0 250ms=0]
05-18 12:12:55.688 11901 11918 I wasm_android_host::pr..: wandr-profile: frame 139320 t+2394464ms  win[N=60 min=14.7ms mean=16.6ms max=20.2ms] over[16ms=43 50ms=0 100ms=0 250ms=0]
05-18 12:12:56.685 11901 11918 I wasm_android_host::pr..: wandr-profile: frame 139380 t+2395461ms  win[N=60 min=14.4ms mean=16.6ms max=19.7ms] over[16ms=43 50ms=0 100ms=0 250ms=0]
05-18 12:12:57.684 11901 11918 I wasm_android_host::pr..: wandr-profile: frame 139440 t+2396459ms  win[N=60 min=14.2ms mean=16.6ms max=20.9ms] over[16ms=40 50ms=0 100ms=0 250ms=0]
05-18 12:12:58.682 11901 11918 I wasm_android_host::pr..: wandr-profile: frame 139500 t+2397458ms  win[N=60 min=14.4ms mean=16.6ms max=19.5ms] over[16ms=45 50ms=0 100ms=0 250ms=0]
05-18 12:12:59.680 11901 11918 I wasm_android_host::pr..: wandr-profile: frame 139560 t+2398456ms  win[N=60 min=14.6ms mean=16.6ms max=20.4ms] over[16ms=44 50ms=0 100ms=0 250ms=0]
05-18 12:13:00.679 11901 11918 I wasm_android_host::pr..: wandr-profile: frame 139620 t+2399455ms  win[N=60 min=14.4ms mean=16.6ms max=19.0ms] over[16ms=43 50ms=0 100ms=0 250ms=0]
05-18 12:13:01.678 11901 11918 I wasm_android_host::pr..: wandr-profile: frame 139680 t+2400454ms  win[N=60 min=14.0ms mean=16.6ms max=20.8ms] over[16ms=48 50ms=0 100ms=0 250ms=0]
05-18 12:13:02.693 11901 11918 I wasm_android_host::pr..: wandr-profile: frame 139740 t+2401468ms  win[N=60 min=14.5ms mean=16.8ms max=33.6ms] over[16ms=44 50ms=0 100ms=0 250ms=0]
05-18 12:13:03.691 11901 11918 I wasm_android_host::pr..: wandr-profile: frame 139800 t+2402467ms  win[N=60 min=14.3ms mean=16.6ms max=20.3ms] over[16ms=45 50ms=0 100ms=0 250ms=0]
05-18 12:13:04.691 11901 11918 I wasm_android_host::pr..: wandr-profile: frame 139860 t+2403467ms  win[N=60 min=13.0ms mean=16.6ms max=20.3ms] over[16ms=45 50ms=0 100ms=0 250ms=0]
05-18 12:13:05.689 11901 11918 I wasm_android_host::pr..: wandr-profile: frame 139920 t+2404465ms  win[N=60 min=13.9ms mean=16.6ms max=20.1ms] over[16ms=45 50ms=0 100ms=0 250ms=0]
05-18 12:13:06.688 11901 11918 I wasm_android_host::pr..: wandr-profile: frame 139980 t+2405464ms  win[N=60 min=14.4ms mean=16.6ms max=19.3ms] over[16ms=41 50ms=0 100ms=0 250ms=0]
05-18 12:13:07.685 11901 11918 I wasm_android_host::pr..: wandr-profile: frame 140040 t+2406460ms  win[N=60 min=14.4ms mean=16.5ms max=20.2ms] over[16ms=43 50ms=0 100ms=0 250ms=0]
05-18 12:13:08.683 11901 11918 I wasm_android_host::pr..: wandr-profile: frame 140100 t+2407459ms  win[N=60 min=14.3ms mean=16.6ms max=20.7ms] over[16ms=41 50ms=0 100ms=0 250ms=0]
05-18 12:13:09.698 11901 11918 I wasm_android_host::pr..: wandr-profile: frame 140160 t+2408474ms  win[N=60 min=12.9ms mean=16.9ms max=33.8ms] over[16ms=43 50ms=0 100ms=0 250ms=0]
05-18 12:13:10.696 11901 11918 I wasm_android_host::pr..: wandr-profile: frame 140220 t+2409472ms  win[N=60 min=14.8ms mean=16.6ms max=20.6ms] over[16ms=38 50ms=0 100ms=0 250ms=0]
05-18 12:13:11.713 11901 11918 I wasm_android_host::pr..: wandr-profile: frame 140280 t+2410489ms  win[N=60 min=14.6ms mean=16.9ms max=34.3ms] over[16ms=47 50ms=0 100ms=0 250ms=0]
05-18 12:13:12.712 11901 11918 I wasm_android_host::pr..: wandr-profile: frame 140340 t+2411487ms  win[N=60 min=14.3ms mean=16.6ms max=20.4ms] over[16ms=44 50ms=0 100ms=0 250ms=0]
05-18 12:13:13.710 11901 11918 I wasm_android_host::pr..: wandr-profile: frame 140400 t+2412485ms  win[N=60 min=14.6ms mean=16.6ms max=20.2ms] over[16ms=48 50ms=0 100ms=0 250ms=0]
05-18 12:13:14.708 11901 11918 I wasm_android_host::pr..: wandr-profile: frame 140460 t+2413484ms  win[N=60 min=13.1ms mean=16.6ms max=20.1ms] over[16ms=44 50ms=0 100ms=0 250ms=0]
05-18 12:13:15.721 11901 11918 I wasm_android_host::pr..: wandr-profile: frame 140520 t+2414497ms  win[N=60 min=11.0ms mean=16.8ms max=38.0ms] over[16ms=40 50ms=0 100ms=0 250ms=0]
05-18 12:13:16.720 11901 11918 I wasm_android_host::pr..: wandr-profile: frame 140580 t+2415496ms  win[N=60 min=13.0ms mean=16.6ms max=20.1ms] over[16ms=44 50ms=0 100ms=0 250ms=0]
05-18 12:13:17.718 11901 11918 I wasm_android_host::pr..: wandr-profile: frame 140640 t+2416494ms  win[N=60 min=14.1ms mean=16.6ms max=19.3ms] over[16ms=47 50ms=0 100ms=0 250ms=0]
05-18 12:13:18.718 11901 11918 I wasm_android_host::pr..: wandr-profile: frame 140700 t+2417494ms  win[N=60 min=14.8ms mean=16.6ms max=20.6ms] over[16ms=44 50ms=0 100ms=0 250ms=0]
05-18 12:13:19.715 11901 11918 I wasm_android_host::pr..: wandr-profile: frame 140760 t+2418491ms  win[N=60 min=13.6ms mean=16.5ms max=19.9ms] over[16ms=45 50ms=0 100ms=0 250ms=0]
05-18 12:13:20.713 11901 11918 I wasm_android_host::pr..: wandr-profile: frame 140820 t+2419489ms  win[N=60 min=12.7ms mean=16.6ms max=20.5ms] over[16ms=44 50ms=0 100ms=0 250ms=0]
05-18 12:13:21.713 11901 11918 I wasm_android_host::pr..: wandr-profile: frame 140880 t+2420489ms  win[N=60 min=14.4ms mean=16.6ms max=20.3ms] over[16ms=43 50ms=0 100ms=0 250ms=0]
05-18 12:13:22.712 11901 11918 I wasm_android_host::pr..: wandr-profile: frame 140940 t+2421487ms  win[N=60 min=14.2ms mean=16.6ms max=20.7ms] over[16ms=42 50ms=0 100ms=0 250ms=0]
05-18 12:13:23.710 11901 11918 I wasm_android_host::pr..: wandr-profile: frame 141000 t+2422486ms  win[N=60 min=14.2ms mean=16.6ms max=20.3ms] over[16ms=39 50ms=0 100ms=0 250ms=0]
05-18 12:13:24.708 11901 11918 I wasm_android_host::pr..: wandr-profile: frame 141060 t+2423484ms  win[N=60 min=12.7ms mean=16.6ms max=20.7ms] over[16ms=42 50ms=0 100ms=0 250ms=0]
05-18 12:13:25.705 11901 11918 I wasm_android_host::pr..: wandr-profile: frame 141120 t+2424481ms  win[N=60 min=14.3ms mean=16.6ms max=20.2ms] over[16ms=39 50ms=0 100ms=0 250ms=0]
05-18 12:13:26.703 11901 11918 I wasm_android_host::pr..: wandr-profile: frame 141180 t+2425479ms  win[N=60 min=13.4ms mean=16.6ms max=20.2ms] over[16ms=43 50ms=0 100ms=0 250ms=0]
05-18 12:13:27.718 11901 11918 I wasm_android_host::pr..: wandr-profile: frame 141240 t+2426494ms  win[N=60 min=11.3ms mean=16.9ms max=32.6ms] over[16ms=43 50ms=0 100ms=0 250ms=0]
05-18 12:13:28.716 11901 11918 I wasm_android_host::pr..: wandr-profile: frame 141300 t+2427492ms  win[N=60 min=12.8ms mean=16.6ms max=20.6ms] over[16ms=41 50ms=0 100ms=0 250ms=0]
05-18 12:13:29.733 11901 11918 I wasm_android_host::pr..: wandr-profile: frame 141360 t+2428509ms  win[N=60 min=13.6ms mean=16.9ms max=34.1ms] over[16ms=45 50ms=0 100ms=0 250ms=0]
05-18 12:13:30.763 11901 11918 I wasm_android_host::pr..: wandr-profile: frame 141420 t+2429539ms  win[N=60 min=11.6ms mean=17.1ms max=39.0ms] over[16ms=38 50ms=0 100ms=0 250ms=0]
05-18 12:13:31.778 11901 11918 I wasm_android_host::pr..: wandr-profile: frame 141480 t+2430554ms  win[N=60 min=11.1ms mean=16.8ms max=37.9ms] over[16ms=40 50ms=0 100ms=0 250ms=0]
05-18 12:13:32.778 11901 11918 I wasm_android_host::pr..: wandr-profile: frame 141540 t+2431554ms  win[N=60 min=15.0ms mean=16.6ms max=18.6ms] over[16ms=47 50ms=0 100ms=0 250ms=0]
05-18 12:13:33.793 11901 11918 I wasm_android_host::pr..: wandr-profile: frame 141600 t+2432568ms  win[N=60 min=13.5ms mean=16.8ms max=34.2ms] over[16ms=43 50ms=0 100ms=0 250ms=0]
05-18 12:13:34.791 11901 11918 I wasm_android_host::pr..: wandr-profile: frame 141660 t+2433567ms  win[N=60 min=14.4ms mean=16.6ms max=20.4ms] over[16ms=43 50ms=0 100ms=0 250ms=0]
05-18 12:13:35.789 11901 11918 I wasm_android_host::pr..: wandr-profile: frame 141720 t+2434565ms  win[N=60 min=14.4ms mean=16.6ms max=19.9ms] over[16ms=45 50ms=0 100ms=0 250ms=0]
05-18 12:13:36.788 11901 11918 I wasm_android_host::pr..: wandr-profile: frame 141780 t+2435564ms  win[N=60 min=13.1ms mean=16.6ms max=20.1ms] over[16ms=44 50ms=0 100ms=0 250ms=0]
05-18 12:13:37.785 11901 11918 I wasm_android_host::pr..: wandr-profile: frame 141840 t+2436560ms  win[N=60 min=14.3ms mean=16.5ms max=20.0ms] over[16ms=44 50ms=0 100ms=0 250ms=0]
05-18 12:13:38.783 11901 11918 I wasm_android_host::pr..: wandr-profile: frame 141900 t+2437559ms  win[N=60 min=14.6ms mean=16.6ms max=18.7ms] over[16ms=43 50ms=0 100ms=0 250ms=0]
05-18 12:13:39.781 11901 11918 I wasm_android_host::pr..: wandr-profile: frame 141960 t+2438557ms  win[N=60 min=14.2ms mean=16.6ms max=20.2ms] over[16ms=45 50ms=0 100ms=0 250ms=0]
05-18 12:13:40.780 11901 11918 I wasm_android_host::pr..: wandr-profile: frame 142020 t+2439556ms  win[N=60 min=13.6ms mean=16.6ms max=20.6ms] over[16ms=42 50ms=0 100ms=0 250ms=0]
05-18 12:13:41.778 11901 11918 I wasm_android_host::pr..: wandr-profile: frame 142080 t+2440554ms  win[N=60 min=13.8ms mean=16.6ms max=20.3ms] over[16ms=41 50ms=0 100ms=0 250ms=0]
05-18 12:13:42.776 11901 11918 I wasm_android_host::pr..: wandr-profile: frame 142140 t+2441552ms  win[N=60 min=14.9ms mean=16.6ms max=20.4ms] over[16ms=41 50ms=0 100ms=0 250ms=0]
05-18 12:13:43.795 11901 11918 I wasm_android_host::pr..: wandr-profile: frame 142200 t+2442571ms  win[N=60 min=13.4ms mean=16.9ms max=34.4ms] over[16ms=44 50ms=0 100ms=0 250ms=0]
05-18 12:13:44.791 11901 11918 I wasm_android_host::pr..: wandr-profile: frame 142260 t+2443567ms  win[N=60 min=14.5ms mean=16.5ms max=20.4ms] over[16ms=44 50ms=0 100ms=0 250ms=0]
05-18 12:13:45.805 11901 11918 I wasm_android_host::pr..: wandr-profile: frame 142320 t+2444581ms  win[N=60 min=13.5ms mean=16.8ms max=33.4ms] over[16ms=41 50ms=0 100ms=0 250ms=0]
05-18 12:13:46.803 11901 11918 I wasm_android_host::pr..: wandr-profile: frame 142380 t+2445579ms  win[N=60 min=14.7ms mean=16.6ms max=20.5ms] over[16ms=41 50ms=0 100ms=0 250ms=0]
05-18 12:13:47.818 11901 11918 I wasm_android_host::pr..: wandr-profile: frame 142440 t+2446594ms  win[N=60 min=13.1ms mean=16.8ms max=34.0ms] over[16ms=48 50ms=0 100ms=0 250ms=0]
05-18 12:13:48.817 11901 11918 I wasm_android_host::pr..: wandr-profile: frame 142500 t+2447592ms  win[N=60 min=14.8ms mean=16.6ms max=18.9ms] over[16ms=47 50ms=0 100ms=0 250ms=0]
05-18 12:13:49.815 11901 11918 I wasm_android_host::pr..: wandr-profile: frame 142560 t+2448591ms  win[N=60 min=13.7ms mean=16.6ms max=19.7ms] over[16ms=43 50ms=0 100ms=0 250ms=0]
05-18 12:13:50.813 11901 11918 I wasm_android_host::pr..: wandr-profile: frame 142620 t+2449589ms  win[N=60 min=14.5ms mean=16.6ms max=20.7ms] over[16ms=39 50ms=0 100ms=0 250ms=0]
05-18 12:13:51.813 11901 11918 I wasm_android_host::pr..: wandr-profile: frame 142680 t+2450589ms  win[N=60 min=13.8ms mean=16.6ms max=19.4ms] over[16ms=47 50ms=0 100ms=0 250ms=0]
05-18 12:13:52.812 11901 11918 I wasm_android_host::pr..: wandr-profile: frame 142740 t+2451587ms  win[N=60 min=13.2ms mean=16.6ms max=21.7ms] over[16ms=39 50ms=0 100ms=0 250ms=0]
05-18 12:13:53.810 11901 11918 I wasm_android_host::pr..: wandr-profile: frame 142800 t+2452586ms  win[N=60 min=14.3ms mean=16.6ms max=18.8ms] over[16ms=45 50ms=0 100ms=0 250ms=0]
05-18 12:13:54.808 11901 11918 I wasm_android_host::pr..: wandr-profile: frame 142860 t+2453584ms  win[N=60 min=14.7ms mean=16.6ms max=20.2ms] over[16ms=44 50ms=0 100ms=0 250ms=0]
05-18 12:13:55.805 11901 11918 I wasm_android_host::pr..: wandr-profile: frame 142920 t+2454581ms  win[N=60 min=13.6ms mean=16.6ms max=19.4ms] over[16ms=48 50ms=0 100ms=0 250ms=0]
05-18 12:13:56.803 11901 11918 I wasm_android_host::pr..: wandr-profile: frame 142980 t+2455579ms  win[N=60 min=13.3ms mean=16.6ms max=20.5ms] over[16ms=43 50ms=0 100ms=0 250ms=0]
05-18 12:13:57.818 11901 11918 I wasm_android_host::pr..: wandr-profile: frame 143040 t+2456593ms  win[N=60 min=13.1ms mean=16.8ms max=34.0ms] over[16ms=47 50ms=0 100ms=0 250ms=0]
05-18 12:13:58.817 11901 11918 I wasm_android_host::pr..: wandr-profile: frame 143100 t+2457592ms  win[N=60 min=14.5ms mean=16.6ms max=19.9ms] over[16ms=45 50ms=0 100ms=0 250ms=0]
05-18 12:13:59.833 11901 11918 I wasm_android_host::pr..: wandr-profile: frame 143160 t+2458609ms  win[N=60 min=13.6ms mean=16.9ms max=32.3ms] over[16ms=44 50ms=0 100ms=0 250ms=0]
05-18 12:14:00.833 11901 11918 I wasm_android_host::pr..: wandr-profile: frame 143220 t+2459608ms  win[N=60 min=15.0ms mean=16.6ms max=19.2ms] over[16ms=42 50ms=0 100ms=0 250ms=0]
05-18 12:14:01.830 11901 11918 I wasm_android_host::pr..: wandr-profile: frame 143280 t+2460605ms  win[N=60 min=14.4ms mean=16.6ms max=18.7ms] over[16ms=44 50ms=0 100ms=0 250ms=0]
05-18 12:14:02.828 11901 11918 I wasm_android_host::pr..: wandr-profile: frame 143340 t+2461604ms  win[N=60 min=14.5ms mean=16.6ms max=21.2ms] over[16ms=42 50ms=0 100ms=0 250ms=0]
05-18 12:14:03.825 11901 11918 I wasm_android_host::pr..: wandr-profile: frame 143400 t+2462601ms  win[N=60 min=14.1ms mean=16.5ms max=19.2ms] over[16ms=44 50ms=0 100ms=0 250ms=0]
05-18 12:14:04.824 11901 11918 I wasm_android_host::pr..: wandr-profile: frame 143460 t+2463600ms  win[N=60 min=14.4ms mean=16.6ms max=20.6ms] over[16ms=46 50ms=0 100ms=0 250ms=0]
05-18 12:14:05.838 11901 11918 I wasm_android_host::pr..: wandr-profile: frame 143520 t+2464614ms  win[N=60 min=13.1ms mean=16.8ms max=33.9ms] over[16ms=46 50ms=0 100ms=0 250ms=0]
05-18 12:14:06.837 11901 11918 I wasm_android_host::pr..: wandr-profile: frame 143580 t+2465612ms  win[N=60 min=14.3ms mean=16.6ms max=20.1ms] over[16ms=42 50ms=0 100ms=0 250ms=0]
05-18 12:14:07.853 11901 11918 I wasm_android_host::pr..: wandr-profile: frame 143640 t+2466629ms  win[N=60 min=14.6ms mean=16.9ms max=32.4ms] over[16ms=44 50ms=0 100ms=0 250ms=0]
05-18 12:14:08.852 11901 11918 I wasm_android_host::pr..: wandr-profile: frame 143700 t+2467627ms  win[N=60 min=13.1ms mean=16.6ms max=20.7ms] over[16ms=45 50ms=0 100ms=0 250ms=0]
05-18 12:14:09.865 11901 11918 I wasm_android_host::pr..: wandr-profile: frame 143760 t+2468641ms  win[N=60 min=10.9ms mean=16.8ms max=37.3ms] over[16ms=39 50ms=0 100ms=0 250ms=0]
05-18 12:14:10.864 11901 11918 I wasm_android_host::pr..: wandr-profile: frame 143820 t+2469639ms  win[N=60 min=13.0ms mean=16.6ms max=20.2ms] over[16ms=46 50ms=0 100ms=0 250ms=0]
05-18 12:14:11.862 11901 11918 I wasm_android_host::pr..: wandr-profile: frame 143880 t+2470638ms  win[N=60 min=14.2ms mean=16.6ms max=19.0ms] over[16ms=41 50ms=0 100ms=0 250ms=0]
05-18 12:14:12.860 11901 11918 I wasm_android_host::pr..: wandr-profile: frame 143940 t+2471636ms  win[N=60 min=14.9ms mean=16.6ms max=20.4ms] over[16ms=45 50ms=0 100ms=0 250ms=0]
05-18 12:14:13.859 11901 11918 I wasm_android_host::pr..: wandr-profile: frame 144000 t+2472635ms  win[N=60 min=14.1ms mean=16.6ms max=20.1ms] over[16ms=43 50ms=0 100ms=0 250ms=0]
05-18 12:14:14.857 11901 11918 I wasm_android_host::pr..: wandr-profile: frame 144060 t+2473633ms  win[N=60 min=14.4ms mean=16.6ms max=20.1ms] over[16ms=47 50ms=0 100ms=0 250ms=0]
05-18 12:14:15.857 11901 11918 I wasm_android_host::pr..: wandr-profile: frame 144120 t+2474632ms  win[N=60 min=14.7ms mean=16.6ms max=18.9ms] over[16ms=46 50ms=0 100ms=0 250ms=0]
05-18 12:14:16.858 11901 11918 I wasm_android_host::pr..: wandr-profile: frame 144180 t+2475634ms  win[N=60 min=14.4ms mean=16.6ms max=20.5ms] over[16ms=48 50ms=0 100ms=0 250ms=0]
05-18 12:14:17.853 11901 11918 I wasm_android_host::pr..: wandr-profile: frame 144240 t+2476629ms  win[N=60 min=12.6ms mean=16.5ms max=20.6ms] over[16ms=43 50ms=0 100ms=0 250ms=0]
05-18 12:14:18.853 11901 11918 I wasm_android_host::pr..: wandr-profile: frame 144300 t+2477629ms  win[N=60 min=13.4ms mean=16.6ms max=19.8ms] over[16ms=43 50ms=0 100ms=0 250ms=0]
05-18 12:14:19.851 11901 11918 I wasm_android_host::pr..: wandr-profile: frame 144360 t+2478627ms  win[N=60 min=13.8ms mean=16.6ms max=20.8ms] over[16ms=42 50ms=0 100ms=0 250ms=0]
05-18 12:14:20.850 11901 11918 I wasm_android_host::pr..: wandr-profile: frame 144420 t+2479626ms  win[N=60 min=14.5ms mean=16.6ms max=19.8ms] over[16ms=45 50ms=0 100ms=0 250ms=0]
05-18 12:14:21.848 11901 11918 I wasm_android_host::pr..: wandr-profile: frame 144480 t+2480624ms  win[N=60 min=13.7ms mean=16.6ms max=20.1ms] over[16ms=44 50ms=0 100ms=0 250ms=0]
05-18 12:14:22.862 11901 11918 I wasm_android_host::pr..: wandr-profile: frame 144540 t+2481637ms  win[N=60 min=10.9ms mean=16.8ms max=37.2ms] over[16ms=43 50ms=0 100ms=0 250ms=0]
05-18 12:14:23.860 11901 11918 I wasm_android_host::pr..: wandr-profile: frame 144600 t+2482636ms  win[N=60 min=13.2ms mean=16.6ms max=20.4ms] over[16ms=46 50ms=0 100ms=0 250ms=0]
05-18 12:14:24.859 11901 11918 I wasm_android_host::pr..: wandr-profile: frame 144660 t+2483634ms  win[N=60 min=14.4ms mean=16.6ms max=19.9ms] over[16ms=40 50ms=0 100ms=0 250ms=0]
05-18 12:14:25.859 11901 11918 I wasm_android_host::pr..: wandr-profile: frame 144720 t+2484634ms  win[N=60 min=13.5ms mean=16.6ms max=20.5ms] over[16ms=46 50ms=0 100ms=0 250ms=0]
05-18 12:14:26.856 11901 11918 I wasm_android_host::pr..: wandr-profile: frame 144780 t+2485631ms  win[N=60 min=14.8ms mean=16.6ms max=18.3ms] over[16ms=45 50ms=0 100ms=0 250ms=0]
05-18 12:14:27.854 11901 11918 I wasm_android_host::pr..: wandr-profile: frame 144840 t+2486630ms  win[N=60 min=13.2ms mean=16.6ms max=20.6ms] over[16ms=47 50ms=0 100ms=0 250ms=0]
05-18 12:14:28.853 11901 11918 I wasm_android_host::pr..: wandr-profile: frame 144900 t+2487628ms  win[N=60 min=14.5ms mean=16.6ms max=18.8ms] over[16ms=43 50ms=0 100ms=0 250ms=0]
05-18 12:14:29.853 11901 11918 I wasm_android_host::pr..: wandr-profile: frame 144960 t+2488628ms  win[N=60 min=13.8ms mean=16.6ms max=20.1ms] over[16ms=47 50ms=0 100ms=0 250ms=0]
05-18 12:14:30.851 11901 11918 I wasm_android_host::pr..: wandr-profile: frame 145020 t+2489627ms  win[N=60 min=13.0ms mean=16.6ms max=20.6ms] over[16ms=43 50ms=0 100ms=0 250ms=0]
05-18 12:14:31.849 11901 11918 I wasm_android_host::pr..: wandr-profile: frame 145080 t+2490625ms  win[N=60 min=14.6ms mean=16.6ms max=18.8ms] over[16ms=45 50ms=0 100ms=0 250ms=0]
05-18 12:14:32.848 11901 11918 I wasm_android_host::pr..: wandr-profile: frame 145140 t+2491624ms  win[N=60 min=13.0ms mean=16.6ms max=20.5ms] over[16ms=46 50ms=0 100ms=0 250ms=0]
05-18 12:14:33.845 11901 11918 I wasm_android_host::pr..: wandr-profile: frame 145200 t+2492620ms  win[N=60 min=13.7ms mean=16.5ms max=19.4ms] over[16ms=45 50ms=0 100ms=0 250ms=0]
05-18 12:14:34.844 11901 11918 I wasm_android_host::pr..: wandr-profile: frame 145260 t+2493619ms  win[N=60 min=14.5ms mean=16.6ms max=19.3ms] over[16ms=42 50ms=0 100ms=0 250ms=0]
05-18 12:14:35.858 11901 11918 I wasm_android_host::pr..: wandr-profile: frame 145320 t+2494634ms  win[N=60 min=14.0ms mean=16.8ms max=31.4ms] over[16ms=45 50ms=0 100ms=0 250ms=0]
05-18 12:14:36.858 11901 11918 I wasm_android_host::pr..: wandr-profile: frame 145380 t+2495634ms  win[N=60 min=13.2ms mean=16.6ms max=20.6ms] over[16ms=43 50ms=0 100ms=0 250ms=0]
05-18 12:14:37.855 11901 11918 I wasm_android_host::pr..: wandr-profile: frame 145440 t+2496630ms  win[N=60 min=13.3ms mean=16.5ms max=20.2ms] over[16ms=42 50ms=0 100ms=0 250ms=0]
05-18 12:14:38.853 11901 11918 I wasm_android_host::pr..: wandr-profile: frame 145500 t+2497629ms  win[N=60 min=14.6ms mean=16.6ms max=20.3ms] over[16ms=42 50ms=0 100ms=0 250ms=0]
05-18 12:14:39.853 11901 11918 I wasm_android_host::pr..: wandr-profile: frame 145560 t+2498629ms  win[N=60 min=14.9ms mean=16.6ms max=20.1ms] over[16ms=45 50ms=0 100ms=0 250ms=0]
05-18 12:14:40.852 11901 11918 I wasm_android_host::pr..: wandr-profile: frame 145620 t+2499628ms  win[N=60 min=13.3ms mean=16.6ms max=20.5ms] over[16ms=46 50ms=0 100ms=0 250ms=0]
05-18 12:14:41.865 11901 11918 I wasm_android_host::pr..: wandr-profile: frame 145680 t+2500641ms  win[N=60 min=14.1ms mean=16.8ms max=31.9ms] over[16ms=41 50ms=0 100ms=0 250ms=0]
05-18 12:14:42.863 11901 11918 I wasm_android_host::pr..: wandr-profile: frame 145740 t+2501639ms  win[N=60 min=13.3ms mean=16.6ms max=20.8ms] over[16ms=42 50ms=0 100ms=0 250ms=0]
05-18 12:14:43.862 11901 11918 I wasm_android_host::pr..: wandr-profile: frame 145800 t+2502637ms  win[N=60 min=13.9ms mean=16.6ms max=19.5ms] over[16ms=47 50ms=0 100ms=0 250ms=0]
05-18 12:14:44.860 11901 11918 I wasm_android_host::pr..: wandr-profile: frame 145860 t+2503636ms  win[N=60 min=14.8ms mean=16.6ms max=20.2ms] over[16ms=44 50ms=0 100ms=0 250ms=0]
05-18 12:14:45.859 11901 11918 I wasm_android_host::pr..: wandr-profile: frame 145920 t+2504634ms  win[N=60 min=14.0ms mean=16.6ms max=19.4ms] over[16ms=44 50ms=0 100ms=0 250ms=0]
05-18 12:14:46.858 11901 11918 I wasm_android_host::pr..: wandr-profile: frame 145980 t+2505634ms  win[N=60 min=13.4ms mean=16.6ms max=20.2ms] over[16ms=43 50ms=0 100ms=0 250ms=0]
05-18 12:14:47.858 11901 11918 I wasm_android_host::pr..: wandr-profile: frame 146040 t+2506634ms  win[N=60 min=13.9ms mean=16.6ms max=19.5ms] over[16ms=43 50ms=0 100ms=0 250ms=0]
05-18 12:14:48.854 11901 11918 I wasm_android_host::pr..: wandr-profile: frame 146100 t+2507630ms  win[N=60 min=13.6ms mean=16.5ms max=20.5ms] over[16ms=43 50ms=0 100ms=0 250ms=0]
05-18 12:14:49.852 11901 11918 I wasm_android_host::pr..: wandr-profile: frame 146160 t+2508628ms  win[N=60 min=13.9ms mean=16.6ms max=21.7ms] over[16ms=41 50ms=0 100ms=0 250ms=0]
05-18 12:14:50.852 11901 11918 I wasm_android_host::pr..: wandr-profile: frame 146220 t+2509628ms  win[N=60 min=13.0ms mean=16.6ms max=20.6ms] over[16ms=43 50ms=0 100ms=0 250ms=0]
05-18 12:14:51.851 11901 11918 I wasm_android_host::pr..: wandr-profile: frame 146280 t+2510626ms  win[N=60 min=12.0ms mean=16.6ms max=21.2ms] over[16ms=46 50ms=0 100ms=0 250ms=0]
05-18 12:14:52.849 11901 11918 I wasm_android_host::pr..: wandr-profile: frame 146340 t+2511625ms  win[N=60 min=14.5ms mean=16.6ms max=19.7ms] over[16ms=44 50ms=0 100ms=0 250ms=0]
05-18 12:14:53.882 11901 11918 I wasm_android_host::pr..: wandr-profile: frame 146400 t+2512657ms  win[N=60 min=14.5ms mean=17.1ms max=33.4ms] over[16ms=47 50ms=0 100ms=0 250ms=0]
05-18 12:14:54.861 11901 11918 I wasm_android_host::pr..: wandr-profile: frame 146460 t+2513637ms  win[N=60 min=11.4ms mean=16.3ms max=20.3ms] over[16ms=40 50ms=0 100ms=0 250ms=0]
05-18 12:14:55.859 11901 11918 I wasm_android_host::pr..: wandr-profile: frame 146520 t+2514635ms  win[N=60 min=13.7ms mean=16.6ms max=20.4ms] over[16ms=41 50ms=0 100ms=0 250ms=0]
05-18 12:14:56.858 11901 11918 I wasm_android_host::pr..: wandr-profile: frame 146580 t+2515633ms  win[N=60 min=13.5ms mean=16.6ms max=19.6ms] over[16ms=43 50ms=0 100ms=0 250ms=0]
05-18 12:14:57.856 11901 11918 I wasm_android_host::pr..: wandr-profile: frame 146640 t+2516632ms  win[N=60 min=13.3ms mean=16.6ms max=19.9ms] over[16ms=44 50ms=0 100ms=0 250ms=0]
05-18 12:14:58.858 11901 11918 I wasm_android_host::pr..: wandr-profile: frame 146700 t+2517634ms  win[N=60 min=14.2ms mean=16.6ms max=20.1ms] over[16ms=43 50ms=0 100ms=0 250ms=0]
05-18 12:14:59.853 11901 11918 I wasm_android_host::pr..: wandr-profile: frame 146760 t+2518629ms  win[N=60 min=13.8ms mean=16.5ms max=20.4ms] over[16ms=44 50ms=0 100ms=0 250ms=0]
05-18 12:15:00.853 11901 11918 I wasm_android_host::pr..: wandr-profile: frame 146820 t+2519629ms  win[N=60 min=14.2ms mean=16.6ms max=20.1ms] over[16ms=44 50ms=0 100ms=0 250ms=0]
05-18 12:15:01.851 11901 11918 I wasm_android_host::pr..: wandr-profile: frame 146880 t+2520627ms  win[N=60 min=13.2ms mean=16.6ms max=20.0ms] over[16ms=45 50ms=0 100ms=0 250ms=0]
05-18 12:15:02.850 11901 11918 I wasm_android_host::pr..: wandr-profile: frame 146940 t+2521626ms  win[N=60 min=14.1ms mean=16.6ms max=20.3ms] over[16ms=44 50ms=0 100ms=0 250ms=0]
05-18 12:15:03.848 11901 11918 I wasm_android_host::pr..: wandr-profile: frame 147000 t+2522624ms  win[N=60 min=14.1ms mean=16.6ms max=19.7ms] over[16ms=44 50ms=0 100ms=0 250ms=0]
05-18 12:15:04.862 11901 11918 I wasm_android_host::pr..: wandr-profile: frame 147060 t+2523638ms  win[N=60 min=11.1ms mean=16.8ms max=37.1ms] over[16ms=40 50ms=0 100ms=0 250ms=0]
05-18 12:15:05.861 11901 11918 I wasm_android_host::pr..: wandr-profile: frame 147120 t+2524636ms  win[N=60 min=14.4ms mean=16.6ms max=20.1ms] over[16ms=44 50ms=0 100ms=0 250ms=0]
05-18 12:15:06.859 11901 11918 I wasm_android_host::pr..: wandr-profile: frame 147180 t+2525635ms  win[N=60 min=14.0ms mean=16.6ms max=19.5ms] over[16ms=42 50ms=0 100ms=0 250ms=0]
05-18 12:15:07.857 11901 11918 I wasm_android_host::pr..: wandr-profile: frame 147240 t+2526633ms  win[N=60 min=13.4ms mean=16.6ms max=20.5ms] over[16ms=44 50ms=0 100ms=0 250ms=0]
05-18 12:15:08.856 11901 11918 I wasm_android_host::pr..: wandr-profile: frame 147300 t+2527632ms  win[N=60 min=14.5ms mean=16.6ms max=22.1ms] over[16ms=43 50ms=0 100ms=0 250ms=0]
05-18 12:15:09.856 11901 11918 I wasm_android_host::pr..: wandr-profile: frame 147360 t+2528632ms  win[N=60 min=14.2ms mean=16.6ms max=20.6ms] over[16ms=43 50ms=0 100ms=0 250ms=0]
05-18 12:15:10.853 11901 11918 I wasm_android_host::pr..: wandr-profile: frame 147420 t+2529628ms  win[N=60 min=14.3ms mean=16.5ms max=19.4ms] over[16ms=42 50ms=0 100ms=0 250ms=0]
05-18 12:15:11.853 11901 11918 I wasm_android_host::pr..: wandr-profile: frame 147480 t+2530628ms  win[N=60 min=13.2ms mean=16.6ms max=20.0ms] over[16ms=47 50ms=0 100ms=0 250ms=0]
05-18 12:15:12.851 11901 11918 I wasm_android_host::pr..: wandr-profile: frame 147540 t+2531626ms  win[N=60 min=14.7ms mean=16.6ms max=19.1ms] over[16ms=45 50ms=0 100ms=0 250ms=0]
05-18 12:15:13.850 11901 11918 I wasm_android_host::pr..: wandr-profile: frame 147600 t+2532625ms  win[N=60 min=14.6ms mean=16.6ms max=20.2ms] over[16ms=48 50ms=0 100ms=0 250ms=0]
05-18 12:15:14.848 11901 11918 I wasm_android_host::pr..: wandr-profile: frame 147660 t+2533623ms  win[N=60 min=13.3ms mean=16.6ms max=19.6ms] over[16ms=44 50ms=0 100ms=0 250ms=0]
05-18 12:15:15.845 11901 11918 I wasm_android_host::pr..: wandr-profile: frame 147720 t+2534621ms  win[N=60 min=13.7ms mean=16.6ms max=20.5ms] over[16ms=43 50ms=0 100ms=0 250ms=0]
05-18 12:15:16.843 11901 11918 I wasm_android_host::pr..: wandr-profile: frame 147780 t+2535619ms  win[N=60 min=13.6ms mean=16.6ms max=20.6ms] over[16ms=41 50ms=0 100ms=0 250ms=0]
05-18 12:15:17.858 11901 11918 I wasm_android_host::pr..: wandr-profile: frame 147840 t+2536634ms  win[N=60 min=11.0ms mean=16.9ms max=34.2ms] over[16ms=44 50ms=0 100ms=0 250ms=0]
05-18 12:15:18.857 11901 11918 I wasm_android_host::pr..: wandr-profile: frame 147900 t+2537633ms  win[N=60 min=13.7ms mean=16.6ms max=20.1ms] over[16ms=41 50ms=0 100ms=0 250ms=0]
05-18 12:15:19.873 11901 11918 I wasm_android_host::pr..: wandr-profile: frame 147960 t+2538649ms  win[N=60 min=11.1ms mean=16.9ms max=37.4ms] over[16ms=42 50ms=0 100ms=0 250ms=0]
05-18 12:15:20.872 11901 11918 I wasm_android_host::pr..: wandr-profile: frame 148020 t+2539648ms  win[N=60 min=14.7ms mean=16.6ms max=20.2ms] over[16ms=45 50ms=0 100ms=0 250ms=0]
05-18 12:15:21.872 11901 11918 I wasm_android_host::pr..: wandr-profile: frame 148080 t+2540648ms  win[N=60 min=14.4ms mean=16.6ms max=19.5ms] over[16ms=44 50ms=0 100ms=0 250ms=0]
05-18 12:15:22.868 11901 11918 I wasm_android_host::pr..: wandr-profile: frame 148140 t+2541644ms  win[N=60 min=13.6ms mean=16.5ms max=20.3ms] over[16ms=42 50ms=0 100ms=0 250ms=0]
05-18 12:15:23.865 11901 11918 I wasm_android_host::pr..: wandr-profile: frame 148200 t+2542641ms  win[N=60 min=14.0ms mean=16.5ms max=19.4ms] over[16ms=43 50ms=0 100ms=0 250ms=0]
05-18 12:15:24.864 11901 11918 I wasm_android_host::pr..: wandr-profile: frame 148260 t+2543639ms  win[N=60 min=13.7ms mean=16.6ms max=19.7ms] over[16ms=47 50ms=0 100ms=0 250ms=0]
05-18 12:15:25.862 11901 11918 I wasm_android_host::pr..: wandr-profile: frame 148320 t+2544638ms  win[N=60 min=14.1ms mean=16.6ms max=19.9ms] over[16ms=42 50ms=0 100ms=0 250ms=0]
05-18 12:15:26.860 11901 11918 I wasm_android_host::pr..: wandr-profile: frame 148380 t+2545636ms  win[N=60 min=13.9ms mean=16.6ms max=20.0ms] over[16ms=41 50ms=0 100ms=0 250ms=0]
05-18 12:15:27.862 11901 11918 I wasm_android_host::pr..: wandr-profile: frame 148440 t+2546637ms  win[N=60 min=14.5ms mean=16.6ms max=19.3ms] over[16ms=43 50ms=0 100ms=0 250ms=0]
05-18 12:15:28.857 11901 11918 I wasm_android_host::pr..: wandr-profile: frame 148500 t+2547633ms  win[N=60 min=13.8ms mean=16.5ms max=20.7ms] over[16ms=43 50ms=0 100ms=0 250ms=0]
05-18 12:15:29.858 11901 11918 I wasm_android_host::pr..: wandr-profile: frame 148560 t+2548634ms  win[N=60 min=14.2ms mean=16.6ms max=19.3ms] over[16ms=46 50ms=0 100ms=0 250ms=0]
05-18 12:15:30.854 11901 11918 I wasm_android_host::pr..: wandr-profile: frame 148620 t+2549630ms  win[N=60 min=14.0ms mean=16.5ms max=18.4ms] over[16ms=48 50ms=0 100ms=0 250ms=0]
05-18 12:15:31.873 11901 11918 I wasm_android_host::pr..: wandr-profile: frame 148680 t+2550649ms  win[N=60 min=13.8ms mean=16.9ms max=34.1ms] over[16ms=45 50ms=0 100ms=0 250ms=0]
05-18 12:15:32.868 11901 11918 I wasm_android_host::pr..: wandr-profile: frame 148740 t+2551644ms  win[N=60 min=12.3ms mean=16.5ms max=20.8ms] over[16ms=40 50ms=0 100ms=0 250ms=0]
05-18 12:15:33.868 11901 11918 I wasm_android_host::pr..: wandr-profile: frame 148800 t+2552643ms  win[N=60 min=14.8ms mean=16.6ms max=20.4ms] over[16ms=40 50ms=0 100ms=0 250ms=0]
05-18 12:15:34.865 11901 11918 I wasm_android_host::pr..: wandr-profile: frame 148860 t+2553641ms  win[N=60 min=14.4ms mean=16.6ms max=19.7ms] over[16ms=48 50ms=0 100ms=0 250ms=0]
05-18 12:15:35.863 11901 11918 I wasm_android_host::pr..: wandr-profile: frame 148920 t+2554639ms  win[N=60 min=12.9ms mean=16.6ms max=20.3ms] over[16ms=43 50ms=0 100ms=0 250ms=0]
05-18 12:15:36.862 11901 11918 I wasm_android_host::pr..: wandr-profile: frame 148980 t+2555637ms  win[N=60 min=14.0ms mean=16.6ms max=19.7ms] over[16ms=45 50ms=0 100ms=0 250ms=0]
05-18 12:15:37.860 11901 11918 I wasm_android_host::pr..: wandr-profile: frame 149040 t+2556635ms  win[N=60 min=14.3ms mean=16.6ms max=20.4ms] over[16ms=45 50ms=0 100ms=0 250ms=0]
05-18 12:15:38.858 11901 11918 I wasm_android_host::pr..: wandr-profile: frame 149100 t+2557634ms  win[N=60 min=13.9ms mean=16.6ms max=19.9ms] over[16ms=44 50ms=0 100ms=0 250ms=0]
05-18 12:15:39.858 11901 11918 I wasm_android_host::pr..: wandr-profile: frame 149160 t+2558634ms  win[N=60 min=14.7ms mean=16.6ms max=18.9ms] over[16ms=46 50ms=0 100ms=0 250ms=0]
05-18 12:15:40.857 11901 11918 I wasm_android_host::pr..: wandr-profile: frame 149220 t+2559632ms  win[N=60 min=14.2ms mean=16.6ms max=19.2ms] over[16ms=39 50ms=0 100ms=0 250ms=0]
05-18 12:15:41.854 11901 11918 I wasm_android_host::pr..: wandr-profile: frame 149280 t+2560630ms  win[N=60 min=13.6ms mean=16.6ms max=20.3ms] over[16ms=47 50ms=0 100ms=0 250ms=0]
05-18 12:15:42.854 11901 11918 I wasm_android_host::pr..: wandr-profile: frame 149340 t+2561629ms  win[N=60 min=14.0ms mean=16.6ms max=19.3ms] over[16ms=44 50ms=0 100ms=0 250ms=0]
05-18 12:15:43.853 11901 11918 I wasm_android_host::pr..: wandr-profile: frame 149400 t+2562628ms  win[N=60 min=12.9ms mean=16.6ms max=20.5ms] over[16ms=44 50ms=0 100ms=0 250ms=0]
05-18 12:15:44.850 11901 11918 I wasm_android_host::pr..: wandr-profile: frame 149460 t+2563626ms  win[N=60 min=14.4ms mean=16.6ms max=18.8ms] over[16ms=37 50ms=0 100ms=0 250ms=0]
05-18 12:15:45.849 11901 11918 I wasm_android_host::pr..: wandr-profile: frame 149520 t+2564625ms  win[N=60 min=13.5ms mean=16.6ms max=20.5ms] over[16ms=43 50ms=0 100ms=0 250ms=0]
05-18 12:15:46.847 11901 11918 I wasm_android_host::pr..: wandr-profile: frame 149580 t+2565623ms  win[N=60 min=13.1ms mean=16.6ms max=20.5ms] over[16ms=43 50ms=0 100ms=0 250ms=0]
05-18 12:15:47.844 11901 11918 I wasm_android_host::pr..: wandr-profile: frame 149640 t+2566620ms  win[N=60 min=13.6ms mean=16.6ms max=20.2ms] over[16ms=44 50ms=0 100ms=0 250ms=0]
05-18 12:15:48.843 11901 11918 I wasm_android_host::pr..: wandr-profile: frame 149700 t+2567618ms  win[N=60 min=14.1ms mean=16.6ms max=20.4ms] over[16ms=43 50ms=0 100ms=0 250ms=0]
05-18 12:15:49.841 11901 11918 I wasm_android_host::pr..: wandr-profile: frame 149760 t+2568616ms  win[N=60 min=13.7ms mean=16.6ms max=19.6ms] over[16ms=46 50ms=0 100ms=0 250ms=0]
05-18 12:15:50.839 11901 11918 I wasm_android_host::pr..: wandr-profile: frame 149820 t+2569615ms  win[N=60 min=12.9ms mean=16.6ms max=20.4ms] over[16ms=43 50ms=0 100ms=0 250ms=0]
05-18 12:15:51.838 11901 11918 I wasm_android_host::pr..: wandr-profile: frame 149880 t+2570613ms  win[N=60 min=14.4ms mean=16.6ms max=20.6ms] over[16ms=44 50ms=0 100ms=0 250ms=0]
05-18 12:15:52.838 11901 11918 I wasm_android_host::pr..: wandr-profile: frame 149940 t+2571614ms  win[N=60 min=14.8ms mean=16.6ms max=19.1ms] over[16ms=47 50ms=0 100ms=0 250ms=0]
05-18 12:15:53.838 11901 11918 I wasm_android_host::pr..: wandr-profile: frame 150000 t+2572614ms  win[N=60 min=14.2ms mean=16.6ms max=20.7ms] over[16ms=44 50ms=0 100ms=0 250ms=0]
05-18 12:15:54.833 11901 11918 I wasm_android_host::pr..: wandr-profile: frame 150060 t+2573609ms  win[N=60 min=14.6ms mean=16.5ms max=19.4ms] over[16ms=40 50ms=0 100ms=0 250ms=0]
05-18 12:15:55.849 11901 11918 I wasm_android_host::pr..: wandr-profile: frame 150120 t+2574624ms  win[N=60 min=13.9ms mean=16.9ms max=31.5ms] over[16ms=46 50ms=0 100ms=0 250ms=0]
05-18 12:15:56.848 11901 11918 I wasm_android_host::pr..: wandr-profile: frame 150180 t+2575623ms  win[N=60 min=14.4ms mean=16.6ms max=20.1ms] over[16ms=42 50ms=0 100ms=0 250ms=0]
05-18 12:15:57.845 11901 11918 I wasm_android_host::pr..: wandr-profile: frame 150240 t+2576620ms  win[N=60 min=14.4ms mean=16.5ms max=20.0ms] over[16ms=45 50ms=0 100ms=0 250ms=0]
05-18 12:15:58.843 11901 11918 I wasm_android_host::pr..: wandr-profile: frame 150300 t+2577619ms  win[N=60 min=14.7ms mean=16.6ms max=20.1ms] over[16ms=45 50ms=0 100ms=0 250ms=0]
05-18 12:15:59.858 11901 11918 I wasm_android_host::pr..: wandr-profile: frame 150360 t+2578634ms  win[N=60 min=13.9ms mean=16.9ms max=32.6ms] over[16ms=46 50ms=0 100ms=0 250ms=0]
05-18 12:16:00.858 11901 11918 I wasm_android_host::pr..: wandr-profile: frame 150420 t+2579634ms  win[N=60 min=14.2ms mean=16.6ms max=18.8ms] over[16ms=45 50ms=0 100ms=0 250ms=0]
05-18 12:16:01.873 11901 11918 I wasm_android_host::pr..: wandr-profile: frame 150480 t+2580649ms  win[N=60 min=14.4ms mean=16.9ms max=35.0ms] over[16ms=45 50ms=0 100ms=0 250ms=0]
05-18 12:16:02.872 11901 11918 I wasm_android_host::pr..: wandr-profile: frame 150540 t+2581648ms  win[N=60 min=14.5ms mean=16.6ms max=20.5ms] over[16ms=39 50ms=0 100ms=0 250ms=0]
05-18 12:16:03.870 11901 11918 I wasm_android_host::pr..: wandr-profile: frame 150600 t+2582646ms  win[N=60 min=14.2ms mean=16.6ms max=19.2ms] over[16ms=43 50ms=0 100ms=0 250ms=0]
05-18 12:16:04.869 11901 11918 I wasm_android_host::pr..: wandr-profile: frame 150660 t+2583645ms  win[N=60 min=14.1ms mean=16.6ms max=20.8ms] over[16ms=43 50ms=0 100ms=0 250ms=0]
05-18 12:16:05.867 11901 11918 I wasm_android_host::pr..: wandr-profile: frame 150720 t+2584643ms  win[N=60 min=13.6ms mean=16.6ms max=19.4ms] over[16ms=41 50ms=0 100ms=0 250ms=0]
05-18 12:16:06.864 11901 11918 I wasm_android_host::pr..: wandr-profile: frame 150780 t+2585640ms  win[N=60 min=13.6ms mean=16.6ms max=20.2ms] over[16ms=42 50ms=0 100ms=0 250ms=0]
05-18 12:16:07.862 11901 11918 I wasm_android_host::pr..: wandr-profile: frame 150840 t+2586638ms  win[N=60 min=12.9ms mean=16.6ms max=20.4ms] over[16ms=38 50ms=0 100ms=0 250ms=0]
05-18 12:16:08.861 11901 11918 I wasm_android_host::pr..: wandr-profile: frame 150900 t+2587637ms  win[N=60 min=13.7ms mean=16.6ms max=20.6ms] over[16ms=45 50ms=0 100ms=0 250ms=0]
05-18 12:16:09.859 11901 11918 I wasm_android_host::pr..: wandr-profile: frame 150960 t+2588635ms  win[N=60 min=14.8ms mean=16.6ms max=18.4ms] over[16ms=47 50ms=0 100ms=0 250ms=0]
05-18 12:16:10.858 11901 11918 I wasm_android_host::pr..: wandr-profile: frame 151020 t+2589634ms  win[N=60 min=14.0ms mean=16.6ms max=20.3ms] over[16ms=44 50ms=0 100ms=0 250ms=0]
05-18 12:16:11.856 11901 11918 I wasm_android_host::pr..: wandr-profile: frame 151080 t+2590632ms  win[N=60 min=14.4ms mean=16.6ms max=18.9ms] over[16ms=44 50ms=0 100ms=0 250ms=0]
05-18 12:16:12.854 11901 11918 I wasm_android_host::pr..: wandr-profile: frame 151140 t+2591630ms  win[N=60 min=14.9ms mean=16.6ms max=19.5ms] over[16ms=50 50ms=0 100ms=0 250ms=0]
05-18 12:16:13.853 11901 11918 I wasm_android_host::pr..: wandr-profile: frame 151200 t+2592629ms  win[N=60 min=13.2ms mean=16.6ms max=20.8ms] over[16ms=43 50ms=0 100ms=0 250ms=0]
05-18 12:16:14.853 11901 11918 I wasm_android_host::pr..: wandr-profile: frame 151260 t+2593628ms  win[N=60 min=14.5ms mean=16.6ms max=20.2ms] over[16ms=47 50ms=0 100ms=0 250ms=0]
05-18 12:16:15.852 11901 11918 I wasm_android_host::pr..: wandr-profile: frame 151320 t+2594627ms  win[N=60 min=14.4ms mean=16.6ms max=20.3ms] over[16ms=45 50ms=0 100ms=0 250ms=0]
05-18 12:16:16.865 11901 11918 I wasm_android_host::pr..: wandr-profile: frame 151380 t+2595641ms  win[N=60 min=13.6ms mean=16.8ms max=36.2ms] over[16ms=45 50ms=0 100ms=0 250ms=0]
05-18 12:16:17.863 11901 11918 I wasm_android_host::pr..: wandr-profile: frame 151440 t+2596639ms  win[N=60 min=14.1ms mean=16.6ms max=20.7ms] over[16ms=45 50ms=0 100ms=0 250ms=0]
05-18 12:16:18.862 11901 11918 I wasm_android_host::pr..: wandr-profile: frame 151500 t+2597637ms  win[N=60 min=14.3ms mean=16.6ms max=20.2ms] over[16ms=40 50ms=0 100ms=0 250ms=0]
05-18 12:16:19.860 11901 11918 I wasm_android_host::pr..: wandr-profile: frame 151560 t+2598636ms  win[N=60 min=12.9ms mean=16.6ms max=20.6ms] over[16ms=43 50ms=0 100ms=0 250ms=0]
05-18 12:16:20.875 11901 11918 I wasm_android_host::pr..: wandr-profile: frame 151620 t+2599651ms  win[N=60 min=14.1ms mean=16.9ms max=34.4ms] over[16ms=46 50ms=0 100ms=0 250ms=0]
05-18 12:16:21.874 11901 11918 I wasm_android_host::pr..: wandr-profile: frame 151680 t+2600649ms  win[N=60 min=14.4ms mean=16.6ms max=20.3ms] over[16ms=46 50ms=0 100ms=0 250ms=0]
05-18 12:16:22.872 11901 11918 I wasm_android_host::pr..: wandr-profile: frame 151740 t+2601648ms  win[N=60 min=13.8ms mean=16.6ms max=18.9ms] over[16ms=48 50ms=0 100ms=0 250ms=0]
05-18 12:16:23.872 11901 11918 I wasm_android_host::pr..: wandr-profile: frame 151800 t+2602648ms  win[N=60 min=13.5ms mean=16.6ms max=20.5ms] over[16ms=44 50ms=0 100ms=0 250ms=0]
05-18 12:16:24.871 11901 11918 I wasm_android_host::pr..: wandr-profile: frame 151860 t+2603646ms  win[N=60 min=14.1ms mean=16.6ms max=19.1ms] over[16ms=46 50ms=0 100ms=0 250ms=0]
05-18 12:16:25.869 11901 11918 I wasm_android_host::pr..: wandr-profile: frame 151920 t+2604644ms  win[N=60 min=14.4ms mean=16.6ms max=20.0ms] over[16ms=46 50ms=0 100ms=0 250ms=0]
05-18 12:16:26.868 11901 11918 I wasm_android_host::pr..: wandr-profile: frame 151980 t+2605643ms  win[N=60 min=14.4ms mean=16.6ms max=20.8ms] over[16ms=42 50ms=0 100ms=0 250ms=0]
05-18 12:16:27.881 11901 11918 I wasm_android_host::pr..: wandr-profile: frame 152040 t+2606657ms  win[N=60 min=13.9ms mean=16.8ms max=35.2ms] over[16ms=46 50ms=0 100ms=0 250ms=0]
05-18 12:16:28.879 11901 11918 I wasm_android_host::pr..: wandr-profile: frame 152100 t+2607655ms  win[N=60 min=13.5ms mean=16.6ms max=19.5ms] over[16ms=36 50ms=0 100ms=0 250ms=0]
05-18 12:16:29.878 11901 11918 I wasm_android_host::pr..: wandr-profile: frame 152160 t+2608654ms  win[N=60 min=14.4ms mean=16.6ms max=19.7ms] over[16ms=45 50ms=0 100ms=0 250ms=0]
05-18 12:16:30.893 11901 11918 I wasm_android_host::pr..: wandr-profile: frame 152220 t+2609669ms  win[N=60 min=11.5ms mean=16.8ms max=29.4ms] over[16ms=43 50ms=0 100ms=0 250ms=0]
05-18 12:16:31.893 11901 11918 I wasm_android_host::pr..: wandr-profile: frame 152280 t+2610669ms  win[N=60 min=14.2ms mean=16.6ms max=18.9ms] over[16ms=47 50ms=0 100ms=0 250ms=0]
05-18 12:16:32.892 11901 11918 I wasm_android_host::pr..: wandr-profile: frame 152340 t+2611667ms  win[N=60 min=12.7ms mean=16.6ms max=20.8ms] over[16ms=42 50ms=0 100ms=0 250ms=0]
05-18 12:16:33.890 11901 11918 I wasm_android_host::pr..: wandr-profile: frame 152400 t+2612666ms  win[N=60 min=14.1ms mean=16.6ms max=19.1ms] over[16ms=45 50ms=0 100ms=0 250ms=0]
05-18 12:16:34.889 11901 11918 I wasm_android_host::pr..: wandr-profile: frame 152460 t+2613664ms  win[N=60 min=14.6ms mean=16.6ms max=19.9ms] over[16ms=46 50ms=0 100ms=0 250ms=0]
05-18 12:16:35.885 11901 11918 I wasm_android_host::pr..: wandr-profile: frame 152520 t+2614661ms  win[N=60 min=14.3ms mean=16.5ms max=19.3ms] over[16ms=41 50ms=0 100ms=0 250ms=0]
05-18 12:16:36.884 11901 11918 I wasm_android_host::pr..: wandr-profile: frame 152580 t+2615660ms  win[N=60 min=14.5ms mean=16.6ms max=20.2ms] over[16ms=46 50ms=0 100ms=0 250ms=0]
05-18 12:16:37.899 11901 11918 I wasm_android_host::pr..: wandr-profile: frame 152640 t+2616675ms  win[N=60 min=12.6ms mean=16.8ms max=32.9ms] over[16ms=43 50ms=0 100ms=0 250ms=0]
05-18 12:16:38.898 11901 11918 I wasm_android_host::pr..: wandr-profile: frame 152700 t+2617674ms  win[N=60 min=13.2ms mean=16.6ms max=20.2ms] over[16ms=46 50ms=0 100ms=0 250ms=0]
05-18 12:16:39.898 11901 11918 I wasm_android_host::pr..: wandr-profile: frame 152760 t+2618674ms  win[N=60 min=12.8ms mean=16.6ms max=20.7ms] over[16ms=44 50ms=0 100ms=0 250ms=0]
05-18 12:16:40.895 11901 11918 I wasm_android_host::pr..: wandr-profile: frame 152820 t+2619671ms  win[N=60 min=14.2ms mean=16.5ms max=19.7ms] over[16ms=45 50ms=0 100ms=0 250ms=0]
05-18 12:16:41.893 11901 11918 I wasm_android_host::pr..: wandr-profile: frame 152880 t+2620669ms  win[N=60 min=13.1ms mean=16.6ms max=20.5ms] over[16ms=47 50ms=0 100ms=0 250ms=0]
05-18 12:16:42.893 11901 11918 I wasm_android_host::pr..: wandr-profile: frame 152940 t+2621669ms  win[N=60 min=14.0ms mean=16.6ms max=20.3ms] over[16ms=44 50ms=0 100ms=0 250ms=0]
05-18 12:16:43.892 11901 11918 I wasm_android_host::pr..: wandr-profile: frame 153000 t+2622668ms  win[N=60 min=13.8ms mean=16.6ms max=19.5ms] over[16ms=42 50ms=0 100ms=0 250ms=0]
05-18 12:16:44.890 11901 11918 I wasm_android_host::pr..: wandr-profile: frame 153060 t+2623666ms  win[N=60 min=14.6ms mean=16.6ms max=18.9ms] over[16ms=42 50ms=0 100ms=0 250ms=0]
05-18 12:16:45.889 11901 11918 I wasm_android_host::pr..: wandr-profile: frame 153120 t+2624665ms  win[N=60 min=13.8ms mean=16.6ms max=20.9ms] over[16ms=45 50ms=0 100ms=0 250ms=0]
05-18 12:16:46.887 11901 11918 I wasm_android_host::pr..: wandr-profile: frame 153180 t+2625663ms  win[N=60 min=14.5ms mean=16.6ms max=19.0ms] over[16ms=42 50ms=0 100ms=0 250ms=0]
05-18 12:16:47.884 11901 11918 I wasm_android_host::pr..: wandr-profile: frame 153240 t+2626660ms  win[N=60 min=13.9ms mean=16.6ms max=20.8ms] over[16ms=40 50ms=0 100ms=0 250ms=0]
05-18 12:16:48.883 11901 11918 I wasm_android_host::pr..: wandr-profile: frame 153300 t+2627659ms  win[N=60 min=14.6ms mean=16.6ms max=20.6ms] over[16ms=42 50ms=0 100ms=0 250ms=0]
05-18 12:16:49.881 11901 11918 I wasm_android_host::pr..: wandr-profile: frame 153360 t+2628657ms  win[N=60 min=14.4ms mean=16.6ms max=19.8ms] over[16ms=47 50ms=0 100ms=0 250ms=0]
05-18 12:16:50.880 11901 11918 I wasm_android_host::pr..: wandr-profile: frame 153420 t+2629656ms  win[N=60 min=13.8ms mean=16.6ms max=20.3ms] over[16ms=43 50ms=0 100ms=0 250ms=0]
05-18 12:16:51.897 11901 11918 I wasm_android_host::pr..: wandr-profile: frame 153480 t+2630672ms  win[N=60 min=11.2ms mean=16.9ms max=36.7ms] over[16ms=40 50ms=0 100ms=0 250ms=0]
05-18 12:16:52.894 11901 11918 I wasm_android_host::pr..: wandr-profile: frame 153540 t+2631669ms  win[N=60 min=13.3ms mean=16.6ms max=20.9ms] over[16ms=40 50ms=0 100ms=0 250ms=0]
05-18 12:16:53.910 11901 11918 I wasm_android_host::pr..: wandr-profile: frame 153600 t+2632686ms  win[N=60 min=11.4ms mean=16.9ms max=34.6ms] over[16ms=45 50ms=0 100ms=0 250ms=0]
05-18 12:16:54.909 11901 11918 I wasm_android_host::pr..: wandr-profile: frame 153660 t+2633685ms  win[N=60 min=12.9ms mean=16.6ms max=20.4ms] over[16ms=40 50ms=0 100ms=0 250ms=0]
05-18 12:16:55.922 11901 11918 I wasm_android_host::pr..: wandr-profile: frame 153720 t+2634698ms  win[N=60 min=14.0ms mean=16.8ms max=32.2ms] over[16ms=42 50ms=0 100ms=0 250ms=0]
05-18 12:16:56.921 11901 11918 I wasm_android_host::pr..: wandr-profile: frame 153780 t+2635697ms  win[N=60 min=13.0ms mean=16.6ms max=20.4ms] over[16ms=41 50ms=0 100ms=0 250ms=0]
05-18 12:16:57.919 11901 11918 I wasm_android_host::pr..: wandr-profile: frame 153840 t+2636695ms  win[N=60 min=13.0ms mean=16.6ms max=19.8ms] over[16ms=45 50ms=0 100ms=0 250ms=0]
05-18 12:16:58.918 11901 11918 I wasm_android_host::pr..: wandr-profile: frame 153900 t+2637693ms  win[N=60 min=13.9ms mean=16.6ms max=20.8ms] over[16ms=47 50ms=0 100ms=0 250ms=0]
05-18 12:16:59.916 11901 11918 I wasm_android_host::pr..: wandr-profile: frame 153960 t+2638692ms  win[N=60 min=14.3ms mean=16.6ms max=18.7ms] over[16ms=44 50ms=0 100ms=0 250ms=0]
05-18 12:17:00.932 11901 11918 I wasm_android_host::pr..: wandr-profile: frame 154020 t+2639708ms  win[N=60 min=13.6ms mean=16.9ms max=34.3ms] over[16ms=46 50ms=0 100ms=0 250ms=0]
05-18 12:17:01.931 11901 11918 I wasm_android_host::pr..: wandr-profile: frame 154080 t+2640707ms  win[N=60 min=14.5ms mean=16.6ms max=19.9ms] over[16ms=41 50ms=0 100ms=0 250ms=0]
05-18 12:17:02.945 11901 11918 I wasm_android_host::pr..: wandr-profile: frame 154140 t+2641720ms  win[N=60 min=13.8ms mean=16.8ms max=35.6ms] over[16ms=41 50ms=0 100ms=0 250ms=0]
05-18 12:17:03.944 11901 11918 I wasm_android_host::pr..: wandr-profile: frame 154200 t+2642719ms  win[N=60 min=13.1ms mean=16.6ms max=20.4ms] over[16ms=45 50ms=0 100ms=0 250ms=0]
05-18 12:17:04.961 11901 11918 I wasm_android_host::pr..: wandr-profile: frame 154260 t+2643737ms  win[N=60 min=11.4ms mean=16.9ms max=30.3ms] over[16ms=42 50ms=0 100ms=0 250ms=0]
05-18 12:17:05.958 11901 11918 I wasm_android_host::pr..: wandr-profile: frame 154320 t+2644734ms  win[N=60 min=13.9ms mean=16.5ms max=20.2ms] over[16ms=48 50ms=0 100ms=0 250ms=0]
05-18 12:17:06.955 11901 11918 I wasm_android_host::pr..: wandr-profile: frame 154380 t+2645731ms  win[N=60 min=14.4ms mean=16.6ms max=19.6ms] over[16ms=42 50ms=0 100ms=0 250ms=0]
05-18 12:17:07.956 11901 11918 I wasm_android_host::pr..: wandr-profile: frame 154440 t+2646731ms  win[N=60 min=13.3ms mean=16.6ms max=20.1ms] over[16ms=43 50ms=0 100ms=0 250ms=0]
05-18 12:17:08.969 11901 11918 I wasm_android_host::pr..: wandr-profile: frame 154500 t+2647745ms  win[N=60 min=11.4ms mean=16.8ms max=30.7ms] over[16ms=39 50ms=0 100ms=0 250ms=0]
05-18 12:17:09.969 11901 11918 I wasm_android_host::pr..: wandr-profile: frame 154560 t+2648745ms  win[N=60 min=14.0ms mean=16.6ms max=20.1ms] over[16ms=50 50ms=0 100ms=0 250ms=0]
05-18 12:17:10.968 11901 11918 I wasm_android_host::pr..: wandr-profile: frame 154620 t+2649743ms  win[N=60 min=12.5ms mean=16.6ms max=20.8ms] over[16ms=46 50ms=0 100ms=0 250ms=0]
05-18 12:17:11.964 11901 11918 I wasm_android_host::pr..: wandr-profile: frame 154680 t+2650740ms  win[N=60 min=13.4ms mean=16.5ms max=19.9ms] over[16ms=39 50ms=0 100ms=0 250ms=0]
05-18 12:17:12.963 11901 11918 I wasm_android_host::pr..: wandr-profile: frame 154740 t+2651738ms  win[N=60 min=14.7ms mean=16.6ms max=20.5ms] over[16ms=43 50ms=0 100ms=0 250ms=0]
05-18 12:17:13.961 11901 11918 I wasm_android_host::pr..: wandr-profile: frame 154800 t+2652737ms  win[N=60 min=13.7ms mean=16.6ms max=19.7ms] over[16ms=48 50ms=0 100ms=0 250ms=0]
05-18 12:17:14.959 11901 11918 I wasm_android_host::pr..: wandr-profile: frame 154860 t+2653735ms  win[N=60 min=13.1ms mean=16.6ms max=20.6ms] over[16ms=41 50ms=0 100ms=0 250ms=0]
05-18 12:17:15.958 11901 11918 I wasm_android_host::pr..: wandr-profile: frame 154920 t+2654734ms  win[N=60 min=14.4ms mean=16.6ms max=20.2ms] over[16ms=44 50ms=0 100ms=0 250ms=0]
05-18 12:17:16.957 11901 11918 I wasm_android_host::pr..: wandr-profile: frame 154980 t+2655732ms  win[N=60 min=13.1ms mean=16.6ms max=20.3ms] over[16ms=43 50ms=0 100ms=0 250ms=0]
05-18 12:17:17.973 11901 11918 I wasm_android_host::pr..: wandr-profile: frame 155040 t+2656749ms  win[N=60 min=13.3ms mean=16.9ms max=34.2ms] over[16ms=43 50ms=0 100ms=0 250ms=0]
05-18 12:17:18.972 11901 11918 I wasm_android_host::pr..: wandr-profile: frame 155100 t+2657748ms  win[N=60 min=12.6ms mean=16.6ms max=20.7ms] over[16ms=41 50ms=0 100ms=0 250ms=0]
05-18 12:17:19.985 11901 11918 I wasm_android_host::pr..: wandr-profile: frame 155160 t+2658761ms  win[N=60 min=14.3ms mean=16.8ms max=33.3ms] over[16ms=41 50ms=0 100ms=0 250ms=0]
05-18 12:17:20.984 11901 11918 I wasm_android_host::pr..: wandr-profile: frame 155220 t+2659760ms  win[N=60 min=13.4ms mean=16.6ms max=21.8ms] over[16ms=41 50ms=0 100ms=0 250ms=0]
05-18 12:17:21.982 11901 11918 I wasm_android_host::pr..: wandr-profile: frame 155280 t+2660758ms  win[N=60 min=14.4ms mean=16.6ms max=18.9ms] over[16ms=42 50ms=0 100ms=0 250ms=0]
05-18 12:17:22.981 11901 11918 I wasm_android_host::pr..: wandr-profile: frame 155340 t+2661757ms  win[N=60 min=14.2ms mean=16.6ms max=20.4ms] over[16ms=44 50ms=0 100ms=0 250ms=0]
05-18 12:17:23.979 11901 11918 I wasm_android_host::pr..: wandr-profile: frame 155400 t+2662755ms  win[N=60 min=13.6ms mean=16.6ms max=19.0ms] over[16ms=43 50ms=0 100ms=0 250ms=0]
05-18 12:17:24.996 11901 11918 I wasm_android_host::pr..: wandr-profile: frame 155460 t+2663772ms  win[N=60 min=13.9ms mean=16.9ms max=30.2ms] over[16ms=44 50ms=0 100ms=0 250ms=0]
05-18 12:17:25.993 11901 11918 I wasm_android_host::pr..: wandr-profile: frame 155520 t+2664768ms  win[N=60 min=14.7ms mean=16.5ms max=20.3ms] over[16ms=45 50ms=0 100ms=0 250ms=0]
05-18 12:17:27.010 11901 11918 I wasm_android_host::pr..: wandr-profile: frame 155580 t+2665785ms  win[N=60 min=11.0ms mean=16.9ms max=33.4ms] over[16ms=41 50ms=0 100ms=0 250ms=0]
05-18 12:17:28.008 11901 11918 I wasm_android_host::pr..: wandr-profile: frame 155640 t+2666784ms  win[N=60 min=13.2ms mean=16.6ms max=20.8ms] over[16ms=44 50ms=0 100ms=0 250ms=0]
05-18 12:17:29.005 11901 11918 I wasm_android_host::pr..: wandr-profile: frame 155700 t+2667781ms  win[N=60 min=14.0ms mean=16.5ms max=20.0ms] over[16ms=43 50ms=0 100ms=0 250ms=0]
05-18 12:17:30.004 11901 11918 I wasm_android_host::pr..: wandr-profile: frame 155760 t+2668779ms  win[N=60 min=12.5ms mean=16.6ms max=21.2ms] over[16ms=41 50ms=0 100ms=0 250ms=0]
05-18 12:17:31.002 11901 11918 I wasm_android_host::pr..: wandr-profile: frame 155820 t+2669777ms  win[N=60 min=14.5ms mean=16.6ms max=18.9ms] over[16ms=47 50ms=0 100ms=0 250ms=0]
05-18 12:17:32.000 11901 11918 I wasm_android_host::pr..: wandr-profile: frame 155880 t+2670776ms  win[N=60 min=13.0ms mean=16.6ms max=20.5ms] over[16ms=43 50ms=0 100ms=0 250ms=0]
05-18 12:17:32.998 11901 11918 I wasm_android_host::pr..: wandr-profile: frame 155940 t+2671774ms  win[N=60 min=13.9ms mean=16.6ms max=19.2ms] over[16ms=44 50ms=0 100ms=0 250ms=0]
05-18 12:17:33.999 11901 11918 I wasm_android_host::pr..: wandr-profile: frame 156000 t+2672774ms  win[N=60 min=14.2ms mean=16.6ms max=20.6ms] over[16ms=41 50ms=0 100ms=0 250ms=0]
05-18 12:17:35.015 11901 11918 I wasm_android_host::pr..: wandr-profile: frame 156060 t+2673791ms  win[N=60 min=14.0ms mean=16.9ms max=32.4ms] over[16ms=39 50ms=0 100ms=0 250ms=0]
05-18 12:17:36.012 11901 11918 I wasm_android_host::pr..: wandr-profile: frame 156120 t+2674788ms  win[N=60 min=14.2ms mean=16.5ms max=20.3ms] over[16ms=47 50ms=0 100ms=0 250ms=0]
05-18 12:17:37.012 11901 11918 I wasm_android_host::pr..: wandr-profile: frame 156180 t+2675788ms  win[N=60 min=14.3ms mean=16.6ms max=19.7ms] over[16ms=39 50ms=0 100ms=0 250ms=0]
05-18 12:17:38.009 11901 11918 I wasm_android_host::pr..: wandr-profile: frame 156240 t+2676785ms  win[N=60 min=14.5ms mean=16.5ms max=20.2ms] over[16ms=46 50ms=0 100ms=0 250ms=0]
05-18 12:17:39.008 11901 11918 I wasm_android_host::pr..: wandr-profile: frame 156300 t+2677783ms  win[N=60 min=14.8ms mean=16.6ms max=18.8ms] over[16ms=45 50ms=0 100ms=0 250ms=0]
05-18 12:17:40.004 11901 11918 I wasm_android_host::pr..: wandr-profile: frame 156360 t+2678780ms  win[N=60 min=13.7ms mean=16.5ms max=20.6ms] over[16ms=43 50ms=0 100ms=0 250ms=0]
05-18 12:17:41.003 11901 11918 I wasm_android_host::pr..: wandr-profile: frame 156420 t+2679779ms  win[N=60 min=14.8ms mean=16.6ms max=18.8ms] over[16ms=48 50ms=0 100ms=0 250ms=0]
05-18 12:17:42.001 11901 11918 I wasm_android_host::pr..: wandr-profile: frame 156480 t+2680777ms  win[N=60 min=13.4ms mean=16.6ms max=19.8ms] over[16ms=43 50ms=0 100ms=0 250ms=0]
05-18 12:17:43.000 11901 11918 I wasm_android_host::pr..: wandr-profile: frame 156540 t+2681775ms  win[N=60 min=12.9ms mean=16.6ms max=20.5ms] over[16ms=45 50ms=0 100ms=0 250ms=0]
05-18 12:17:43.998 11901 11918 I wasm_android_host::pr..: wandr-profile: frame 156600 t+2682774ms  win[N=60 min=13.4ms mean=16.6ms max=20.0ms] over[16ms=43 50ms=0 100ms=0 250ms=0]
05-18 12:17:44.997 11901 11918 I wasm_android_host::pr..: wandr-profile: frame 156660 t+2683772ms  win[N=60 min=13.9ms mean=16.6ms max=20.0ms] over[16ms=45 50ms=0 100ms=0 250ms=0]
05-18 12:17:45.995 11901 11918 I wasm_android_host::pr..: wandr-profile: frame 156720 t+2684771ms  win[N=60 min=14.3ms mean=16.6ms max=19.9ms] over[16ms=45 50ms=0 100ms=0 250ms=0]
05-18 12:17:46.993 11901 11918 I wasm_android_host::pr..: wandr-profile: frame 156780 t+2685769ms  win[N=60 min=14.5ms mean=16.6ms max=19.4ms] over[16ms=44 50ms=0 100ms=0 250ms=0]
05-18 12:17:47.993 11901 11918 I wasm_android_host::pr..: wandr-profile: frame 156840 t+2686769ms  win[N=60 min=14.2ms mean=16.6ms max=20.3ms] over[16ms=40 50ms=0 100ms=0 250ms=0]
05-18 12:17:49.008 11901 11918 I wasm_android_host::pr..: wandr-profile: frame 156900 t+2687784ms  win[N=60 min=13.5ms mean=16.8ms max=35.6ms] over[16ms=40 50ms=0 100ms=0 250ms=0]
05-18 12:17:50.022 11901 11918 I wasm_android_host::pr..: wandr-profile: frame 156960 t+2688798ms  win[N=60 min=14.3ms mean=16.8ms max=33.2ms] over[16ms=45 50ms=0 100ms=0 250ms=0]
05-18 12:17:51.020 11901 11918 I wasm_android_host::pr..: wandr-profile: frame 157020 t+2689796ms  win[N=60 min=14.0ms mean=16.6ms max=21.0ms] over[16ms=44 50ms=0 100ms=0 250ms=0]
05-18 12:17:52.035 11901 11918 I wasm_android_host::pr..: wandr-profile: frame 157080 t+2690811ms  win[N=60 min=14.1ms mean=16.8ms max=34.1ms] over[16ms=38 50ms=0 100ms=0 250ms=0]
05-18 12:17:53.034 11901 11918 I wasm_android_host::pr..: wandr-profile: frame 157140 t+2691810ms  win[N=60 min=14.7ms mean=16.6ms max=18.8ms] over[16ms=47 50ms=0 100ms=0 250ms=0]
05-18 12:17:54.034 11901 11918 I wasm_android_host::pr..: wandr-profile: frame 157200 t+2692809ms  win[N=60 min=14.1ms mean=16.6ms max=19.2ms] over[16ms=40 50ms=0 100ms=0 250ms=0]
05-18 12:17:55.031 11901 11918 I wasm_android_host::pr..: wandr-profile: frame 157260 t+2693807ms  win[N=60 min=13.6ms mean=16.6ms max=20.4ms] over[16ms=42 50ms=0 100ms=0 250ms=0]
05-18 12:17:56.031 11901 11918 I wasm_android_host::pr..: wandr-profile: frame 157320 t+2694806ms  win[N=60 min=14.7ms mean=16.6ms max=18.7ms] over[16ms=40 50ms=0 100ms=0 250ms=0]
05-18 12:17:57.029 11901 11918 I wasm_android_host::pr..: wandr-profile: frame 157380 t+2695805ms  win[N=60 min=13.5ms mean=16.6ms max=19.8ms] over[16ms=44 50ms=0 100ms=0 250ms=0]
05-18 12:17:58.028 11901 11918 I wasm_android_host::pr..: wandr-profile: frame 157440 t+2696803ms  win[N=60 min=12.3ms mean=16.6ms max=20.7ms] over[16ms=41 50ms=0 100ms=0 250ms=0]
05-18 12:17:59.024 11901 11918 I wasm_android_host::pr..: wandr-profile: frame 157500 t+2697800ms  win[N=60 min=14.1ms mean=16.5ms max=20.0ms] over[16ms=39 50ms=0 100ms=0 250ms=0]
05-18 12:18:00.023 11901 11918 I wasm_android_host::pr..: wandr-profile: frame 157560 t+2698798ms  win[N=60 min=14.2ms mean=16.6ms max=20.5ms] over[16ms=41 50ms=0 100ms=0 250ms=0]
05-18 12:18:01.021 11901 11918 I wasm_android_host::pr..: wandr-profile: frame 157620 t+2699797ms  win[N=60 min=14.3ms mean=16.6ms max=19.0ms] over[16ms=47 50ms=0 100ms=0 250ms=0]
05-18 12:18:02.020 11901 11918 I wasm_android_host::pr..: wandr-profile: frame 157680 t+2700796ms  win[N=60 min=13.3ms mean=16.6ms max=19.8ms] over[16ms=45 50ms=0 100ms=0 250ms=0]
05-18 12:18:03.018 11901 11918 I wasm_android_host::pr..: wandr-profile: frame 157740 t+2701794ms  win[N=60 min=14.4ms mean=16.6ms max=20.3ms] over[16ms=46 50ms=0 100ms=0 250ms=0]
05-18 12:18:04.017 11901 11918 I wasm_android_host::pr..: wandr-profile: frame 157800 t+2702792ms  win[N=60 min=13.2ms mean=16.6ms max=20.6ms] over[16ms=44 50ms=0 100ms=0 250ms=0]
05-18 12:18:05.015 11901 11918 I wasm_android_host::pr..: wandr-profile: frame 157860 t+2703790ms  win[N=60 min=14.3ms mean=16.6ms max=19.8ms] over[16ms=43 50ms=0 100ms=0 250ms=0]
05-18 12:18:06.013 11901 11918 I wasm_android_host::pr..: wandr-profile: frame 157920 t+2704789ms  win[N=60 min=13.1ms mean=16.6ms max=20.2ms] over[16ms=44 50ms=0 100ms=0 250ms=0]
05-18 12:18:07.013 11901 11918 I wasm_android_host::pr..: wandr-profile: frame 157980 t+2705788ms  win[N=60 min=14.6ms mean=16.6ms max=19.0ms] over[16ms=45 50ms=0 100ms=0 250ms=0]
05-18 12:18:08.012 11901 11918 I wasm_android_host::pr..: wandr-profile: frame 158040 t+2706788ms  win[N=60 min=13.5ms mean=16.6ms max=20.7ms] over[16ms=43 50ms=0 100ms=0 250ms=0]
05-18 12:18:09.010 11901 11918 I wasm_android_host::pr..: wandr-profile: frame 158100 t+2707786ms  win[N=60 min=14.5ms mean=16.6ms max=19.0ms] over[16ms=43 50ms=0 100ms=0 250ms=0]
05-18 12:18:10.009 11901 11918 I wasm_android_host::pr..: wandr-profile: frame 158160 t+2708784ms  win[N=60 min=14.3ms mean=16.6ms max=21.1ms] over[16ms=47 50ms=0 100ms=0 250ms=0]
05-18 12:18:11.022 11901 11918 I wasm_android_host::pr..: wandr-profile: frame 158220 t+2709798ms  win[N=60 min=11.5ms mean=16.8ms max=30.5ms] over[16ms=43 50ms=0 100ms=0 250ms=0]
05-18 12:18:12.021 11901 11918 I wasm_android_host::pr..: wandr-profile: frame 158280 t+2710797ms  win[N=60 min=14.1ms mean=16.6ms max=20.2ms] over[16ms=43 50ms=0 100ms=0 250ms=0]
05-18 12:18:13.019 11901 11918 I wasm_android_host::pr..: wandr-profile: frame 158340 t+2711794ms  win[N=60 min=13.8ms mean=16.6ms max=19.4ms] over[16ms=44 50ms=0 100ms=0 250ms=0]
05-18 12:18:14.019 11901 11918 I wasm_android_host::pr..: wandr-profile: frame 158400 t+2712794ms  win[N=60 min=14.7ms mean=16.6ms max=18.4ms] over[16ms=48 50ms=0 100ms=0 250ms=0]
05-18 12:18:15.018 11901 11918 I wasm_android_host::pr..: wandr-profile: frame 158460 t+2713794ms  win[N=60 min=14.4ms mean=16.6ms max=21.1ms] over[16ms=44 50ms=0 100ms=0 250ms=0]
05-18 12:18:16.014 11901 11918 I wasm_android_host::pr..: wandr-profile: frame 158520 t+2714790ms  win[N=60 min=14.3ms mean=16.5ms max=20.7ms] over[16ms=43 50ms=0 100ms=0 250ms=0]
05-18 12:18:17.013 11901 11918 I wasm_android_host::pr..: wandr-profile: frame 158580 t+2715788ms  win[N=60 min=14.6ms mean=16.6ms max=18.9ms] over[16ms=41 50ms=0 100ms=0 250ms=0]
05-18 12:18:20.339 11901 11918 I wasmtime::runtime::vm..: wandr-drc-sweep: dur=3000463us  N=4585421 (removed=4585421 kept=0)  F_before=29538 F_after=67394  free_bytes_before=269125632 free_bytes_after=518559104
05-18 12:18:20.339 11901 11918 I wasm_android_host::pr..: wandr-profile: deferred gc ran, took 3008.6 ms
05-18 12:18:21.021 11901 11918 I wasm_android_host::pr..: wandr-profile: frame 158640 t+2719797ms  win[N=60 min=3.3ms mean=16.6ms max=33.2ms] over[16ms=45 50ms=0 100ms=0 250ms=0]
05-18 12:18:22.020 11901 11918 I wasm_android_host::pr..: wandr-profile: frame 158700 t+2720795ms  win[N=60 min=15.3ms mean=16.6ms max=18.5ms] over[16ms=51 50ms=0 100ms=0 250ms=0]
05-18 12:18:23.018 11901 11918 I wasm_android_host::pr..: wandr-profile: frame 158760 t+2721794ms  win[N=60 min=14.7ms mean=16.6ms max=18.5ms] over[16ms=48 50ms=0 100ms=0 250ms=0]
05-18 12:18:24.034 11901 11918 I wasm_android_host::pr..: wandr-profile: frame 158820 t+2722809ms  win[N=60 min=15.2ms mean=16.8ms max=34.8ms] over[16ms=52 50ms=0 100ms=0 250ms=0]
05-18 12:18:25.033 11901 11918 I wasm_android_host::pr..: wandr-profile: frame 158880 t+2723809ms  win[N=60 min=15.1ms mean=16.6ms max=18.3ms] over[16ms=46 50ms=0 100ms=0 250ms=0]
05-18 12:18:26.030 11901 11918 I wasm_android_host::pr..: wandr-profile: frame 158940 t+2724806ms  win[N=60 min=14.9ms mean=16.5ms max=18.4ms] over[16ms=52 50ms=0 100ms=0 250ms=0]
05-18 12:18:27.030 11901 11918 I wasm_android_host::pr..: wandr-profile: frame 159000 t+2725806ms  win[N=60 min=13.1ms mean=16.6ms max=20.2ms] over[16ms=43 50ms=0 100ms=0 250ms=0]
05-18 12:18:28.027 11901 11918 I wasm_android_host::pr..: wandr-profile: frame 159060 t+2726803ms  win[N=60 min=15.1ms mean=16.6ms max=18.2ms] over[16ms=49 50ms=0 100ms=0 250ms=0]
05-18 12:18:29.025 11901 11918 I wasm_android_host::pr..: wandr-profile: frame 159120 t+2727801ms  win[N=60 min=15.0ms mean=16.6ms max=18.4ms] over[16ms=47 50ms=0 100ms=0 250ms=0]
05-18 12:18:30.024 11901 11918 I wasm_android_host::pr..: wandr-profile: frame 159180 t+2728800ms  win[N=60 min=14.5ms mean=16.6ms max=18.6ms] over[16ms=50 50ms=0 100ms=0 250ms=0]
05-18 12:18:31.022 11901 11918 I wasm_android_host::pr..: wandr-profile: frame 159240 t+2729798ms  win[N=60 min=14.9ms mean=16.6ms max=18.0ms] over[16ms=49 50ms=0 100ms=0 250ms=0]
05-18 12:18:32.021 11901 11918 I wasm_android_host::pr..: wandr-profile: frame 159300 t+2730797ms  win[N=60 min=14.8ms mean=16.6ms max=18.4ms] over[16ms=53 50ms=0 100ms=0 250ms=0]
05-18 12:18:33.019 11901 11918 I wasm_android_host::pr..: wandr-profile: frame 159360 t+2731795ms  win[N=60 min=14.3ms mean=16.6ms max=18.1ms] over[16ms=48 50ms=0 100ms=0 250ms=0]
05-18 12:18:34.018 11901 11918 I wasm_android_host::pr..: wandr-profile: frame 159420 t+2732794ms  win[N=60 min=14.6ms mean=16.6ms max=18.6ms] over[16ms=49 50ms=0 100ms=0 250ms=0]
05-18 12:18:35.033 11901 11918 I wasm_android_host::pr..: wandr-profile: frame 159480 t+2733809ms  win[N=60 min=15.6ms mean=16.8ms max=33.3ms] over[16ms=53 50ms=0 100ms=0 250ms=0]
05-18 12:18:36.031 11901 11918 I wasm_android_host::pr..: wandr-profile: frame 159540 t+2734807ms  win[N=60 min=13.9ms mean=16.6ms max=19.1ms] over[16ms=51 50ms=0 100ms=0 250ms=0]
05-18 12:18:37.046 11901 11918 I wasm_android_host::pr..: wandr-profile: frame 159600 t+2735822ms  win[N=60 min=15.3ms mean=16.8ms max=32.3ms] over[16ms=51 50ms=0 100ms=0 250ms=0]
05-18 12:18:38.045 11901 11918 I wasm_android_host::pr..: wandr-profile: frame 159660 t+2736820ms  win[N=60 min=14.9ms mean=16.6ms max=18.3ms] over[16ms=52 50ms=0 100ms=0 250ms=0]
05-18 12:18:39.060 11901 11918 I wasm_android_host::pr..: wandr-profile: frame 159720 t+2737835ms  win[N=60 min=13.8ms mean=16.8ms max=33.6ms] over[16ms=49 50ms=0 100ms=0 250ms=0]
05-18 12:18:40.058 11901 11918 I wasm_android_host::pr..: wandr-profile: frame 159780 t+2738834ms  win[N=60 min=15.1ms mean=16.6ms max=18.8ms] over[16ms=51 50ms=0 100ms=0 250ms=0]
05-18 12:18:41.074 11901 11918 I wasm_android_host::pr..: wandr-profile: frame 159840 t+2739849ms  win[N=60 min=15.3ms mean=16.8ms max=33.6ms] over[16ms=52 50ms=0 100ms=0 250ms=0]
05-18 12:18:42.072 11901 11918 I wasm_android_host::pr..: wandr-profile: frame 159900 t+2740848ms  win[N=60 min=14.3ms mean=16.6ms max=18.9ms] over[16ms=47 50ms=0 100ms=0 250ms=0]
05-18 12:18:43.087 11901 11918 I wasm_android_host::pr..: wandr-profile: frame 159960 t+2741862ms  win[N=60 min=14.9ms mean=16.8ms max=35.0ms] over[16ms=48 50ms=0 100ms=0 250ms=0]
05-18 12:18:44.085 11901 11918 I wasm_android_host::pr..: wandr-profile: frame 160020 t+2742861ms  win[N=60 min=15.0ms mean=16.6ms max=18.4ms] over[16ms=44 50ms=0 100ms=0 250ms=0]
05-18 12:18:45.083 11901 11918 I wasm_android_host::pr..: wandr-profile: frame 160080 t+2743859ms  win[N=60 min=15.0ms mean=16.6ms max=17.9ms] over[16ms=56 50ms=0 100ms=0 250ms=0]
05-18 12:18:46.099 11901 11918 I wasm_android_host::pr..: wandr-profile: frame 160140 t+2744874ms  win[N=60 min=15.0ms mean=16.8ms max=34.3ms] over[16ms=47 50ms=0 100ms=0 250ms=0]
05-18 12:18:47.097 11901 11918 I wasm_android_host::pr..: wandr-profile: frame 160200 t+2745873ms  win[N=60 min=15.3ms mean=16.6ms max=18.0ms] over[16ms=53 50ms=0 100ms=0 250ms=0]
05-18 12:18:48.097 11901 11918 I wasm_android_host::pr..: wandr-profile: frame 160260 t+2746873ms  win[N=60 min=14.8ms mean=16.6ms max=18.4ms] over[16ms=51 50ms=0 100ms=0 250ms=0]
05-18 12:18:49.095 11901 11918 I wasm_android_host::pr..: wandr-profile: frame 160320 t+2747870ms  win[N=60 min=14.7ms mean=16.6ms max=18.6ms] over[16ms=52 50ms=0 100ms=0 250ms=0]
05-18 12:18:50.093 11901 11918 I wasm_android_host::pr..: wandr-profile: frame 160380 t+2748868ms  win[N=60 min=14.4ms mean=16.6ms max=18.4ms] over[16ms=52 50ms=0 100ms=0 250ms=0]
05-18 12:18:51.091 11901 11918 I wasm_android_host::pr..: wandr-profile: frame 160440 t+2749867ms  win[N=60 min=14.9ms mean=16.6ms max=18.2ms] over[16ms=52 50ms=0 100ms=0 250ms=0]
05-18 12:18:52.089 11901 11918 I wasm_android_host::pr..: wandr-profile: frame 160500 t+2750865ms  win[N=60 min=15.0ms mean=16.6ms max=18.1ms] over[16ms=51 50ms=0 100ms=0 250ms=0]
05-18 12:18:53.088 11901 11918 I wasm_android_host::pr..: wandr-profile: frame 160560 t+2751864ms  win[N=60 min=14.7ms mean=16.6ms max=18.6ms] over[16ms=53 50ms=0 100ms=0 250ms=0]
05-18 12:18:54.102 11901 11918 I wasm_android_host::pr..: wandr-profile: frame 160620 t+2752878ms  win[N=60 min=15.3ms mean=16.8ms max=31.9ms] over[16ms=51 50ms=0 100ms=0 250ms=0]
05-18 12:18:55.102 11901 11918 I wasm_android_host::pr..: wandr-profile: frame 160680 t+2753877ms  win[N=60 min=14.9ms mean=16.6ms max=18.3ms] over[16ms=51 50ms=0 100ms=0 250ms=0]
05-18 12:18:56.116 11901 11918 I wasm_android_host::pr..: wandr-profile: frame 160740 t+2754892ms  win[N=60 min=14.6ms mean=16.8ms max=34.0ms] over[16ms=54 50ms=0 100ms=0 250ms=0]
05-18 12:18:57.115 11901 11918 I wasm_android_host::pr..: wandr-profile: frame 160800 t+2755891ms  win[N=60 min=14.8ms mean=16.6ms max=18.7ms] over[16ms=47 50ms=0 100ms=0 250ms=0]
05-18 12:18:58.114 11901 11918 I wasm_android_host::pr..: wandr-profile: frame 160860 t+2756889ms  win[N=60 min=14.8ms mean=16.6ms max=18.2ms] over[16ms=56 50ms=0 100ms=0 250ms=0]
05-18 12:18:59.112 11901 11918 I wasm_android_host::pr..: wandr-profile: frame 160920 t+2757888ms  win[N=60 min=14.6ms mean=16.6ms max=18.5ms] over[16ms=52 50ms=0 100ms=0 250ms=0]
05-18 12:19:00.111 11901 11918 I wasm_android_host::pr..: wandr-profile: frame 160980 t+2758886ms  win[N=60 min=15.2ms mean=16.6ms max=17.8ms] over[16ms=53 50ms=0 100ms=0 250ms=0]
05-18 12:19:01.125 11901 11918 I wasm_android_host::pr..: wandr-profile: frame 161040 t+2759901ms  win[N=60 min=14.6ms mean=16.8ms max=34.7ms] over[16ms=41 50ms=0 100ms=0 250ms=0]
05-18 12:19:02.124 11901 11918 I wasm_android_host::pr..: wandr-profile: frame 161100 t+2760900ms  win[N=60 min=14.7ms mean=16.6ms max=18.6ms] over[16ms=47 50ms=0 100ms=0 250ms=0]
05-18 12:19:03.122 11901 11918 I wasm_android_host::pr..: wandr-profile: frame 161160 t+2761898ms  win[N=60 min=11.3ms mean=16.6ms max=21.9ms] over[16ms=47 50ms=0 100ms=0 250ms=0]
05-18 12:19:04.121 11901 11918 I wasm_android_host::pr..: wandr-profile: frame 161220 t+2762897ms  win[N=60 min=14.5ms mean=16.6ms max=18.6ms] over[16ms=50 50ms=0 100ms=0 250ms=0]
05-18 12:19:05.119 11901 11918 I wasm_android_host::pr..: wandr-profile: frame 161280 t+2763895ms  win[N=60 min=15.2ms mean=16.6ms max=18.2ms] over[16ms=48 50ms=0 100ms=0 250ms=0]
05-18 12:19:06.118 11901 11918 I wasm_android_host::pr..: wandr-profile: frame 161340 t+2764894ms  win[N=60 min=15.0ms mean=16.6ms max=18.1ms] over[16ms=54 50ms=0 100ms=0 250ms=0]
05-18 12:19:07.117 11901 11918 I wasm_android_host::pr..: wandr-profile: frame 161400 t+2765893ms  win[N=60 min=15.4ms mean=16.6ms max=18.1ms] over[16ms=49 50ms=0 100ms=0 250ms=0]
05-18 12:19:08.115 11901 11918 I wasm_android_host::pr..: wandr-profile: frame 161460 t+2766891ms  win[N=60 min=14.9ms mean=16.6ms max=18.7ms] over[16ms=49 50ms=0 100ms=0 250ms=0]
05-18 12:19:09.114 11901 11918 I wasm_android_host::pr..: wandr-profile: frame 161520 t+2767890ms  win[N=60 min=15.0ms mean=16.6ms max=18.8ms] over[16ms=54 50ms=0 100ms=0 250ms=0]
05-18 12:19:10.112 11901 11918 I wasm_android_host::pr..: wandr-profile: frame 161580 t+2768888ms  win[N=60 min=14.3ms mean=16.6ms max=18.7ms] over[16ms=49 50ms=0 100ms=0 250ms=0]
05-18 12:19:11.111 11901 11918 I wasm_android_host::pr..: wandr-profile: frame 161640 t+2769886ms  win[N=60 min=14.9ms mean=16.6ms max=18.4ms] over[16ms=53 50ms=0 100ms=0 250ms=0]
05-18 12:19:12.109 11901 11918 I wasm_android_host::pr..: wandr-profile: frame 161700 t+2770885ms  win[N=60 min=15.0ms mean=16.6ms max=18.5ms] over[16ms=53 50ms=0 100ms=0 250ms=0]
05-18 12:19:13.107 11901 11918 I wasm_android_host::pr..: wandr-profile: frame 161760 t+2771883ms  win[N=60 min=14.8ms mean=16.6ms max=19.0ms] over[16ms=53 50ms=0 100ms=0 250ms=0]
05-18 12:19:14.122 11901 11918 I wasm_android_host::pr..: wandr-profile: frame 161820 t+2772898ms  win[N=60 min=15.4ms mean=16.8ms max=33.5ms] over[16ms=51 50ms=0 100ms=0 250ms=0]
05-18 12:19:15.121 11901 11918 I wasm_android_host::pr..: wandr-profile: frame 161880 t+2773896ms  win[N=60 min=14.5ms mean=16.6ms max=18.8ms] over[16ms=56 50ms=0 100ms=0 250ms=0]
05-18 12:19:16.119 11901 11918 I wasm_android_host::pr..: wandr-profile: frame 161940 t+2774895ms  win[N=60 min=14.9ms mean=16.6ms max=18.4ms] over[16ms=48 50ms=0 100ms=0 250ms=0]
05-18 12:19:17.120 11901 11918 I wasm_android_host::pr..: wandr-profile: frame 162000 t+2775896ms  win[N=60 min=14.5ms mean=16.6ms max=18.9ms] over[16ms=53 50ms=0 100ms=0 250ms=0]
05-18 12:19:18.115 11901 11918 I wasm_android_host::pr..: wandr-profile: frame 162060 t+2776891ms  win[N=60 min=14.7ms mean=16.5ms max=17.8ms] over[16ms=54 50ms=0 100ms=0 250ms=0]
05-18 12:19:19.115 11901 11918 I wasm_android_host::pr..: wandr-profile: frame 162120 t+2777890ms  win[N=60 min=15.1ms mean=16.6ms max=18.9ms] over[16ms=52 50ms=0 100ms=0 250ms=0]
05-18 12:19:20.130 11901 11918 I wasm_android_host::pr..: wandr-profile: frame 162180 t+2778905ms  win[N=60 min=15.0ms mean=16.8ms max=34.1ms] over[16ms=52 50ms=0 100ms=0 250ms=0]
05-18 12:19:21.129 11901 11918 I wasm_android_host::pr..: wandr-profile: frame 162240 t+2779904ms  win[N=60 min=14.7ms mean=16.6ms max=18.5ms] over[16ms=52 50ms=0 100ms=0 250ms=0]
05-18 12:19:22.126 11901 11918 I wasm_android_host::pr..: wandr-profile: frame 162300 t+2780902ms  win[N=60 min=15.4ms mean=16.6ms max=17.5ms] over[16ms=55 50ms=0 100ms=0 250ms=0]
05-18 12:19:23.125 11901 11918 I wasm_android_host::pr..: wandr-profile: frame 162360 t+2781901ms  win[N=60 min=14.5ms mean=16.6ms max=18.5ms] over[16ms=53 50ms=0 100ms=0 250ms=0]
05-18 12:19:24.123 11901 11918 I wasm_android_host::pr..: wandr-profile: frame 162420 t+2782899ms  win[N=60 min=15.1ms mean=16.6ms max=17.9ms] over[16ms=53 50ms=0 100ms=0 250ms=0]
05-18 12:19:25.122 11901 11918 I wasm_android_host::pr..: wandr-profile: frame 162480 t+2783897ms  win[N=60 min=14.8ms mean=16.6ms max=18.5ms] over[16ms=51 50ms=0 100ms=0 250ms=0]
05-18 12:19:26.120 11901 11918 I wasm_android_host::pr..: wandr-profile: frame 162540 t+2784896ms  win[N=60 min=14.4ms mean=16.6ms max=18.8ms] over[16ms=58 50ms=0 100ms=0 250ms=0]
05-18 12:19:27.135 11901 11918 I wasm_android_host::pr..: wandr-profile: frame 162600 t+2785911ms  win[N=60 min=14.8ms mean=16.8ms max=31.6ms] over[16ms=51 50ms=0 100ms=0 250ms=0]
05-18 12:19:28.134 11901 11918 I wasm_android_host::pr..: wandr-profile: frame 162660 t+2786910ms  win[N=60 min=14.9ms mean=16.6ms max=18.1ms] over[16ms=56 50ms=0 100ms=0 250ms=0]
05-18 12:19:29.133 11901 11918 I wasm_android_host::pr..: wandr-profile: frame 162720 t+2787908ms  win[N=60 min=15.0ms mean=16.6ms max=18.2ms] over[16ms=47 50ms=0 100ms=0 250ms=0]
05-18 12:19:30.131 11901 11918 I wasm_android_host::pr..: wandr-profile: frame 162780 t+2788906ms  win[N=60 min=15.0ms mean=16.6ms max=18.4ms] over[16ms=55 50ms=0 100ms=0 250ms=0]
05-18 12:19:31.146 11901 11918 I wasm_android_host::pr..: wandr-profile: frame 162840 t+2789922ms  win[N=60 min=13.7ms mean=16.8ms max=36.4ms] over[16ms=46 50ms=0 100ms=0 250ms=0]
05-18 12:19:32.145 11901 11918 I wasm_android_host::pr..: wandr-profile: frame 162900 t+2790920ms  win[N=60 min=15.0ms mean=16.6ms max=18.9ms] over[16ms=55 50ms=0 100ms=0 250ms=0]
05-18 12:19:33.160 11901 11918 I wasm_android_host::pr..: wandr-profile: frame 162960 t+2791935ms  win[N=60 min=13.8ms mean=16.8ms max=34.0ms] over[16ms=57 50ms=0 100ms=0 250ms=0]
05-18 12:19:34.158 11901 11918 I wasm_android_host::pr..: wandr-profile: frame 163020 t+2792934ms  win[N=60 min=14.8ms mean=16.6ms max=17.6ms] over[16ms=55 50ms=0 100ms=0 250ms=0]
05-18 12:19:35.157 11901 11918 I wasm_android_host::pr..: wandr-profile: frame 163080 t+2793933ms  win[N=60 min=14.4ms mean=16.6ms max=19.0ms] over[16ms=52 50ms=0 100ms=0 250ms=0]
05-18 12:19:36.156 11901 11918 I wasm_android_host::pr..: wandr-profile: frame 163140 t+2794931ms  win[N=60 min=14.7ms mean=16.6ms max=18.5ms] over[16ms=54 50ms=0 100ms=0 250ms=0]
05-18 12:19:37.155 11901 11918 I wasm_android_host::pr..: wandr-profile: frame 163200 t+2795931ms  win[N=60 min=14.2ms mean=16.6ms max=19.3ms] over[16ms=50 50ms=0 100ms=0 250ms=0]
05-18 12:19:38.152 11901 11918 I wasm_android_host::pr..: wandr-profile: frame 163260 t+2796928ms  win[N=60 min=14.7ms mean=16.6ms max=18.6ms] over[16ms=49 50ms=0 100ms=0 250ms=0]
05-18 12:19:39.151 11901 11918 I wasm_android_host::pr..: wandr-profile: frame 163320 t+2797927ms  win[N=60 min=14.3ms mean=16.6ms max=18.6ms] over[16ms=58 50ms=0 100ms=0 250ms=0]
05-18 12:19:40.166 11901 11918 I wasm_android_host::pr..: wandr-profile: frame 163380 t+2798941ms  win[N=60 min=14.9ms mean=16.8ms max=34.8ms] over[16ms=52 50ms=0 100ms=0 250ms=0]
05-18 12:19:41.164 11901 11918 I wasm_android_host::pr..: wandr-profile: frame 163440 t+2799940ms  win[N=60 min=14.3ms mean=16.6ms max=18.8ms] over[16ms=55 50ms=0 100ms=0 250ms=0]
05-18 12:19:42.179 11901 11918 I wasm_android_host::pr..: wandr-profile: frame 163500 t+2800955ms  win[N=60 min=15.2ms mean=16.8ms max=34.6ms] over[16ms=53 50ms=0 100ms=0 250ms=0]
05-18 12:19:43.178 11901 11918 I wasm_android_host::pr..: wandr-profile: frame 163560 t+2801953ms  win[N=60 min=14.6ms mean=16.6ms max=19.0ms] over[16ms=50 50ms=0 100ms=0 250ms=0]
05-18 12:19:44.193 11901 11918 I wasm_android_host::pr..: wandr-profile: frame 163620 t+2802969ms  win[N=60 min=15.0ms mean=16.9ms max=34.8ms] over[16ms=55 50ms=0 100ms=0 250ms=0]
05-18 12:19:45.192 11901 11918 I wasm_android_host::pr..: wandr-profile: frame 163680 t+2803967ms  win[N=60 min=14.6ms mean=16.6ms max=18.8ms] over[16ms=55 50ms=0 100ms=0 250ms=0]
05-18 12:19:46.190 11901 11918 I wasm_android_host::pr..: wandr-profile: frame 163740 t+2804966ms  win[N=60 min=15.2ms mean=16.6ms max=18.2ms] over[16ms=52 50ms=0 100ms=0 250ms=0]
05-18 12:19:47.188 11901 11918 I wasm_android_host::pr..: wandr-profile: frame 163800 t+2805964ms  win[N=60 min=15.2ms mean=16.6ms max=18.5ms] over[16ms=55 50ms=0 100ms=0 250ms=0]
05-18 12:19:48.186 11901 11918 I wasm_android_host::pr..: wandr-profile: frame 163860 t+2806962ms  win[N=60 min=15.4ms mean=16.6ms max=17.2ms] over[16ms=57 50ms=0 100ms=0 250ms=0]
05-18 12:19:49.185 11901 11918 I wasm_android_host::pr..: wandr-profile: frame 163920 t+2807961ms  win[N=60 min=14.7ms mean=16.6ms max=18.6ms] over[16ms=50 50ms=0 100ms=0 250ms=0]
05-18 12:19:50.184 11901 11918 I wasm_android_host::pr..: wandr-profile: frame 163980 t+2808959ms  win[N=60 min=14.4ms mean=16.6ms max=19.0ms] over[16ms=50 50ms=0 100ms=0 250ms=0]
05-18 12:19:51.182 11901 11918 I wasm_android_host::pr..: wandr-profile: frame 164040 t+2809958ms  win[N=60 min=15.0ms mean=16.6ms max=18.1ms] over[16ms=49 50ms=0 100ms=0 250ms=0]
05-18 12:19:52.181 11901 11918 I wasm_android_host::pr..: wandr-profile: frame 164100 t+2810956ms  win[N=60 min=14.5ms mean=16.6ms max=19.1ms] over[16ms=51 50ms=0 100ms=0 250ms=0]
05-18 12:19:53.195 11901 11918 I wasm_android_host::pr..: wandr-profile: frame 164160 t+2811971ms  win[N=60 min=11.7ms mean=16.8ms max=36.2ms] over[16ms=51 50ms=0 100ms=0 250ms=0]
05-18 12:19:54.194 11901 11918 I wasm_android_host::pr..: wandr-profile: frame 164220 t+2812970ms  win[N=60 min=15.6ms mean=16.6ms max=17.4ms] over[16ms=59 50ms=0 100ms=0 250ms=0]
05-18 12:19:55.210 11901 11918 I wasm_android_host::pr..: wandr-profile: frame 164280 t+2813985ms  win[N=60 min=10.8ms mean=16.8ms max=35.2ms] over[16ms=48 50ms=0 100ms=0 250ms=0]
05-18 12:19:56.208 11901 11918 I wasm_android_host::pr..: wandr-profile: frame 164340 t+2814984ms  win[N=60 min=14.7ms mean=16.6ms max=18.9ms] over[16ms=56 50ms=0 100ms=0 250ms=0]
05-18 12:19:57.207 11901 11918 I wasm_android_host::pr..: wandr-profile: frame 164400 t+2815982ms  win[N=60 min=14.3ms mean=16.6ms max=19.4ms] over[16ms=54 50ms=0 100ms=0 250ms=0]
05-18 12:19:58.205 11901 11918 I wasm_android_host::pr..: wandr-profile: frame 164460 t+2816981ms  win[N=60 min=14.6ms mean=16.6ms max=18.8ms] over[16ms=51 50ms=0 100ms=0 250ms=0]
05-18 12:19:59.204 11901 11918 I wasm_android_host::pr..: wandr-profile: frame 164520 t+2817980ms  win[N=60 min=14.4ms mean=16.6ms max=19.1ms] over[16ms=54 50ms=0 100ms=0 250ms=0]
05-18 12:20:00.202 11901 11918 I wasm_android_host::pr..: wandr-profile: frame 164580 t+2818977ms  win[N=60 min=14.8ms mean=16.6ms max=18.5ms] over[16ms=53 50ms=0 100ms=0 250ms=0]
05-18 12:20:01.200 11901 11918 I wasm_android_host::pr..: wandr-profile: frame 164640 t+2819976ms  win[N=60 min=14.2ms mean=16.6ms max=18.9ms] over[16ms=50 50ms=0 100ms=0 250ms=0]
05-18 12:20:02.199 11901 11918 I wasm_android_host::pr..: wandr-profile: frame 164700 t+2820975ms  win[N=60 min=14.0ms mean=16.6ms max=19.0ms] over[16ms=53 50ms=0 100ms=0 250ms=0]
05-18 12:20:03.198 11901 11918 I wasm_android_host::pr..: wandr-profile: frame 164760 t+2821973ms  win[N=60 min=13.9ms mean=16.6ms max=19.0ms] over[16ms=55 50ms=0 100ms=0 250ms=0]
05-18 12:20:04.198 11901 11918 I wasm_android_host::pr..: wandr-profile: frame 164820 t+2822974ms  win[N=60 min=14.4ms mean=16.6ms max=19.5ms] over[16ms=52 50ms=0 100ms=0 250ms=0]
05-18 12:20:05.195 11901 11918 I wasm_android_host::pr..: wandr-profile: frame 164880 t+2823971ms  win[N=60 min=14.0ms mean=16.5ms max=18.9ms] over[16ms=53 50ms=0 100ms=0 250ms=0]
05-18 12:20:06.193 11901 11918 I wasm_android_host::pr..: wandr-profile: frame 164940 t+2824969ms  win[N=60 min=15.6ms mean=16.6ms max=17.6ms] over[16ms=54 50ms=0 100ms=0 250ms=0]
05-18 12:20:07.209 11901 11918 I wasm_android_host::pr..: wandr-profile: frame 165000 t+2825985ms  win[N=60 min=14.3ms mean=16.9ms max=32.9ms] over[16ms=52 50ms=0 100ms=0 250ms=0]
05-18 12:20:08.207 11901 11918 I wasm_android_host::pr..: wandr-profile: frame 165060 t+2826983ms  win[N=60 min=14.5ms mean=16.6ms max=18.6ms] over[16ms=58 50ms=0 100ms=0 250ms=0]
05-18 12:20:09.206 11901 11918 I wasm_android_host::pr..: wandr-profile: frame 165120 t+2827981ms  win[N=60 min=14.6ms mean=16.6ms max=18.7ms] over[16ms=54 50ms=0 100ms=0 250ms=0]
05-18 12:20:10.204 11901 11918 I wasm_android_host::pr..: wandr-profile: frame 165180 t+2828980ms  win[N=60 min=14.4ms mean=16.6ms max=19.1ms] over[16ms=55 50ms=0 100ms=0 250ms=0]
05-18 12:20:11.219 11901 11918 I wasm_android_host::pr..: wandr-profile: frame 165240 t+2829995ms  win[N=60 min=15.0ms mean=16.8ms max=34.5ms] over[16ms=52 50ms=0 100ms=0 250ms=0]
05-18 12:20:12.218 11901 11918 I wasm_android_host::pr..: wandr-profile: frame 165300 t+2830994ms  win[N=60 min=14.3ms mean=16.6ms max=19.0ms] over[16ms=54 50ms=0 100ms=0 250ms=0]
05-18 12:20:13.218 11901 11918 I wasm_android_host::pr..: wandr-profile: frame 165360 t+2831993ms  win[N=60 min=14.3ms mean=16.6ms max=19.7ms] over[16ms=54 50ms=0 100ms=0 250ms=0]
05-18 12:20:14.215 11901 11918 I wasm_android_host::pr..: wandr-profile: frame 165420 t+2832991ms  win[N=60 min=14.5ms mean=16.6ms max=18.7ms] over[16ms=48 50ms=0 100ms=0 250ms=0]
05-18 12:20:15.230 11901 11918 I wasm_android_host::pr..: wandr-profile: frame 165480 t+2834006ms  win[N=60 min=13.3ms mean=16.8ms max=32.5ms] over[16ms=53 50ms=0 100ms=0 250ms=0]
05-18 12:20:16.245 11901 11918 I wasm_android_host::pr..: wandr-profile: frame 165540 t+2835021ms  win[N=60 min=12.6ms mean=16.8ms max=36.5ms] over[16ms=49 50ms=0 100ms=0 250ms=0]
05-18 12:20:17.243 11901 11918 I wasm_android_host::pr..: wandr-profile: frame 165600 t+2836019ms  win[N=60 min=12.9ms mean=16.6ms max=19.8ms] over[16ms=53 50ms=0 100ms=0 250ms=0]
05-18 12:20:18.258 11901 11918 I wasm_android_host::pr..: wandr-profile: frame 165660 t+2837034ms  win[N=60 min=12.2ms mean=16.8ms max=32.8ms] over[16ms=53 50ms=0 100ms=0 250ms=0]
05-18 12:20:19.257 11901 11918 I wasm_android_host::pr..: wandr-profile: frame 165720 t+2838032ms  win[N=60 min=15.3ms mean=16.6ms max=17.7ms] over[16ms=56 50ms=0 100ms=0 250ms=0]
05-18 12:20:20.255 11901 11918 I wasm_android_host::pr..: wandr-profile: frame 165780 t+2839031ms  win[N=60 min=14.5ms mean=16.6ms max=18.9ms] over[16ms=51 50ms=0 100ms=0 250ms=0]
05-18 12:20:21.254 11901 11918 I wasm_android_host::pr..: wandr-profile: frame 165840 t+2840030ms  win[N=60 min=14.7ms mean=16.6ms max=19.0ms] over[16ms=57 50ms=0 100ms=0 250ms=0]
05-18 12:20:22.252 11901 11918 I wasm_android_host::pr..: wandr-profile: frame 165900 t+2841028ms  win[N=60 min=14.7ms mean=16.6ms max=18.7ms] over[16ms=51 50ms=0 100ms=0 250ms=0]
05-18 12:20:23.251 11901 11918 I wasm_android_host::pr..: wandr-profile: frame 165960 t+2842027ms  win[N=60 min=14.2ms mean=16.6ms max=19.1ms] over[16ms=55 50ms=0 100ms=0 250ms=0]
05-18 12:20:24.266 11901 11918 I wasm_android_host::pr..: wandr-profile: frame 166020 t+2843041ms  win[N=60 min=14.7ms mean=16.8ms max=32.8ms] over[16ms=50 50ms=0 100ms=0 250ms=0]
05-18 12:20:25.264 11901 11918 I wasm_android_host::pr..: wandr-profile: frame 166080 t+2844040ms  win[N=60 min=14.5ms mean=16.6ms max=18.7ms] over[16ms=53 50ms=0 100ms=0 250ms=0]
05-18 12:20:26.279 11901 11918 I wasm_android_host::pr..: wandr-profile: frame 166140 t+2845055ms  win[N=60 min=14.8ms mean=16.8ms max=32.3ms] over[16ms=54 50ms=0 100ms=0 250ms=0]
05-18 12:20:27.278 11901 11918 I wasm_android_host::pr..: wandr-profile: frame 166200 t+2846054ms  win[N=60 min=14.9ms mean=16.6ms max=18.7ms] over[16ms=54 50ms=0 100ms=0 250ms=0]
05-18 12:20:28.278 11901 11918 I wasm_android_host::pr..: wandr-profile: frame 166260 t+2847054ms  win[N=60 min=14.6ms mean=16.6ms max=18.8ms] over[16ms=53 50ms=0 100ms=0 250ms=0]
05-18 12:20:29.275 11901 11918 I wasm_android_host::pr..: wandr-profile: frame 166320 t+2848050ms  win[N=60 min=14.0ms mean=16.5ms max=19.2ms] over[16ms=55 50ms=0 100ms=0 250ms=0]
05-18 12:20:30.273 11901 11918 I wasm_android_host::pr..: wandr-profile: frame 166380 t+2849049ms  win[N=60 min=15.3ms mean=16.6ms max=17.7ms] over[16ms=55 50ms=0 100ms=0 250ms=0]
05-18 12:20:31.272 11901 11918 I wasm_android_host::pr..: wandr-profile: frame 166440 t+2850047ms  win[N=60 min=14.4ms mean=16.6ms max=19.3ms] over[16ms=56 50ms=0 100ms=0 250ms=0]
05-18 12:20:32.271 11901 11918 I wasm_android_host::pr..: wandr-profile: frame 166500 t+2851047ms  win[N=60 min=15.2ms mean=16.6ms max=18.0ms] over[16ms=59 50ms=0 100ms=0 250ms=0]
05-18 12:20:33.268 11901 11918 I wasm_android_host::pr..: wandr-profile: frame 166560 t+2852044ms  win[N=60 min=14.6ms mean=16.5ms max=18.8ms] over[16ms=51 50ms=0 100ms=0 250ms=0]
05-18 12:20:34.267 11901 11918 I wasm_android_host::pr..: wandr-profile: frame 166620 t+2853043ms  win[N=60 min=15.9ms mean=16.6ms max=17.1ms] over[16ms=59 50ms=0 100ms=0 250ms=0]
05-18 12:20:35.282 11901 11918 I wasm_android_host::pr..: wandr-profile: frame 166680 t+2854058ms  win[N=60 min=12.4ms mean=16.8ms max=35.8ms] over[16ms=52 50ms=0 100ms=0 250ms=0]
05-18 12:20:36.280 11901 11918 I wasm_android_host::pr..: wandr-profile: frame 166740 t+2855056ms  win[N=60 min=15.8ms mean=16.6ms max=17.7ms] over[16ms=58 50ms=0 100ms=0 250ms=0]
05-18 12:20:37.281 11901 11918 I wasm_android_host::pr..: wandr-profile: frame 166800 t+2856056ms  win[N=60 min=14.6ms mean=16.6ms max=18.7ms] over[16ms=53 50ms=0 100ms=0 250ms=0]
05-18 12:20:38.278 11901 11918 I wasm_android_host::pr..: wandr-profile: frame 166860 t+2857054ms  win[N=60 min=13.8ms mean=16.6ms max=19.3ms] over[16ms=55 50ms=0 100ms=0 250ms=0]
05-18 12:20:39.276 11901 11918 I wasm_android_host::pr..: wandr-profile: frame 166920 t+2858052ms  win[N=60 min=14.6ms mean=16.6ms max=18.7ms] over[16ms=53 50ms=0 100ms=0 250ms=0]
05-18 12:20:40.274 11901 11918 I wasm_android_host::pr..: wandr-profile: frame 166980 t+2859050ms  win[N=60 min=14.6ms mean=16.6ms max=18.6ms] over[16ms=57 50ms=0 100ms=0 250ms=0]
05-18 12:20:41.289 11901 11918 I wasm_android_host::pr..: wandr-profile: frame 167040 t+2860065ms  win[N=60 min=14.7ms mean=16.8ms max=33.9ms] over[16ms=50 50ms=0 100ms=0 250ms=0]
05-18 12:20:42.287 11901 11918 I wasm_android_host::pr..: wandr-profile: frame 167100 t+2861063ms  win[N=60 min=15.0ms mean=16.6ms max=18.9ms] over[16ms=59 50ms=0 100ms=0 250ms=0]
05-18 12:20:43.286 11901 11918 I wasm_android_host::pr..: wandr-profile: frame 167160 t+2862062ms  win[N=60 min=14.8ms mean=16.6ms max=18.3ms] over[16ms=54 50ms=0 100ms=0 250ms=0]
05-18 12:20:44.285 11901 11918 I wasm_android_host::pr..: wandr-profile: frame 167220 t+2863060ms  win[N=60 min=14.3ms mean=16.6ms max=19.0ms] over[16ms=54 50ms=0 100ms=0 250ms=0]
05-18 12:20:45.299 11901 11918 I wasm_android_host::pr..: wandr-profile: frame 167280 t+2864075ms  win[N=60 min=9.8ms mean=16.8ms max=35.8ms] over[16ms=55 50ms=0 100ms=0 250ms=0]
05-18 12:20:46.298 11901 11918 I wasm_android_host::pr..: wandr-profile: frame 167340 t+2865074ms  win[N=60 min=15.3ms mean=16.6ms max=18.9ms] over[16ms=56 50ms=0 100ms=0 250ms=0]
05-18 12:20:47.315 11901 11918 I wasm_android_host::pr..: wandr-profile: frame 167400 t+2866090ms  win[N=60 min=14.6ms mean=16.9ms max=32.9ms] over[16ms=53 50ms=0 100ms=0 250ms=0]
05-18 12:20:48.314 11901 11918 I wasm_android_host::pr..: wandr-profile: frame 167460 t+2867090ms  win[N=60 min=14.7ms mean=16.6ms max=19.2ms] over[16ms=55 50ms=0 100ms=0 250ms=0]
05-18 12:20:49.326 11901 11918 I wasm_android_host::pr..: wandr-profile: frame 167520 t+2868102ms  win[N=60 min=14.1ms mean=16.8ms max=34.3ms] over[16ms=55 50ms=0 100ms=0 250ms=0]
05-18 12:20:50.325 11901 11918 I wasm_android_host::pr..: wandr-profile: frame 167580 t+2869101ms  win[N=60 min=13.7ms mean=16.6ms max=18.7ms] over[16ms=55 50ms=0 100ms=0 250ms=0]
05-18 12:20:51.340 11901 11918 I wasm_android_host::pr..: wandr-profile: frame 167640 t+2870115ms  win[N=60 min=15.5ms mean=16.8ms max=34.6ms] over[16ms=56 50ms=0 100ms=0 250ms=0]
05-18 12:20:52.338 11901 11918 I wasm_android_host::pr..: wandr-profile: frame 167700 t+2871114ms  win[N=60 min=14.7ms mean=16.6ms max=18.2ms] over[16ms=54 50ms=0 100ms=0 250ms=0]
05-18 12:20:53.337 11901 11918 I wasm_android_host::pr..: wandr-profile: frame 167760 t+2872113ms  win[N=60 min=15.4ms mean=16.6ms max=17.7ms] over[16ms=59 50ms=0 100ms=0 250ms=0]
05-18 12:20:54.352 11901 11918 I wasm_android_host::pr..: wandr-profile: frame 167820 t+2873128ms  win[N=60 min=12.7ms mean=16.8ms max=35.0ms] over[16ms=53 50ms=0 100ms=0 250ms=0]
05-18 12:20:55.367 11901 11918 I wasm_android_host::pr..: wandr-profile: frame 167880 t+2874143ms  win[N=60 min=15.4ms mean=16.8ms max=33.3ms] over[16ms=56 50ms=0 100ms=0 250ms=0]
05-18 12:20:56.382 11901 11918 I wasm_android_host::pr..: wandr-profile: frame 167940 t+2875157ms  win[N=60 min=14.9ms mean=16.8ms max=33.2ms] over[16ms=56 50ms=0 100ms=0 250ms=0]
05-18 12:20:57.380 11901 11918 I wasm_android_host::pr..: wandr-profile: frame 168000 t+2876156ms  win[N=60 min=14.5ms mean=16.6ms max=19.0ms] over[16ms=58 50ms=0 100ms=0 250ms=0]
05-18 12:20:58.379 11901 11918 I wasm_android_host::pr..: wandr-profile: frame 168060 t+2877155ms  win[N=60 min=14.7ms mean=16.6ms max=19.3ms] over[16ms=54 50ms=0 100ms=0 250ms=0]
05-18 12:20:59.377 11901 11918 I wasm_android_host::pr..: wandr-profile: frame 168120 t+2878153ms  win[N=60 min=16.0ms mean=16.6ms max=17.2ms] over[16ms=59 50ms=0 100ms=0 250ms=0]
05-18 12:21:00.393 11901 11918 I wasm_android_host::pr..: wandr-profile: frame 168180 t+2879168ms  win[N=60 min=14.4ms mean=16.9ms max=34.8ms] over[16ms=50 50ms=0 100ms=0 250ms=0]
05-18 12:21:01.391 11901 11918 I wasm_android_host::pr..: wandr-profile: frame 168240 t+2880166ms  win[N=60 min=13.8ms mean=16.6ms max=19.2ms] over[16ms=52 50ms=0 100ms=0 250ms=0]
05-18 12:21:02.406 11901 11918 I wasm_android_host::pr..: wandr-profile: frame 168300 t+2881182ms  win[N=60 min=14.8ms mean=16.9ms max=34.5ms] over[16ms=51 50ms=0 100ms=0 250ms=0]
05-18 12:21:03.404 11901 11918 I wasm_android_host::pr..: wandr-profile: frame 168360 t+2882180ms  win[N=60 min=14.4ms mean=16.6ms max=19.0ms] over[16ms=53 50ms=0 100ms=0 250ms=0]
05-18 12:21:04.403 11901 11918 I wasm_android_host::pr..: wandr-profile: frame 168420 t+2883179ms  win[N=60 min=14.7ms mean=16.6ms max=18.4ms] over[16ms=55 50ms=0 100ms=0 250ms=0]
05-18 12:21:05.401 11901 11918 I wasm_android_host::pr..: wandr-profile: frame 168480 t+2884177ms  win[N=60 min=14.5ms mean=16.6ms max=18.9ms] over[16ms=51 50ms=0 100ms=0 250ms=0]
05-18 12:21:06.399 11901 11918 I wasm_android_host::pr..: wandr-profile: frame 168540 t+2885175ms  win[N=60 min=15.0ms mean=16.6ms max=18.2ms] over[16ms=52 50ms=0 100ms=0 250ms=0]
05-18 12:21:07.398 11901 11918 I wasm_android_host::pr..: wandr-profile: frame 168600 t+2886174ms  win[N=60 min=14.5ms mean=16.6ms max=19.3ms] over[16ms=55 50ms=0 100ms=0 250ms=0]
05-18 12:21:08.396 11901 11918 I wasm_android_host::pr..: wandr-profile: frame 168660 t+2887172ms  win[N=60 min=15.1ms mean=16.6ms max=18.3ms] over[16ms=50 50ms=0 100ms=0 250ms=0]
05-18 12:21:09.395 11901 11918 I wasm_android_host::pr..: wandr-profile: frame 168720 t+2888171ms  win[N=60 min=14.6ms mean=16.6ms max=18.5ms] over[16ms=59 50ms=0 100ms=0 250ms=0]
05-18 12:21:10.393 11901 11918 I wasm_android_host::pr..: wandr-profile: frame 168780 t+2889169ms  win[N=60 min=15.2ms mean=16.6ms max=18.2ms] over[16ms=54 50ms=0 100ms=0 250ms=0]
05-18 12:21:11.392 11901 11918 I wasm_android_host::pr..: wandr-profile: frame 168840 t+2890167ms  win[N=60 min=14.4ms mean=16.6ms max=19.1ms] over[16ms=53 50ms=0 100ms=0 250ms=0]
05-18 12:21:12.391 11901 11918 I wasm_android_host::pr..: wandr-profile: frame 168900 t+2891167ms  win[N=60 min=15.8ms mean=16.6ms max=17.7ms] over[16ms=58 50ms=0 100ms=0 250ms=0]
05-18 12:21:13.388 11901 11918 I wasm_android_host::pr..: wandr-profile: frame 168960 t+2892164ms  win[N=60 min=14.2ms mean=16.6ms max=19.2ms] over[16ms=49 50ms=0 100ms=0 250ms=0]
05-18 12:21:14.387 11901 11918 I wasm_android_host::pr..: wandr-profile: frame 169020 t+2893163ms  win[N=60 min=14.5ms mean=16.6ms max=18.8ms] over[16ms=57 50ms=0 100ms=0 250ms=0]
05-18 12:21:15.385 11901 11918 I wasm_android_host::pr..: wandr-profile: frame 169080 t+2894160ms  win[N=60 min=14.2ms mean=16.6ms max=18.7ms] over[16ms=54 50ms=0 100ms=0 250ms=0]
05-18 12:21:16.383 11901 11918 I wasm_android_host::pr..: wandr-profile: frame 169140 t+2895159ms  win[N=60 min=14.6ms mean=16.6ms max=18.8ms] over[16ms=54 50ms=0 100ms=0 250ms=0]
05-18 12:21:17.398 11901 11918 I wasm_android_host::pr..: wandr-profile: frame 169200 t+2896174ms  win[N=60 min=15.3ms mean=16.8ms max=32.9ms] over[16ms=53 50ms=0 100ms=0 250ms=0]
05-18 12:21:18.397 11901 11918 I wasm_android_host::pr..: wandr-profile: frame 169260 t+2897173ms  win[N=60 min=15.7ms mean=16.6ms max=17.6ms] over[16ms=56 50ms=0 100ms=0 250ms=0]
05-18 12:21:19.414 11901 11918 I wasm_android_host::pr..: wandr-profile: frame 169320 t+2898190ms  win[N=60 min=12.9ms mean=16.9ms max=32.8ms] over[16ms=51 50ms=0 100ms=0 250ms=0]
05-18 12:21:20.411 11901 11918 I wasm_android_host::pr..: wandr-profile: frame 169380 t+2899186ms  win[N=60 min=14.6ms mean=16.5ms max=16.9ms] over[16ms=59 50ms=0 100ms=0 250ms=0]
05-18 12:21:21.425 11901 11918 I wasm_android_host::pr..: wandr-profile: frame 169440 t+2900201ms  win[N=60 min=14.3ms mean=16.8ms max=33.8ms] over[16ms=53 50ms=0 100ms=0 250ms=0]
05-18 12:21:22.424 11901 11918 I wasm_android_host::pr..: wandr-profile: frame 169500 t+2901200ms  win[N=60 min=14.2ms mean=16.6ms max=18.8ms] over[16ms=56 50ms=0 100ms=0 250ms=0]
05-18 12:21:23.422 11901 11918 I wasm_android_host::pr..: wandr-profile: frame 169560 t+2902198ms  win[N=60 min=14.8ms mean=16.6ms max=18.6ms] over[16ms=53 50ms=0 100ms=0 250ms=0]
05-18 12:21:24.420 11901 11918 I wasm_android_host::pr..: wandr-profile: frame 169620 t+2903196ms  win[N=60 min=14.1ms mean=16.6ms max=18.8ms] over[16ms=56 50ms=0 100ms=0 250ms=0]
05-18 12:21:25.419 11901 11918 I wasm_android_host::pr..: wandr-profile: frame 169680 t+2904195ms  win[N=60 min=14.5ms mean=16.6ms max=18.6ms] over[16ms=52 50ms=0 100ms=0 250ms=0]
05-18 12:21:26.417 11901 11918 I wasm_android_host::pr..: wandr-profile: frame 169740 t+2905193ms  win[N=60 min=14.3ms mean=16.6ms max=19.0ms] over[16ms=57 50ms=0 100ms=0 250ms=0]
05-18 12:21:27.433 11901 11918 I wasm_android_host::pr..: wandr-profile: frame 169800 t+2906209ms  win[N=60 min=14.6ms mean=16.9ms max=34.6ms] over[16ms=52 50ms=0 100ms=0 250ms=0]
05-18 12:21:28.431 11901 11918 I wasm_android_host::pr..: wandr-profile: frame 169860 t+2907207ms  win[N=60 min=12.1ms mean=16.5ms max=19.9ms] over[16ms=57 50ms=0 100ms=0 250ms=0]
05-18 12:21:29.431 11901 11918 I wasm_android_host::pr..: wandr-profile: frame 169920 t+2908207ms  win[N=60 min=15.0ms mean=16.6ms max=18.2ms] over[16ms=52 50ms=0 100ms=0 250ms=0]
05-18 12:21:30.428 11901 11918 I wasm_android_host::pr..: wandr-profile: frame 169980 t+2909204ms  win[N=60 min=14.3ms mean=16.5ms max=19.0ms] over[16ms=53 50ms=0 100ms=0 250ms=0]
05-18 12:21:31.443 11901 11918 I wasm_android_host::pr..: wandr-profile: frame 170040 t+2910218ms  win[N=60 min=14.6ms mean=16.8ms max=34.6ms] over[16ms=53 50ms=0 100ms=0 250ms=0]
05-18 12:21:32.442 11901 11918 I wasm_android_host::pr..: wandr-profile: frame 170100 t+2911218ms  win[N=60 min=14.7ms mean=16.6ms max=18.7ms] over[16ms=56 50ms=0 100ms=0 250ms=0]
05-18 12:21:33.439 11901 11918 I wasm_android_host::pr..: wandr-profile: frame 170160 t+2912215ms  win[N=60 min=14.5ms mean=16.6ms max=18.9ms] over[16ms=52 50ms=0 100ms=0 250ms=0]
05-18 12:21:34.438 11901 11918 I wasm_android_host::pr..: wandr-profile: frame 170220 t+2913214ms  win[N=60 min=14.4ms mean=16.6ms max=18.8ms] over[16ms=53 50ms=0 100ms=0 250ms=0]
05-18 12:21:35.438 11901 11918 I wasm_android_host::pr..: wandr-profile: frame 170280 t+2914213ms  win[N=60 min=15.7ms mean=16.6ms max=17.9ms] over[16ms=56 50ms=0 100ms=0 250ms=0]
05-18 12:21:36.435 11901 11918 I wasm_android_host::pr..: wandr-profile: frame 170340 t+2915211ms  win[N=60 min=14.2ms mean=16.5ms max=19.1ms] over[16ms=50 50ms=0 100ms=0 250ms=0]
05-18 12:21:37.433 11901 11918 I wasm_android_host::pr..: wandr-profile: frame 170400 t+2916209ms  win[N=60 min=14.3ms mean=16.6ms max=18.8ms] over[16ms=53 50ms=0 100ms=0 250ms=0]
05-18 12:21:38.432 11901 11918 I wasm_android_host::pr..: wandr-profile: frame 170460 t+2917208ms  win[N=60 min=14.8ms mean=16.6ms max=19.1ms] over[16ms=54 50ms=0 100ms=0 250ms=0]
05-18 12:21:39.430 11901 11918 I wasm_android_host::pr..: wandr-profile: frame 170520 t+2918206ms  win[N=60 min=15.0ms mean=16.6ms max=18.2ms] over[16ms=54 50ms=0 100ms=0 250ms=0]
05-18 12:21:40.445 11901 11918 I wasm_android_host::pr..: wandr-profile: frame 170580 t+2919221ms  win[N=60 min=14.8ms mean=16.8ms max=34.8ms] over[16ms=51 50ms=0 100ms=0 250ms=0]
05-18 12:21:41.443 11901 11918 I wasm_android_host::pr..: wandr-profile: frame 170640 t+2920219ms  win[N=60 min=15.3ms mean=16.6ms max=17.9ms] over[16ms=58 50ms=0 100ms=0 250ms=0]
05-18 12:21:42.442 11901 11918 I wasm_android_host::pr..: wandr-profile: frame 170700 t+2921217ms  win[N=60 min=14.6ms mean=16.6ms max=18.6ms] over[16ms=54 50ms=0 100ms=0 250ms=0]
05-18 12:21:43.440 11901 11918 I wasm_android_host::pr..: wandr-profile: frame 170760 t+2922216ms  win[N=60 min=14.5ms mean=16.6ms max=19.1ms] over[16ms=55 50ms=0 100ms=0 250ms=0]
05-18 12:21:44.456 11901 11918 I wasm_android_host::pr..: wandr-profile: frame 170820 t+2923231ms  win[N=60 min=12.1ms mean=16.8ms max=35.3ms] over[16ms=53 50ms=0 100ms=0 250ms=0]
05-18 12:21:45.454 11901 11918 I wasm_android_host::pr..: wandr-profile: frame 170880 t+2924230ms  win[N=60 min=13.9ms mean=16.6ms max=19.3ms] over[16ms=53 50ms=0 100ms=0 250ms=0]
05-18 12:21:46.471 11901 11918 I wasm_android_host::pr..: wandr-profile: frame 170940 t+2925247ms  win[N=60 min=14.8ms mean=16.9ms max=34.9ms] over[16ms=49 50ms=0 100ms=0 250ms=0]
05-18 12:21:47.467 11901 11918 I wasm_android_host::pr..: wandr-profile: frame 171000 t+2926243ms  win[N=60 min=14.2ms mean=16.5ms max=18.9ms] over[16ms=55 50ms=0 100ms=0 250ms=0]
05-18 12:21:48.466 11901 11918 I wasm_android_host::pr..: wandr-profile: frame 171060 t+2927241ms  win[N=60 min=14.5ms mean=16.6ms max=18.1ms] over[16ms=55 50ms=0 100ms=0 250ms=0]
05-18 12:21:49.464 11901 11918 I wasm_android_host::pr..: wandr-profile: frame 171120 t+2928240ms  win[N=60 min=13.9ms mean=16.6ms max=19.3ms] over[16ms=49 50ms=0 100ms=0 250ms=0]
05-18 12:21:50.463 11901 11918 I wasm_android_host::pr..: wandr-profile: frame 171180 t+2929238ms  win[N=60 min=15.0ms mean=16.6ms max=18.4ms] over[16ms=55 50ms=0 100ms=0 250ms=0]
05-18 12:21:51.461 11901 11918 I wasm_android_host::pr..: wandr-profile: frame 171240 t+2930236ms  win[N=60 min=14.3ms mean=16.6ms max=18.6ms] over[16ms=57 50ms=0 100ms=0 250ms=0]
05-18 12:21:52.460 11901 11918 I wasm_android_host::pr..: wandr-profile: frame 171300 t+2931235ms  win[N=60 min=14.6ms mean=16.6ms max=18.5ms] over[16ms=52 50ms=0 100ms=0 250ms=0]
05-18 12:21:53.457 11901 11918 I wasm_android_host::pr..: wandr-profile: frame 171360 t+2932233ms  win[N=60 min=13.3ms mean=16.6ms max=19.3ms] over[16ms=55 50ms=0 100ms=0 250ms=0]
05-18 12:21:54.458 11901 11918 I wasm_android_host::pr..: wandr-profile: frame 171420 t+2933234ms  win[N=60 min=14.8ms mean=16.6ms max=18.7ms] over[16ms=57 50ms=0 100ms=0 250ms=0]
05-18 12:21:55.453 11901 11918 I wasm_android_host::pr..: wandr-profile: frame 171480 t+2934229ms  win[N=60 min=13.8ms mean=16.5ms max=19.0ms] over[16ms=52 50ms=0 100ms=0 250ms=0]
05-18 12:21:56.469 11901 11918 I wasm_android_host::pr..: wandr-profile: frame 171540 t+2935245ms  win[N=60 min=14.9ms mean=16.9ms max=34.2ms] over[16ms=55 50ms=0 100ms=0 250ms=0]
05-18 12:21:57.468 11901 11918 I wasm_android_host::pr..: wandr-profile: frame 171600 t+2936243ms  win[N=60 min=14.9ms mean=16.6ms max=18.6ms] over[16ms=56 50ms=0 100ms=0 250ms=0]
05-18 12:21:58.482 11901 11918 I wasm_android_host::pr..: wandr-profile: frame 171660 t+2937258ms  win[N=60 min=14.8ms mean=16.8ms max=34.3ms] over[16ms=48 50ms=0 100ms=0 250ms=0]
05-18 12:21:59.481 11901 11918 I wasm_android_host::pr..: wandr-profile: frame 171720 t+2938257ms  win[N=60 min=14.6ms mean=16.6ms max=18.8ms] over[16ms=56 50ms=0 100ms=0 250ms=0]
05-18 12:22:00.479 11901 11918 I wasm_android_host::pr..: wandr-profile: frame 171780 t+2939255ms  win[N=60 min=15.3ms mean=16.6ms max=17.8ms] over[16ms=57 50ms=0 100ms=0 250ms=0]
05-18 12:22:01.478 11901 11918 I wasm_android_host::pr..: wandr-profile: frame 171840 t+2940254ms  win[N=60 min=14.3ms mean=16.6ms max=18.6ms] over[16ms=56 50ms=0 100ms=0 250ms=0]
05-18 12:22:02.493 11901 11918 I wasm_android_host::pr..: wandr-profile: frame 171900 t+2941269ms  win[N=60 min=14.9ms mean=16.9ms max=35.0ms] over[16ms=55 50ms=0 100ms=0 250ms=0]
05-18 12:22:03.492 11901 11918 I wasm_android_host::pr..: wandr-profile: frame 171960 t+2942268ms  win[N=60 min=14.2ms mean=16.6ms max=19.2ms] over[16ms=55 50ms=0 100ms=0 250ms=0]
05-18 12:22:04.491 11901 11918 I wasm_android_host::pr..: wandr-profile: frame 172020 t+2943266ms  win[N=60 min=14.1ms mean=16.6ms max=20.0ms] over[16ms=49 50ms=0 100ms=0 250ms=0]
05-18 12:22:05.488 11901 11918 I wasm_android_host::pr..: wandr-profile: frame 172080 t+2944264ms  win[N=60 min=14.6ms mean=16.6ms max=18.7ms] over[16ms=50 50ms=0 100ms=0 250ms=0]
05-18 12:22:06.487 11901 11918 I wasm_android_host::pr..: wandr-profile: frame 172140 t+2945263ms  win[N=60 min=14.6ms mean=16.6ms max=18.6ms] over[16ms=53 50ms=0 100ms=0 250ms=0]
05-18 12:22:07.485 11901 11918 I wasm_android_host::pr..: wandr-profile: frame 172200 t+2946261ms  win[N=60 min=14.8ms mean=16.6ms max=18.6ms] over[16ms=53 50ms=0 100ms=0 250ms=0]
05-18 12:22:08.484 11901 11918 I wasm_android_host::pr..: wandr-profile: frame 172260 t+2947260ms  win[N=60 min=14.0ms mean=16.6ms max=19.3ms] over[16ms=54 50ms=0 100ms=0 250ms=0]
05-18 12:22:09.499 11901 11918 I wasm_android_host::pr..: wandr-profile: frame 172320 t+2948275ms  win[N=60 min=14.7ms mean=16.8ms max=34.7ms] over[16ms=54 50ms=0 100ms=0 250ms=0]
05-18 12:22:10.498 11901 11918 I wasm_android_host::pr..: wandr-profile: frame 172380 t+2949273ms  win[N=60 min=14.1ms mean=16.6ms max=18.8ms] over[16ms=53 50ms=0 100ms=0 250ms=0]
05-18 12:22:11.512 11901 11918 I wasm_android_host::pr..: wandr-profile: frame 172440 t+2950288ms  win[N=60 min=15.0ms mean=16.8ms max=35.3ms] over[16ms=56 50ms=0 100ms=0 250ms=0]
05-18 12:22:12.512 11901 11918 I wasm_android_host::pr..: wandr-profile: frame 172500 t+2951287ms  win[N=60 min=14.3ms mean=16.6ms max=19.4ms] over[16ms=53 50ms=0 100ms=0 250ms=0]
05-18 12:22:13.511 11901 11918 I wasm_android_host::pr..: wandr-profile: frame 172560 t+2952287ms  win[N=60 min=15.3ms mean=16.6ms max=18.4ms] over[16ms=55 50ms=0 100ms=0 250ms=0]
05-18 12:22:14.509 11901 11918 I wasm_android_host::pr..: wandr-profile: frame 172620 t+2953285ms  win[N=60 min=14.7ms mean=16.6ms max=19.2ms] over[16ms=55 50ms=0 100ms=0 250ms=0]
05-18 12:22:15.506 11901 11918 I wasm_android_host::pr..: wandr-profile: frame 172680 t+2954282ms  win[N=60 min=15.3ms mean=16.5ms max=18.0ms] over[16ms=53 50ms=0 100ms=0 250ms=0]
05-18 12:22:16.506 11901 11918 I wasm_android_host::pr..: wandr-profile: frame 172740 t+2955281ms  win[N=60 min=14.4ms mean=16.6ms max=19.2ms] over[16ms=50 50ms=0 100ms=0 250ms=0]
05-18 12:22:17.504 11901 11918 I wasm_android_host::pr..: wandr-profile: frame 172800 t+2956279ms  win[N=60 min=15.6ms mean=16.6ms max=17.4ms] over[16ms=58 50ms=0 100ms=0 250ms=0]
05-18 12:22:18.502 11901 11918 I wasm_android_host::pr..: wandr-profile: frame 172860 t+2957277ms  win[N=60 min=14.6ms mean=16.6ms max=18.6ms] over[16ms=52 50ms=0 100ms=0 250ms=0]
05-18 12:22:19.501 11901 11918 I wasm_android_host::pr..: wandr-profile: frame 172920 t+2958277ms  win[N=60 min=13.1ms mean=16.6ms max=20.3ms] over[16ms=53 50ms=0 100ms=0 250ms=0]
05-18 12:22:20.516 11901 11918 I wasm_android_host::pr..: wandr-profile: frame 172980 t+2959292ms  win[N=60 min=14.5ms mean=16.8ms max=32.7ms] over[16ms=53 50ms=0 100ms=0 250ms=0]
05-18 12:22:21.531 11901 11918 I wasm_android_host::pr..: wandr-profile: frame 173040 t+2960306ms  win[N=60 min=14.0ms mean=16.8ms max=33.7ms] over[16ms=52 50ms=0 100ms=0 250ms=0]
05-18 12:22:22.529 11901 11918 I wasm_android_host::pr..: wandr-profile: frame 173100 t+2961305ms  win[N=60 min=15.0ms mean=16.6ms max=18.4ms] over[16ms=57 50ms=0 100ms=0 250ms=0]
05-18 12:22:23.528 11901 11918 I wasm_android_host::pr..: wandr-profile: frame 173160 t+2962303ms  win[N=60 min=14.3ms mean=16.6ms max=19.1ms] over[16ms=56 50ms=0 100ms=0 250ms=0]
05-18 12:22:24.526 11901 11918 I wasm_android_host::pr..: wandr-profile: frame 173220 t+2963302ms  win[N=60 min=14.9ms mean=16.6ms max=18.3ms] over[16ms=55 50ms=0 100ms=0 250ms=0]
05-18 12:22:25.524 11901 11918 I wasm_android_host::pr..: wandr-profile: frame 173280 t+2964300ms  win[N=60 min=14.0ms mean=16.6ms max=18.5ms] over[16ms=58 50ms=0 100ms=0 250ms=0]
05-18 12:22:26.523 11901 11918 I wasm_android_host::pr..: wandr-profile: frame 173340 t+2965298ms  win[N=60 min=14.7ms mean=16.6ms max=18.7ms] over[16ms=54 50ms=0 100ms=0 250ms=0]
05-18 12:22:27.521 11901 11918 I wasm_android_host::pr..: wandr-profile: frame 173400 t+2966297ms  win[N=60 min=14.0ms mean=16.6ms max=19.4ms] over[16ms=53 50ms=0 100ms=0 250ms=0]
05-18 12:22:28.519 11901 11918 I wasm_android_host::pr..: wandr-profile: frame 173460 t+2967295ms  win[N=60 min=14.9ms mean=16.6ms max=18.4ms] over[16ms=52 50ms=0 100ms=0 250ms=0]
05-18 12:22:29.518 11901 11918 I wasm_android_host::pr..: wandr-profile: frame 173520 t+2968294ms  win[N=60 min=14.2ms mean=16.6ms max=19.1ms] over[16ms=54 50ms=0 100ms=0 250ms=0]
05-18 12:22:30.517 11901 11918 I wasm_android_host::pr..: wandr-profile: frame 173580 t+2969292ms  win[N=60 min=14.9ms mean=16.6ms max=18.1ms] over[16ms=55 50ms=0 100ms=0 250ms=0]
05-18 12:22:31.515 11901 11918 I wasm_android_host::pr..: wandr-profile: frame 173640 t+2970290ms  win[N=60 min=14.0ms mean=16.6ms max=19.6ms] over[16ms=54 50ms=0 100ms=0 250ms=0]
05-18 12:22:32.533 11901 11918 I wasm_android_host::pr..: wandr-profile: frame 173700 t+2971309ms  win[N=60 min=15.7ms mean=16.9ms max=36.3ms] over[16ms=59 50ms=0 100ms=0 250ms=0]
05-18 12:22:33.528 11901 11918 I wasm_android_host::pr..: wandr-profile: frame 173760 t+2972304ms  win[N=60 min=10.5ms mean=16.5ms max=25.4ms] over[16ms=50 50ms=0 100ms=0 250ms=0]
05-18 12:22:34.527 11901 11918 I wasm_android_host::pr..: wandr-profile: frame 173820 t+2973303ms  win[N=60 min=14.1ms mean=16.6ms max=19.5ms] over[16ms=55 50ms=0 100ms=0 250ms=0]
05-18 12:22:35.542 11901 11918 I wasm_android_host::pr..: wandr-profile: frame 173880 t+2974318ms  win[N=60 min=14.0ms mean=16.8ms max=34.9ms] over[16ms=56 50ms=0 100ms=0 250ms=0]
05-18 12:22:36.541 11901 11918 I wasm_android_host::pr..: wandr-profile: frame 173940 t+2975317ms  win[N=60 min=13.5ms mean=16.6ms max=19.4ms] over[16ms=53 50ms=0 100ms=0 250ms=0]
05-18 12:22:37.555 11901 11918 I wasm_android_host::pr..: wandr-profile: frame 174000 t+2976331ms  win[N=60 min=15.0ms mean=16.8ms max=35.2ms] over[16ms=50 50ms=0 100ms=0 250ms=0]
05-18 12:22:38.554 11901 11918 I wasm_android_host::pr..: wandr-profile: frame 174060 t+2977330ms  win[N=60 min=13.9ms mean=16.6ms max=19.2ms] over[16ms=53 50ms=0 100ms=0 250ms=0]
05-18 12:22:39.553 11901 11918 I wasm_android_host::pr..: wandr-profile: frame 174120 t+2978329ms  win[N=60 min=14.5ms mean=16.6ms max=18.0ms] over[16ms=52 50ms=0 100ms=0 250ms=0]
05-18 12:22:40.551 11901 11918 I wasm_android_host::pr..: wandr-profile: frame 174180 t+2979327ms  win[N=60 min=14.3ms mean=16.6ms max=18.7ms] over[16ms=54 50ms=0 100ms=0 250ms=0]
05-18 12:22:41.567 11901 11918 I wasm_android_host::pr..: wandr-profile: frame 174240 t+2980342ms  win[N=60 min=15.0ms mean=16.8ms max=32.6ms] over[16ms=53 50ms=0 100ms=0 250ms=0]
05-18 12:22:42.565 11901 11918 I wasm_android_host::pr..: wandr-profile: frame 174300 t+2981341ms  win[N=60 min=14.2ms mean=16.6ms max=19.0ms] over[16ms=56 50ms=0 100ms=0 250ms=0]
05-18 12:22:43.563 11901 11918 I wasm_android_host::pr..: wandr-profile: frame 174360 t+2982339ms  win[N=60 min=14.1ms mean=16.6ms max=19.4ms] over[16ms=55 50ms=0 100ms=0 250ms=0]
05-18 12:22:44.578 11901 11918 I wasm_android_host::pr..: wandr-profile: frame 174420 t+2983354ms  win[N=60 min=14.7ms mean=16.8ms max=34.2ms] over[16ms=54 50ms=0 100ms=0 250ms=0]
05-18 12:22:45.577 11901 11918 I wasm_android_host::pr..: wandr-profile: frame 174480 t+2984353ms  win[N=60 min=14.2ms mean=16.6ms max=19.0ms] over[16ms=49 50ms=0 100ms=0 250ms=0]
05-18 12:22:46.575 11901 11918 I wasm_android_host::pr..: wandr-profile: frame 174540 t+2985351ms  win[N=60 min=14.3ms mean=16.6ms max=18.9ms] over[16ms=51 50ms=0 100ms=0 250ms=0]
05-18 12:22:47.574 11901 11918 I wasm_android_host::pr..: wandr-profile: frame 174600 t+2986350ms  win[N=60 min=14.0ms mean=16.6ms max=19.4ms] over[16ms=57 50ms=0 100ms=0 250ms=0]
05-18 12:22:48.589 11901 11918 I wasm_android_host::pr..: wandr-profile: frame 174660 t+2987365ms  win[N=60 min=14.7ms mean=16.8ms max=31.3ms] over[16ms=54 50ms=0 100ms=0 250ms=0]
05-18 12:22:49.587 11901 11918 I wasm_android_host::pr..: wandr-profile: frame 174720 t+2988363ms  win[N=60 min=14.2ms mean=16.6ms max=19.3ms] over[16ms=53 50ms=0 100ms=0 250ms=0]
05-18 12:22:50.602 11901 11918 I wasm_android_host::pr..: wandr-profile: frame 174780 t+2989378ms  win[N=60 min=14.5ms mean=16.8ms max=34.6ms] over[16ms=51 50ms=0 100ms=0 250ms=0]
05-18 12:22:51.601 11901 11918 I wasm_android_host::pr..: wandr-profile: frame 174840 t+2990376ms  win[N=60 min=14.1ms mean=16.6ms max=19.5ms] over[16ms=58 50ms=0 100ms=0 250ms=0]
05-18 12:22:52.599 11901 11918 I wasm_android_host::pr..: wandr-profile: frame 174900 t+2991375ms  win[N=60 min=14.4ms mean=16.6ms max=18.7ms] over[16ms=53 50ms=0 100ms=0 250ms=0]
05-18 12:22:53.614 11901 11918 I wasm_android_host::pr..: wandr-profile: frame 174960 t+2992390ms  win[N=60 min=11.6ms mean=16.8ms max=36.4ms] over[16ms=50 50ms=0 100ms=0 250ms=0]
05-18 12:22:54.612 11901 11918 I wasm_android_host::pr..: wandr-profile: frame 175020 t+2993388ms  win[N=60 min=15.2ms mean=16.6ms max=18.3ms] over[16ms=54 50ms=0 100ms=0 250ms=0]
05-18 12:22:55.611 11901 11918 I wasm_android_host::pr..: wandr-profile: frame 175080 t+2994387ms  win[N=60 min=14.1ms mean=16.6ms max=19.0ms] over[16ms=54 50ms=0 100ms=0 250ms=0]
05-18 12:22:56.609 11901 11918 I wasm_android_host::pr..: wandr-profile: frame 175140 t+2995385ms  win[N=60 min=14.6ms mean=16.6ms max=18.8ms] over[16ms=57 50ms=0 100ms=0 250ms=0]
05-18 12:22:57.608 11901 11918 I wasm_android_host::pr..: wandr-profile: frame 175200 t+2996383ms  win[N=60 min=14.2ms mean=16.6ms max=19.3ms] over[16ms=57 50ms=0 100ms=0 250ms=0]
05-18 12:22:58.622 11901 11918 I wasm_android_host::pr..: wandr-profile: frame 175260 t+2997398ms  win[N=60 min=10.1ms mean=16.8ms max=35.6ms] over[16ms=56 50ms=0 100ms=0 250ms=0]
05-18 12:22:59.621 11901 11918 I wasm_android_host::pr..: wandr-profile: frame 175320 t+2998397ms  win[N=60 min=14.4ms mean=16.6ms max=19.3ms] over[16ms=52 50ms=0 100ms=0 250ms=0]
05-18 12:23:00.636 11901 11918 I wasm_android_host::pr..: wandr-profile: frame 175380 t+2999411ms  win[N=60 min=9.9ms mean=16.8ms max=35.8ms] over[16ms=49 50ms=0 100ms=0 250ms=0]
05-18 12:23:01.634 11901 11918 I wasm_android_host::pr..: wandr-profile: frame 175440 t+3000410ms  win[N=60 min=14.2ms mean=16.6ms max=19.1ms] over[16ms=56 50ms=0 100ms=0 250ms=0]
05-18 12:23:02.649 11901 11918 I wasm_android_host::pr..: wandr-profile: frame 175500 t+3001425ms  win[N=60 min=14.6ms mean=16.8ms max=32.9ms] over[16ms=57 50ms=0 100ms=0 250ms=0]
05-18 12:23:03.648 11901 11918 I wasm_android_host::pr..: wandr-profile: frame 175560 t+3002424ms  win[N=60 min=13.7ms mean=16.6ms max=19.8ms] over[16ms=56 50ms=0 100ms=0 250ms=0]
05-18 12:23:04.663 11901 11918 I wasm_android_host::pr..: wandr-profile: frame 175620 t+3003438ms  win[N=60 min=14.6ms mean=16.8ms max=35.1ms] over[16ms=51 50ms=0 100ms=0 250ms=0]
05-18 12:23:05.661 11901 11918 I wasm_android_host::pr..: wandr-profile: frame 175680 t+3004437ms  win[N=60 min=14.7ms mean=16.6ms max=18.5ms] over[16ms=56 50ms=0 100ms=0 250ms=0]
05-18 12:23:06.660 11901 11918 I wasm_android_host::pr..: wandr-profile: frame 175740 t+3005435ms  win[N=60 min=15.3ms mean=16.6ms max=17.7ms] over[16ms=57 50ms=0 100ms=0 250ms=0]
05-18 12:23:07.658 11901 11918 I wasm_android_host::pr..: wandr-profile: frame 175800 t+3006434ms  win[N=60 min=14.1ms mean=16.6ms max=19.2ms] over[16ms=55 50ms=0 100ms=0 250ms=0]
05-18 12:23:08.657 11901 11918 I wasm_android_host::pr..: wandr-profile: frame 175860 t+3007433ms  win[N=60 min=14.0ms mean=16.6ms max=19.1ms] over[16ms=57 50ms=0 100ms=0 250ms=0]
05-18 12:23:09.657 11901 11918 I wasm_android_host::pr..: wandr-profile: frame 175920 t+3008433ms  win[N=60 min=14.6ms mean=16.6ms max=19.1ms] over[16ms=56 50ms=0 100ms=0 250ms=0]
05-18 12:23:10.654 11901 11918 I wasm_android_host::pr..: wandr-profile: frame 175980 t+3009429ms  win[N=60 min=14.3ms mean=16.5ms max=17.9ms] over[16ms=54 50ms=0 100ms=0 250ms=0]
05-18 12:23:11.653 11901 11918 I wasm_android_host::pr..: wandr-profile: frame 176040 t+3010428ms  win[N=60 min=14.8ms mean=16.6ms max=18.3ms] over[16ms=50 50ms=0 100ms=0 250ms=0]
05-18 12:23:12.651 11901 11918 I wasm_android_host::pr..: wandr-profile: frame 176100 t+3011426ms  win[N=60 min=14.7ms mean=16.6ms max=18.4ms] over[16ms=52 50ms=0 100ms=0 250ms=0]
05-18 12:23:13.665 11901 11918 I wasm_android_host::pr..: wandr-profile: frame 176160 t+3012441ms  win[N=60 min=10.2ms mean=16.8ms max=35.7ms] over[16ms=50 50ms=0 100ms=0 250ms=0]
05-18 12:23:14.664 11901 11918 I wasm_android_host::pr..: wandr-profile: frame 176220 t+3013440ms  win[N=60 min=13.9ms mean=16.6ms max=19.3ms] over[16ms=55 50ms=0 100ms=0 250ms=0]
05-18 12:23:15.662 11901 11918 I wasm_android_host::pr..: wandr-profile: frame 176280 t+3014438ms  win[N=60 min=15.1ms mean=16.6ms max=18.2ms] over[16ms=56 50ms=0 100ms=0 250ms=0]
05-18 12:23:16.661 11901 11918 I wasm_android_host::pr..: wandr-profile: frame 176340 t+3015437ms  win[N=60 min=14.0ms mean=16.6ms max=19.2ms] over[16ms=58 50ms=0 100ms=0 250ms=0]
05-18 12:23:17.676 11901 11918 I wasm_android_host::pr..: wandr-profile: frame 176400 t+3016451ms  win[N=60 min=14.9ms mean=16.8ms max=34.4ms] over[16ms=55 50ms=0 100ms=0 250ms=0]
05-18 12:23:18.674 11901 11918 I wasm_android_host::pr..: wandr-profile: frame 176460 t+3017450ms  win[N=60 min=14.3ms mean=16.6ms max=18.9ms] over[16ms=55 50ms=0 100ms=0 250ms=0]
05-18 12:23:19.673 11901 11918 I wasm_android_host::pr..: wandr-profile: frame 176520 t+3018448ms  win[N=60 min=14.6ms mean=16.6ms max=18.7ms] over[16ms=53 50ms=0 100ms=0 250ms=0]
05-18 12:23:20.671 11901 11918 I wasm_android_host::pr..: wandr-profile: frame 176580 t+3019446ms  win[N=60 min=13.9ms mean=16.6ms max=19.1ms] over[16ms=52 50ms=0 100ms=0 250ms=0]
05-18 12:23:21.669 11901 11918 I wasm_android_host::pr..: wandr-profile: frame 176640 t+3020445ms  win[N=60 min=15.1ms mean=16.6ms max=18.1ms] over[16ms=54 50ms=0 100ms=0 250ms=0]
05-18 12:23:22.668 11901 11918 I wasm_android_host::pr..: wandr-profile: frame 176700 t+3021444ms  win[N=60 min=14.1ms mean=16.6ms max=19.5ms] over[16ms=52 50ms=0 100ms=0 250ms=0]
05-18 12:23:23.666 11901 11918 I wasm_android_host::pr..: wandr-profile: frame 176760 t+3022442ms  win[N=60 min=15.2ms mean=16.6ms max=18.3ms] over[16ms=56 50ms=0 100ms=0 250ms=0]
05-18 12:23:24.665 11901 11918 I wasm_android_host::pr..: wandr-profile: frame 176820 t+3023441ms  win[N=60 min=14.1ms mean=16.6ms max=19.4ms] over[16ms=50 50ms=0 100ms=0 250ms=0]
05-18 12:23:25.663 11901 11918 I wasm_android_host::pr..: wandr-profile: frame 176880 t+3024438ms  win[N=60 min=14.9ms mean=16.6ms max=19.0ms] over[16ms=54 50ms=0 100ms=0 250ms=0]
05-18 12:23:26.661 11901 11918 I wasm_android_host::pr..: wandr-profile: frame 176940 t+3025437ms  win[N=60 min=14.5ms mean=16.6ms max=19.0ms] over[16ms=50 50ms=0 100ms=0 250ms=0]
05-18 12:23:27.676 11901 11918 I wasm_android_host::pr..: wandr-profile: frame 177000 t+3026452ms  win[N=60 min=15.3ms mean=16.8ms max=33.2ms] over[16ms=57 50ms=0 100ms=0 250ms=0]
05-18 12:23:28.677 11901 11918 I wasm_android_host::pr..: wandr-profile: frame 177060 t+3027453ms  win[N=60 min=14.0ms mean=16.6ms max=19.3ms] over[16ms=51 50ms=0 100ms=0 250ms=0]
05-18 12:23:29.672 11901 11918 I wasm_android_host::pr..: wandr-profile: frame 177120 t+3028448ms  win[N=60 min=14.5ms mean=16.5ms max=18.0ms] over[16ms=54 50ms=0 100ms=0 250ms=0]
05-18 12:23:30.672 11901 11918 I wasm_android_host::pr..: wandr-profile: frame 177180 t+3029448ms  win[N=60 min=14.4ms mean=16.6ms max=18.6ms] over[16ms=56 50ms=0 100ms=0 250ms=0]
05-18 12:23:31.670 11901 11918 I wasm_android_host::pr..: wandr-profile: frame 177240 t+3030446ms  win[N=60 min=14.2ms mean=16.6ms max=18.8ms] over[16ms=56 50ms=0 100ms=0 250ms=0]
05-18 12:23:32.668 11901 11918 I wasm_android_host::pr..: wandr-profile: frame 177300 t+3031444ms  win[N=60 min=13.0ms mean=16.6ms max=18.5ms] over[16ms=51 50ms=0 100ms=0 250ms=0]
05-18 12:23:33.667 11901 11918 I wasm_android_host::pr..: wandr-profile: frame 177360 t+3032443ms  win[N=60 min=14.7ms mean=16.6ms max=18.9ms] over[16ms=54 50ms=0 100ms=0 250ms=0]
05-18 12:23:34.665 11901 11918 I wasm_android_host::pr..: wandr-profile: frame 177420 t+3033441ms  win[N=60 min=14.6ms mean=16.6ms max=18.8ms] over[16ms=50 50ms=0 100ms=0 250ms=0]
05-18 12:23:35.664 11901 11918 I wasm_android_host::pr..: wandr-profile: frame 177480 t+3034439ms  win[N=60 min=12.6ms mean=16.6ms max=19.7ms] over[16ms=53 50ms=0 100ms=0 250ms=0]
05-18 12:23:36.662 11901 11918 I wasm_android_host::pr..: wandr-profile: frame 177540 t+3035438ms  win[N=60 min=14.5ms mean=16.6ms max=19.0ms] over[16ms=53 50ms=0 100ms=0 250ms=0]
05-18 12:23:37.661 11901 11918 I wasm_android_host::pr..: wandr-profile: frame 177600 t+3036436ms  win[N=60 min=13.5ms mean=16.6ms max=19.3ms] over[16ms=55 50ms=0 100ms=0 250ms=0]
05-18 12:23:38.659 11901 11918 I wasm_android_host::pr..: wandr-profile: frame 177660 t+3037435ms  win[N=60 min=14.3ms mean=16.6ms max=18.8ms] over[16ms=51 50ms=0 100ms=0 250ms=0]
05-18 12:23:39.657 11901 11918 I wasm_android_host::pr..: wandr-profile: frame 177720 t+3038433ms  win[N=60 min=14.5ms mean=16.6ms max=18.5ms] over[16ms=57 50ms=0 100ms=0 250ms=0]
05-18 12:23:40.656 11901 11918 I wasm_android_host::pr..: wandr-profile: frame 177780 t+3039431ms  win[N=60 min=14.8ms mean=16.6ms max=18.3ms] over[16ms=52 50ms=0 100ms=0 250ms=0]
05-18 12:23:41.654 11901 11918 I wasm_android_host::pr..: wandr-profile: frame 177840 t+3040430ms  win[N=60 min=15.3ms mean=16.6ms max=17.9ms] over[16ms=56 50ms=0 100ms=0 250ms=0]
05-18 12:23:42.652 11901 11918 I wasm_android_host::pr..: wandr-profile: frame 177900 t+3041428ms  win[N=60 min=14.8ms mean=16.6ms max=18.2ms] over[16ms=53 50ms=0 100ms=0 250ms=0]
05-18 12:23:43.651 11901 11918 I wasm_android_host::pr..: wandr-profile: frame 177960 t+3042427ms  win[N=60 min=14.0ms mean=16.6ms max=19.4ms] over[16ms=56 50ms=0 100ms=0 250ms=0]
05-18 12:23:44.651 11901 11918 I wasm_android_host::pr..: wandr-profile: frame 178020 t+3043427ms  win[N=60 min=14.9ms mean=16.6ms max=18.4ms] over[16ms=53 50ms=0 100ms=0 250ms=0]
05-18 12:23:45.647 11901 11918 I wasm_android_host::pr..: wandr-profile: frame 178080 t+3044423ms  win[N=60 min=14.5ms mean=16.5ms max=18.9ms] over[16ms=53 50ms=0 100ms=0 250ms=0]
05-18 12:23:46.646 11901 11918 I wasm_android_host::pr..: wandr-profile: frame 178140 t+3045422ms  win[N=60 min=14.5ms mean=16.6ms max=18.8ms] over[16ms=50 50ms=0 100ms=0 250ms=0]
05-18 12:23:47.645 11901 11918 I wasm_android_host::pr..: wandr-profile: frame 178200 t+3046420ms  win[N=60 min=14.0ms mean=16.6ms max=19.2ms] over[16ms=48 50ms=0 100ms=0 250ms=0]
05-18 12:23:48.660 11901 11918 I wasm_android_host::pr..: wandr-profile: frame 178260 t+3047435ms  win[N=60 min=15.2ms mean=16.8ms max=33.9ms] over[16ms=52 50ms=0 100ms=0 250ms=0]
05-18 12:23:49.658 11901 11918 I wasm_android_host::pr..: wandr-profile: frame 178320 t+3048434ms  win[N=60 min=13.7ms mean=16.6ms max=18.7ms] over[16ms=54 50ms=0 100ms=0 250ms=0]
05-18 12:23:50.658 11901 11918 I wasm_android_host::pr..: wandr-profile: frame 178380 t+3049433ms  win[N=60 min=14.7ms mean=16.6ms max=18.2ms] over[16ms=53 50ms=0 100ms=0 250ms=0]
05-18 12:23:51.655 11901 11918 I wasm_android_host::pr..: wandr-profile: frame 178440 t+3050430ms  win[N=60 min=13.8ms mean=16.5ms max=19.1ms] over[16ms=53 50ms=0 100ms=0 250ms=0]
05-18 12:23:52.653 11901 11918 I wasm_android_host::pr..: wandr-profile: frame 178500 t+3051429ms  win[N=60 min=14.2ms mean=16.6ms max=18.5ms] over[16ms=53 50ms=0 100ms=0 250ms=0]
05-18 12:23:53.652 11901 11918 I wasm_android_host::pr..: wandr-profile: frame 178560 t+3052428ms  win[N=60 min=14.0ms mean=16.6ms max=19.7ms] over[16ms=49 50ms=0 100ms=0 250ms=0]
05-18 12:23:54.650 11901 11918 I wasm_android_host::pr..: wandr-profile: frame 178620 t+3053426ms  win[N=60 min=13.7ms mean=16.6ms max=19.5ms] over[16ms=51 50ms=0 100ms=0 250ms=0]
05-18 12:23:55.665 11901 11918 I wasm_android_host::pr..: wandr-profile: frame 178680 t+3054441ms  win[N=60 min=14.5ms mean=16.8ms max=32.4ms] over[16ms=52 50ms=0 100ms=0 250ms=0]
05-18 12:23:56.663 11901 11918 I wasm_android_host::pr..: wandr-profile: frame 178740 t+3055439ms  win[N=60 min=13.9ms mean=16.6ms max=19.3ms] over[16ms=51 50ms=0 100ms=0 250ms=0]
05-18 12:23:57.662 11901 11918 I wasm_android_host::pr..: wandr-profile: frame 178800 t+3056438ms  win[N=60 min=14.5ms mean=16.6ms max=18.5ms] over[16ms=54 50ms=0 100ms=0 250ms=0]
05-18 12:23:58.660 11901 11918 I wasm_android_host::pr..: wandr-profile: frame 178860 t+3057436ms  win[N=60 min=13.6ms mean=16.6ms max=19.5ms] over[16ms=48 50ms=0 100ms=0 250ms=0]
05-18 12:23:59.675 11901 11918 I wasm_android_host::pr..: wandr-profile: frame 178920 t+3058451ms  win[N=60 min=10.7ms mean=16.8ms max=35.7ms] over[16ms=54 50ms=0 100ms=0 250ms=0]
05-18 12:24:00.674 11901 11918 I wasm_android_host::pr..: wandr-profile: frame 178980 t+3059450ms  win[N=60 min=13.7ms mean=16.6ms max=19.3ms] over[16ms=56 50ms=0 100ms=0 250ms=0]
05-18 12:24:01.673 11901 11918 I wasm_android_host::pr..: wandr-profile: frame 179040 t+3060448ms  win[N=60 min=14.8ms mean=16.6ms max=18.1ms] over[16ms=51 50ms=0 100ms=0 250ms=0]
05-18 12:24:02.671 11901 11918 I wasm_android_host::pr..: wandr-profile: frame 179100 t+3061447ms  win[N=60 min=13.9ms mean=16.6ms max=19.5ms] over[16ms=51 50ms=0 100ms=0 250ms=0]
05-18 12:24:03.667 11901 11918 I wasm_android_host::pr..: wandr-profile: frame 179160 t+3062443ms  win[N=60 min=14.9ms mean=16.5ms max=18.4ms] over[16ms=48 50ms=0 100ms=0 250ms=0]
05-18 12:24:04.668 11901 11918 I wasm_android_host::pr..: wandr-profile: frame 179220 t+3063444ms  win[N=60 min=13.4ms mean=16.6ms max=19.7ms] over[16ms=53 50ms=0 100ms=0 250ms=0]
05-18 12:24:05.666 11901 11918 I wasm_android_host::pr..: wandr-profile: frame 179280 t+3064442ms  win[N=60 min=14.7ms mean=16.6ms max=19.0ms] over[16ms=51 50ms=0 100ms=0 250ms=0]
05-18 12:24:06.664 11901 11918 I wasm_android_host::pr..: wandr-profile: frame 179340 t+3065440ms  win[N=60 min=14.3ms mean=16.6ms max=19.0ms] over[16ms=54 50ms=0 100ms=0 250ms=0]
05-18 12:24:07.663 11901 11918 I wasm_android_host::pr..: wandr-profile: frame 179400 t+3066439ms  win[N=60 min=14.5ms mean=16.6ms max=18.5ms] over[16ms=53 50ms=0 100ms=0 250ms=0]
05-18 12:24:08.662 11901 11918 I wasm_android_host::pr..: wandr-profile: frame 179460 t+3067437ms  win[N=60 min=14.6ms mean=16.6ms max=18.9ms] over[16ms=53 50ms=0 100ms=0 250ms=0]
05-18 12:24:09.660 11901 11918 I wasm_android_host::pr..: wandr-profile: frame 179520 t+3068436ms  win[N=60 min=13.7ms mean=16.6ms max=19.6ms] over[16ms=56 50ms=0 100ms=0 250ms=0]
05-18 12:24:10.659 11901 11918 I wasm_android_host::pr..: wandr-profile: frame 179580 t+3069434ms  win[N=60 min=13.7ms mean=16.6ms max=18.8ms] over[16ms=53 50ms=0 100ms=0 250ms=0]
05-18 12:24:11.657 11901 11918 I wasm_android_host::pr..: wandr-profile: frame 179640 t+3070432ms  win[N=60 min=13.8ms mean=16.6ms max=19.4ms] over[16ms=52 50ms=0 100ms=0 250ms=0]
05-18 12:24:12.656 11901 11918 I wasm_android_host::pr..: wandr-profile: frame 179700 t+3071431ms  win[N=60 min=15.1ms mean=16.6ms max=18.4ms] over[16ms=55 50ms=0 100ms=0 250ms=0]
05-18 12:24:13.654 11901 11918 I wasm_android_host::pr..: wandr-profile: frame 179760 t+3072430ms  win[N=60 min=13.5ms mean=16.6ms max=19.1ms] over[16ms=48 50ms=0 100ms=0 250ms=0]
05-18 12:24:14.669 11901 11918 I wasm_android_host::pr..: wandr-profile: frame 179820 t+3073445ms  win[N=60 min=10.4ms mean=16.8ms max=36.0ms] over[16ms=49 50ms=0 100ms=0 250ms=0]
05-18 12:24:15.668 11901 11918 I wasm_android_host::pr..: wandr-profile: frame 179880 t+3074444ms  win[N=60 min=13.7ms mean=16.6ms max=19.4ms] over[16ms=52 50ms=0 100ms=0 250ms=0]
05-18 12:24:16.683 11901 11918 I wasm_android_host::pr..: wandr-profile: frame 179940 t+3075458ms  win[N=60 min=15.0ms mean=16.8ms max=34.7ms] over[16ms=54 50ms=0 100ms=0 250ms=0]
05-18 12:24:17.682 11901 11918 I wasm_android_host::pr..: wandr-profile: frame 180000 t+3076458ms  win[N=60 min=14.3ms mean=16.6ms max=19.0ms] over[16ms=54 50ms=0 100ms=0 250ms=0]
05-18 12:24:18.697 11901 11918 I wasm_android_host::pr..: wandr-profile: frame 180060 t+3077473ms  win[N=60 min=13.9ms mean=16.8ms max=35.2ms] over[16ms=53 50ms=0 100ms=0 250ms=0]
05-18 12:24:19.698 11901 11918 I wasm_android_host::pr..: wandr-profile: frame 180120 t+3078473ms  win[N=60 min=14.2ms mean=16.6ms max=18.9ms] over[16ms=54 50ms=0 100ms=0 250ms=0]
05-18 12:24:20.694 11901 11918 I wasm_android_host::pr..: wandr-profile: frame 180180 t+3079469ms  win[N=60 min=14.0ms mean=16.5ms max=19.3ms] over[16ms=52 50ms=0 100ms=0 250ms=0]
05-18 12:24:21.709 11901 11918 I wasm_android_host::pr..: wandr-profile: frame 180240 t+3080484ms  win[N=60 min=10.2ms mean=16.8ms max=36.4ms] over[16ms=53 50ms=0 100ms=0 250ms=0]
05-18 12:24:22.707 11901 11918 I wasm_android_host::pr..: wandr-profile: frame 180300 t+3081483ms  win[N=60 min=15.5ms mean=16.6ms max=17.9ms] over[16ms=59 50ms=0 100ms=0 250ms=0]
05-18 12:24:23.706 11901 11918 I wasm_android_host::pr..: wandr-profile: frame 180360 t+3082481ms  win[N=60 min=15.3ms mean=16.6ms max=17.9ms] over[16ms=53 50ms=0 100ms=0 250ms=0]
05-18 12:24:24.704 11901 11918 I wasm_android_host::pr..: wandr-profile: frame 180420 t+3083480ms  win[N=60 min=14.0ms mean=16.6ms max=19.3ms] over[16ms=57 50ms=0 100ms=0 250ms=0]
05-18 12:24:25.720 11901 11918 I wasm_android_host::pr..: wandr-profile: frame 180480 t+3084495ms  win[N=60 min=10.0ms mean=16.8ms max=35.6ms] over[16ms=51 50ms=0 100ms=0 250ms=0]
05-18 12:24:26.717 11901 11918 I wasm_android_host::pr..: wandr-profile: frame 180540 t+3085493ms  win[N=60 min=13.8ms mean=16.6ms max=19.3ms] over[16ms=50 50ms=0 100ms=0 250ms=0]
05-18 12:24:27.735 11901 11918 I wasm_android_host::pr..: wandr-profile: frame 180600 t+3086511ms  win[N=60 min=11.7ms mean=16.9ms max=35.3ms] over[16ms=52 50ms=0 100ms=0 250ms=0]
05-18 12:24:28.732 11901 11918 I wasm_android_host::pr..: wandr-profile: frame 180660 t+3087508ms  win[N=60 min=14.2ms mean=16.5ms max=19.3ms] over[16ms=51 50ms=0 100ms=0 250ms=0]
05-18 12:24:29.730 11901 11918 I wasm_android_host::pr..: wandr-profile: frame 180720 t+3088506ms  win[N=60 min=14.4ms mean=16.6ms max=19.0ms] over[16ms=55 50ms=0 100ms=0 250ms=0]
05-18 12:24:30.731 11901 11918 I wasm_android_host::pr..: wandr-profile: frame 180780 t+3089506ms  win[N=60 min=14.5ms mean=16.6ms max=18.6ms] over[16ms=53 50ms=0 100ms=0 250ms=0]
05-18 12:24:31.727 11901 11918 I wasm_android_host::pr..: wandr-profile: frame 180840 t+3090503ms  win[N=60 min=14.2ms mean=16.5ms max=19.1ms] over[16ms=56 50ms=0 100ms=0 250ms=0]
05-18 12:24:32.744 11901 11918 I wasm_android_host::pr..: wandr-profile: frame 180900 t+3091520ms  win[N=60 min=14.2ms mean=16.9ms max=34.7ms] over[16ms=51 50ms=0 100ms=0 250ms=0]
05-18 12:24:33.741 11901 11918 I wasm_android_host::pr..: wandr-profile: frame 180960 t+3092516ms  win[N=60 min=14.1ms mean=16.5ms max=19.4ms] over[16ms=56 50ms=0 100ms=0 250ms=0]
05-18 12:24:34.739 11901 11918 I wasm_android_host::pr..: wandr-profile: frame 181020 t+3093515ms  win[N=60 min=15.0ms mean=16.6ms max=18.2ms] over[16ms=50 50ms=0 100ms=0 250ms=0]
05-18 12:24:35.738 11901 11918 I wasm_android_host::pr..: wandr-profile: frame 181080 t+3094514ms  win[N=60 min=14.0ms mean=16.6ms max=19.5ms] over[16ms=52 50ms=0 100ms=0 250ms=0]
05-18 12:24:36.736 11901 11918 I wasm_android_host::pr..: wandr-profile: frame 181140 t+3095512ms  win[N=60 min=15.2ms mean=16.6ms max=18.1ms] over[16ms=57 50ms=0 100ms=0 250ms=0]
05-18 12:24:37.734 11901 11918 I wasm_android_host::pr..: wandr-profile: frame 181200 t+3096510ms  win[N=60 min=13.9ms mean=16.6ms max=19.2ms] over[16ms=55 50ms=0 100ms=0 250ms=0]
05-18 12:24:38.735 11901 11918 I wasm_android_host::pr..: wandr-profile: frame 181260 t+3097511ms  win[N=60 min=14.8ms mean=16.6ms max=18.6ms] over[16ms=52 50ms=0 100ms=0 250ms=0]
05-18 12:24:39.732 11901 11918 I wasm_android_host::pr..: wandr-profile: frame 181320 t+3098507ms  win[N=60 min=13.9ms mean=16.5ms max=19.1ms] over[16ms=52 50ms=0 100ms=0 250ms=0]
05-18 12:24:40.732 11901 11918 I wasm_android_host::pr..: wandr-profile: frame 181380 t+3099507ms  win[N=60 min=13.7ms mean=16.6ms max=19.3ms] over[16ms=48 50ms=0 100ms=0 250ms=0]
05-18 12:24:41.745 11901 11918 I wasm_android_host::pr..: wandr-profile: frame 181440 t+3100521ms  win[N=60 min=14.9ms mean=16.8ms max=34.8ms] over[16ms=52 50ms=0 100ms=0 250ms=0]
05-18 12:24:42.744 11901 11918 I wasm_android_host::pr..: wandr-profile: frame 181500 t+3101519ms  win[N=60 min=13.8ms mean=16.6ms max=19.6ms] over[16ms=47 50ms=0 100ms=0 250ms=0]
05-18 12:24:43.742 11901 11918 I wasm_android_host::pr..: wandr-profile: frame 181560 t+3102518ms  win[N=60 min=14.6ms mean=16.6ms max=19.3ms] over[16ms=51 50ms=0 100ms=0 250ms=0]
05-18 12:24:44.741 11901 11918 I wasm_android_host::pr..: wandr-profile: frame 181620 t+3103517ms  win[N=60 min=13.9ms mean=16.6ms max=19.2ms] over[16ms=51 50ms=0 100ms=0 250ms=0]
05-18 12:24:45.739 11901 11918 I wasm_android_host::pr..: wandr-profile: frame 181680 t+3104515ms  win[N=60 min=14.6ms mean=16.6ms max=18.4ms] over[16ms=53 50ms=0 100ms=0 250ms=0]
05-18 12:24:46.738 11901 11918 I wasm_android_host::pr..: wandr-profile: frame 181740 t+3105513ms  win[N=60 min=14.2ms mean=16.6ms max=19.0ms] over[16ms=54 50ms=0 100ms=0 250ms=0]
05-18 12:24:47.753 11901 11918 I wasm_android_host::pr..: wandr-profile: frame 181800 t+3106529ms  win[N=60 min=14.9ms mean=16.9ms max=34.7ms] over[16ms=50 50ms=0 100ms=0 250ms=0]
05-18 12:24:48.752 11901 11918 I wasm_android_host::pr..: wandr-profile: frame 181860 t+3107528ms  win[N=60 min=14.3ms mean=16.6ms max=19.1ms] over[16ms=52 50ms=0 100ms=0 250ms=0]
05-18 12:24:49.750 11901 11918 I wasm_android_host::pr..: wandr-profile: frame 181920 t+3108526ms  win[N=60 min=14.1ms mean=16.6ms max=19.6ms] over[16ms=57 50ms=0 100ms=0 250ms=0]
05-18 12:24:50.749 11901 11918 I wasm_android_host::pr..: wandr-profile: frame 181980 t+3109524ms  win[N=60 min=14.5ms mean=16.6ms max=18.9ms] over[16ms=53 50ms=0 100ms=0 250ms=0]
05-18 12:24:51.763 11901 11918 I wasm_android_host::pr..: wandr-profile: frame 182040 t+3110539ms  win[N=60 min=13.9ms mean=16.8ms max=33.9ms] over[16ms=51 50ms=0 100ms=0 250ms=0]
05-18 12:24:52.762 11901 11918 I wasm_android_host::pr..: wandr-profile: frame 182100 t+3111538ms  win[N=60 min=14.1ms mean=16.6ms max=19.2ms] over[16ms=52 50ms=0 100ms=0 250ms=0]
05-18 12:24:53.760 11901 11918 I wasm_android_host::pr..: wandr-profile: frame 182160 t+3112536ms  win[N=60 min=14.0ms mean=16.6ms max=19.4ms] over[16ms=52 50ms=0 100ms=0 250ms=0]
05-18 12:24:54.778 11901 11918 I wasm_android_host::pr..: wandr-profile: frame 182220 t+3113553ms  win[N=60 min=14.8ms mean=16.9ms max=34.5ms] over[16ms=51 50ms=0 100ms=0 250ms=0]
05-18 12:24:55.774 11901 11918 I wasm_android_host::pr..: wandr-profile: frame 182280 t+3114550ms  win[N=60 min=13.9ms mean=16.5ms max=19.3ms] over[16ms=49 50ms=0 100ms=0 250ms=0]
05-18 12:24:56.773 11901 11918 I wasm_android_host::pr..: wandr-profile: frame 182340 t+3115548ms  win[N=60 min=14.3ms mean=16.6ms max=18.8ms] over[16ms=54 50ms=0 100ms=0 250ms=0]
05-18 12:24:57.771 11901 11918 I wasm_android_host::pr..: wandr-profile: frame 182400 t+3116547ms  win[N=60 min=14.2ms mean=16.6ms max=18.9ms] over[16ms=56 50ms=0 100ms=0 250ms=0]
05-18 12:24:58.768 11901 11918 I wasm_android_host::pr..: wandr-profile: frame 182460 t+3117544ms  win[N=60 min=13.8ms mean=16.6ms max=18.9ms] over[16ms=49 50ms=0 100ms=0 250ms=0]
05-18 12:24:59.768 11901 11918 I wasm_android_host::pr..: wandr-profile: frame 182520 t+3118543ms  win[N=60 min=13.6ms mean=16.6ms max=19.3ms] over[16ms=52 50ms=0 100ms=0 250ms=0]
05-18 12:25:00.766 11901 11918 I wasm_android_host::pr..: wandr-profile: frame 182580 t+3119542ms  win[N=60 min=14.8ms mean=16.6ms max=19.1ms] over[16ms=49 50ms=0 100ms=0 250ms=0]
05-18 12:25:01.765 11901 11918 I wasm_android_host::pr..: wandr-profile: frame 182640 t+3120540ms  win[N=60 min=14.3ms mean=16.6ms max=19.2ms] over[16ms=53 50ms=0 100ms=0 250ms=0]
05-18 12:25:02.762 11901 11918 I wasm_android_host::pr..: wandr-profile: frame 182700 t+3121537ms  win[N=60 min=14.7ms mean=16.5ms max=19.0ms] over[16ms=55 50ms=0 100ms=0 250ms=0]
05-18 12:25:03.761 11901 11918 I wasm_android_host::pr..: wandr-profile: frame 182760 t+3122537ms  win[N=60 min=14.2ms mean=16.6ms max=19.0ms] over[16ms=53 50ms=0 100ms=0 250ms=0]
05-18 12:25:04.760 11901 11918 I wasm_android_host::pr..: wandr-profile: frame 182820 t+3123535ms  win[N=60 min=14.9ms mean=16.6ms max=18.4ms] over[16ms=52 50ms=0 100ms=0 250ms=0]
05-18 12:25:05.757 11901 11918 I wasm_android_host::pr..: wandr-profile: frame 182880 t+3124533ms  win[N=60 min=13.9ms mean=16.6ms max=18.8ms] over[16ms=52 50ms=0 100ms=0 250ms=0]
05-18 12:25:06.758 11901 11918 I wasm_android_host::pr..: wandr-profile: frame 182940 t+3125534ms  win[N=60 min=14.8ms mean=16.6ms max=18.6ms] over[16ms=56 50ms=0 100ms=0 250ms=0]
05-18 12:25:07.755 11901 11918 I wasm_android_host::pr..: wandr-profile: frame 183000 t+3126531ms  win[N=60 min=14.4ms mean=16.5ms max=18.6ms] over[16ms=54 50ms=0 100ms=0 250ms=0]
05-18 12:25:08.753 11901 11918 I wasm_android_host::pr..: wandr-profile: frame 183060 t+3127529ms  win[N=60 min=15.1ms mean=16.6ms max=18.0ms] over[16ms=52 50ms=0 100ms=0 250ms=0]
05-18 12:25:09.754 11901 11918 I wasm_android_host::pr..: wandr-profile: frame 183120 t+3128530ms  win[N=60 min=14.3ms mean=16.6ms max=18.9ms] over[16ms=55 50ms=0 100ms=0 250ms=0]
05-18 12:25:10.750 11901 11918 I wasm_android_host::pr..: wandr-profile: frame 183180 t+3129526ms  win[N=60 min=14.1ms mean=16.5ms max=19.5ms] over[16ms=50 50ms=0 100ms=0 250ms=0]
05-18 12:25:11.749 11901 11918 I wasm_android_host::pr..: wandr-profile: frame 183240 t+3130524ms  win[N=60 min=13.9ms mean=16.6ms max=19.6ms] over[16ms=49 50ms=0 100ms=0 250ms=0]
05-18 12:25:12.747 11901 11918 I wasm_android_host::pr..: wandr-profile: frame 183300 t+3131522ms  win[N=60 min=15.1ms mean=16.6ms max=17.9ms] over[16ms=56 50ms=0 100ms=0 250ms=0]
05-18 12:25:13.745 11901 11918 I wasm_android_host::pr..: wandr-profile: frame 183360 t+3132521ms  win[N=60 min=14.8ms mean=16.6ms max=18.3ms] over[16ms=53 50ms=0 100ms=0 250ms=0]
05-18 12:25:14.760 11901 11918 I wasm_android_host::pr..: wandr-profile: frame 183420 t+3133536ms  win[N=60 min=14.4ms mean=16.8ms max=34.7ms] over[16ms=50 50ms=0 100ms=0 250ms=0]
05-18 12:25:15.759 11901 11918 I wasm_android_host::pr..: wandr-profile: frame 183480 t+3134535ms  win[N=60 min=14.1ms mean=16.6ms max=19.8ms] over[16ms=52 50ms=0 100ms=0 250ms=0]
05-18 12:25:16.757 11901 11918 I wasm_android_host::pr..: wandr-profile: frame 183540 t+3135533ms  win[N=60 min=13.6ms mean=16.6ms max=19.8ms] over[16ms=52 50ms=0 100ms=0 250ms=0]
05-18 12:25:17.756 11901 11918 I wasm_android_host::pr..: wandr-profile: frame 183600 t+3136532ms  win[N=60 min=15.1ms mean=16.6ms max=18.1ms] over[16ms=55 50ms=0 100ms=0 250ms=0]
05-18 12:25:18.754 11901 11918 I wasm_android_host::pr..: wandr-profile: frame 183660 t+3137529ms  win[N=60 min=13.6ms mean=16.6ms max=19.5ms] over[16ms=45 50ms=0 100ms=0 250ms=0]
05-18 12:25:19.752 11901 11918 I wasm_android_host::pr..: wandr-profile: frame 183720 t+3138528ms  win[N=60 min=14.7ms mean=16.6ms max=19.1ms] over[16ms=53 50ms=0 100ms=0 250ms=0]
05-18 12:25:20.752 11901 11918 I wasm_android_host::pr..: wandr-profile: frame 183780 t+3139528ms  win[N=60 min=14.2ms mean=16.6ms max=19.1ms] over[16ms=52 50ms=0 100ms=0 250ms=0]
05-18 12:25:21.749 11901 11918 I wasm_android_host::pr..: wandr-profile: frame 183840 t+3140524ms  win[N=60 min=15.0ms mean=16.5ms max=18.4ms] over[16ms=51 50ms=0 100ms=0 250ms=0]
05-18 12:25:22.747 11901 11918 I wasm_android_host::pr..: wandr-profile: frame 183900 t+3141523ms  win[N=60 min=13.8ms mean=16.6ms max=19.7ms] over[16ms=50 50ms=0 100ms=0 250ms=0]
05-18 12:25:23.746 11901 11918 I wasm_android_host::pr..: wandr-profile: frame 183960 t+3142521ms  win[N=60 min=14.7ms mean=16.6ms max=18.8ms] over[16ms=53 50ms=0 100ms=0 250ms=0]
05-18 12:25:24.744 11901 11918 I wasm_android_host::pr..: wandr-profile: frame 184020 t+3143520ms  win[N=60 min=13.9ms mean=16.6ms max=19.8ms] over[16ms=51 50ms=0 100ms=0 250ms=0]
05-18 12:25:25.742 11901 11918 I wasm_android_host::pr..: wandr-profile: frame 184080 t+3144518ms  win[N=60 min=14.5ms mean=16.6ms max=18.6ms] over[16ms=55 50ms=0 100ms=0 250ms=0]
05-18 12:25:26.741 11901 11918 I wasm_android_host::pr..: wandr-profile: frame 184140 t+3145517ms  win[N=60 min=14.0ms mean=16.6ms max=19.2ms] over[16ms=52 50ms=0 100ms=0 250ms=0]
05-18 12:25:27.756 11901 11918 I wasm_android_host::pr..: wandr-profile: frame 184200 t+3146531ms  win[N=60 min=9.4ms mean=16.8ms max=35.8ms] over[16ms=49 50ms=0 100ms=0 250ms=0]
05-18 12:25:28.755 11901 11918 I wasm_android_host::pr..: wandr-profile: frame 184260 t+3147531ms  win[N=60 min=14.1ms mean=16.6ms max=19.1ms] over[16ms=51 50ms=0 100ms=0 250ms=0]
05-18 12:25:29.753 11901 11918 I wasm_android_host::pr..: wandr-profile: frame 184320 t+3148528ms  win[N=60 min=14.7ms mean=16.6ms max=18.6ms] over[16ms=51 50ms=0 100ms=0 250ms=0]
05-18 12:25:30.751 11901 11918 I wasm_android_host::pr..: wandr-profile: frame 184380 t+3149527ms  win[N=60 min=13.8ms mean=16.6ms max=19.2ms] over[16ms=51 50ms=0 100ms=0 250ms=0]
05-18 12:25:31.749 11901 11918 I wasm_android_host::pr..: wandr-profile: frame 184440 t+3150525ms  win[N=60 min=14.3ms mean=16.6ms max=18.9ms] over[16ms=54 50ms=0 100ms=0 250ms=0]
05-18 12:25:32.748 11901 11918 I wasm_android_host::pr..: wandr-profile: frame 184500 t+3151523ms  win[N=60 min=14.4ms mean=16.6ms max=19.1ms] over[16ms=55 50ms=0 100ms=0 250ms=0]
05-18 12:25:33.746 11901 11918 I wasm_android_host::pr..: wandr-profile: frame 184560 t+3152522ms  win[N=60 min=14.9ms mean=16.6ms max=18.4ms] over[16ms=52 50ms=0 100ms=0 250ms=0]
05-18 12:25:34.745 11901 11918 I wasm_android_host::pr..: wandr-profile: frame 184620 t+3153520ms  win[N=60 min=14.5ms mean=16.6ms max=18.8ms] over[16ms=57 50ms=0 100ms=0 250ms=0]
05-18 12:25:35.743 11901 11918 I wasm_android_host::pr..: wandr-profile: frame 184680 t+3154518ms  win[N=60 min=14.4ms mean=16.6ms max=18.8ms] over[16ms=50 50ms=0 100ms=0 250ms=0]
05-18 12:25:36.741 11901 11918 I wasm_android_host::pr..: wandr-profile: frame 184740 t+3155517ms  win[N=60 min=14.0ms mean=16.6ms max=19.4ms] over[16ms=53 50ms=0 100ms=0 250ms=0]
05-18 12:25:37.740 11901 11918 I wasm_android_host::pr..: wandr-profile: frame 184800 t+3156515ms  win[N=60 min=13.8ms mean=16.6ms max=19.3ms] over[16ms=49 50ms=0 100ms=0 250ms=0]
05-18 12:25:38.738 11901 11918 I wasm_android_host::pr..: wandr-profile: frame 184860 t+3157514ms  win[N=60 min=13.9ms mean=16.6ms max=19.4ms] over[16ms=51 50ms=0 100ms=0 250ms=0]
05-18 12:25:39.737 11901 11918 I wasm_android_host::pr..: wandr-profile: frame 184920 t+3158512ms  win[N=60 min=14.5ms mean=16.6ms max=18.7ms] over[16ms=54 50ms=0 100ms=0 250ms=0]
05-18 12:25:40.738 11901 11918 I wasm_android_host::pr..: wandr-profile: frame 184980 t+3159513ms  win[N=60 min=14.6ms mean=16.6ms max=19.7ms] over[16ms=59 50ms=0 100ms=0 250ms=0]
05-18 12:25:41.767 11901 11918 I wasm_android_host::pr..: wandr-profile: frame 185040 t+3160542ms  win[N=60 min=8.8ms mean=17.1ms max=35.9ms] over[16ms=49 50ms=0 100ms=0 250ms=0]
05-18 12:25:42.765 11901 11918 I wasm_android_host::pr..: wandr-profile: frame 185100 t+3161541ms  win[N=60 min=13.7ms mean=16.6ms max=19.5ms] over[16ms=54 50ms=0 100ms=0 250ms=0]
05-18 12:25:43.763 11901 11918 I wasm_android_host::pr..: wandr-profile: frame 185160 t+3162539ms  win[N=60 min=13.8ms mean=16.6ms max=19.4ms] over[16ms=54 50ms=0 100ms=0 250ms=0]
05-18 12:25:44.762 11901 11918 I wasm_android_host::pr..: wandr-profile: frame 185220 t+3163537ms  win[N=60 min=14.2ms mean=16.6ms max=19.2ms] over[16ms=57 50ms=0 100ms=0 250ms=0]
05-18 12:25:45.760 11901 11918 I wasm_android_host::pr..: wandr-profile: frame 185280 t+3164536ms  win[N=60 min=14.1ms mean=16.6ms max=19.0ms] over[16ms=50 50ms=0 100ms=0 250ms=0]
05-18 12:25:46.758 11901 11918 I wasm_android_host::pr..: wandr-profile: frame 185340 t+3165534ms  win[N=60 min=14.0ms mean=16.6ms max=19.2ms] over[16ms=53 50ms=0 100ms=0 250ms=0]
05-18 12:25:47.777 11901 11918 I wasm_android_host::pr..: wandr-profile: frame 185400 t+3166553ms  win[N=60 min=13.5ms mean=16.9ms max=34.9ms] over[16ms=51 50ms=0 100ms=0 250ms=0]
05-18 12:25:48.772 11901 11918 I wasm_android_host::pr..: wandr-profile: frame 185460 t+3167548ms  win[N=60 min=13.5ms mean=16.5ms max=19.4ms] over[16ms=50 50ms=0 100ms=0 250ms=0]
05-18 12:25:49.788 11901 11918 I wasm_android_host::pr..: wandr-profile: frame 185520 t+3168564ms  win[N=60 min=13.9ms mean=16.9ms max=34.7ms] over[16ms=50 50ms=0 100ms=0 250ms=0]
05-18 12:25:50.785 11901 11918 I wasm_android_host::pr..: wandr-profile: frame 185580 t+3169561ms  win[N=60 min=14.3ms mean=16.5ms max=18.8ms] over[16ms=52 50ms=0 100ms=0 250ms=0]
05-18 12:25:51.783 11901 11918 I wasm_android_host::pr..: wandr-profile: frame 185640 t+3170559ms  win[N=60 min=14.1ms mean=16.6ms max=19.6ms] over[16ms=49 50ms=0 100ms=0 250ms=0]
05-18 12:25:52.782 11901 11918 I wasm_android_host::pr..: wandr-profile: frame 185700 t+3171558ms  win[N=60 min=14.2ms mean=16.6ms max=19.1ms] over[16ms=52 50ms=0 100ms=0 250ms=0]
05-18 12:25:53.780 11901 11918 I wasm_android_host::pr..: wandr-profile: frame 185760 t+3172556ms  win[N=60 min=14.1ms mean=16.6ms max=19.3ms] over[16ms=52 50ms=0 100ms=0 250ms=0]
05-18 12:25:54.779 11901 11918 I wasm_android_host::pr..: wandr-profile: frame 185820 t+3173555ms  win[N=60 min=14.6ms mean=16.6ms max=18.7ms] over[16ms=52 50ms=0 100ms=0 250ms=0]
05-18 12:25:55.777 11901 11918 I wasm_android_host::pr..: wandr-profile: frame 185880 t+3174553ms  win[N=60 min=13.8ms mean=16.6ms max=19.5ms] over[16ms=51 50ms=0 100ms=0 250ms=0]
05-18 12:25:56.776 11901 11918 I wasm_android_host::pr..: wandr-profile: frame 185940 t+3175551ms  win[N=60 min=15.0ms mean=16.6ms max=18.0ms] over[16ms=55 50ms=0 100ms=0 250ms=0]
05-18 12:25:57.774 11901 11918 I wasm_android_host::pr..: wandr-profile: frame 186000 t+3176550ms  win[N=60 min=13.7ms mean=16.6ms max=19.4ms] over[16ms=54 50ms=0 100ms=0 250ms=0]
05-18 12:25:58.772 11901 11918 I wasm_android_host::pr..: wandr-profile: frame 186060 t+3177547ms  win[N=60 min=14.2ms mean=16.6ms max=18.7ms] over[16ms=53 50ms=0 100ms=0 250ms=0]
05-18 12:25:59.771 11901 11918 I wasm_android_host::pr..: wandr-profile: frame 186120 t+3178547ms  win[N=60 min=14.3ms mean=16.6ms max=18.9ms] over[16ms=54 50ms=0 100ms=0 250ms=0]
05-18 12:26:00.787 11901 11918 I wasm_android_host::pr..: wandr-profile: frame 186180 t+3179562ms  win[N=60 min=13.3ms mean=16.9ms max=36.3ms] over[16ms=51 50ms=0 100ms=0 250ms=0]
05-18 12:26:01.784 11901 11918 I wasm_android_host::pr..: wandr-profile: frame 186240 t+3180560ms  win[N=60 min=14.1ms mean=16.6ms max=19.5ms] over[16ms=52 50ms=0 100ms=0 250ms=0]
05-18 12:26:02.782 11901 11918 I wasm_android_host::pr..: wandr-profile: frame 186300 t+3181558ms  win[N=60 min=14.7ms mean=16.6ms max=18.7ms] over[16ms=51 50ms=0 100ms=0 250ms=0]
05-18 12:26:03.781 11901 11918 I wasm_android_host::pr..: wandr-profile: frame 186360 t+3182557ms  win[N=60 min=14.0ms mean=16.6ms max=20.0ms] over[16ms=55 50ms=0 100ms=0 250ms=0]
05-18 12:26:04.796 11901 11918 I wasm_android_host::pr..: wandr-profile: frame 186420 t+3183571ms  win[N=60 min=9.1ms mean=16.8ms max=36.4ms] over[16ms=55 50ms=0 100ms=0 250ms=0]
05-18 12:26:05.794 11901 11918 I wasm_android_host::pr..: wandr-profile: frame 186480 t+3184570ms  win[N=60 min=13.9ms mean=16.6ms max=19.5ms] over[16ms=51 50ms=0 100ms=0 250ms=0]
05-18 12:26:06.793 11901 11918 I wasm_android_host::pr..: wandr-profile: frame 186540 t+3185568ms  win[N=60 min=14.5ms mean=16.6ms max=18.9ms] over[16ms=56 50ms=0 100ms=0 250ms=0]
05-18 12:26:07.790 11901 11918 I wasm_android_host::pr..: wandr-profile: frame 186600 t+3186566ms  win[N=60 min=13.7ms mean=16.6ms max=19.5ms] over[16ms=48 50ms=0 100ms=0 250ms=0]
05-18 12:26:08.789 11901 11918 I wasm_android_host::pr..: wandr-profile: frame 186660 t+3187565ms  win[N=60 min=14.4ms mean=16.6ms max=18.7ms] over[16ms=52 50ms=0 100ms=0 250ms=0]
05-18 12:26:09.787 11901 11918 I wasm_android_host::pr..: wandr-profile: frame 186720 t+3188563ms  win[N=60 min=14.2ms mean=16.6ms max=19.7ms] over[16ms=52 50ms=0 100ms=0 250ms=0]
05-18 12:26:10.786 11901 11918 I wasm_android_host::pr..: wandr-profile: frame 186780 t+3189562ms  win[N=60 min=14.5ms mean=16.6ms max=19.1ms] over[16ms=49 50ms=0 100ms=0 250ms=0]
05-18 12:26:11.784 11901 11918 I wasm_android_host::pr..: wandr-profile: frame 186840 t+3190560ms  win[N=60 min=14.3ms mean=16.6ms max=19.1ms] over[16ms=53 50ms=0 100ms=0 250ms=0]
05-18 12:26:12.798 11901 11918 I wasm_android_host::pr..: wandr-profile: frame 186900 t+3191574ms  win[N=60 min=12.3ms mean=16.8ms max=36.4ms] over[16ms=48 50ms=0 100ms=0 250ms=0]
05-18 12:26:13.797 11901 11918 I wasm_android_host::pr..: wandr-profile: frame 186960 t+3192573ms  win[N=60 min=14.2ms mean=16.6ms max=19.0ms] over[16ms=52 50ms=0 100ms=0 250ms=0]
05-18 12:26:14.796 11901 11918 I wasm_android_host::pr..: wandr-profile: frame 187020 t+3193571ms  win[N=60 min=14.8ms mean=16.6ms max=18.1ms] over[16ms=51 50ms=0 100ms=0 250ms=0]
05-18 12:26:15.795 11901 11918 I wasm_android_host::pr..: wandr-profile: frame 187080 t+3194571ms  win[N=60 min=13.6ms mean=16.6ms max=19.7ms] over[16ms=52 50ms=0 100ms=0 250ms=0]
05-18 12:26:16.793 11901 11918 I wasm_android_host::pr..: wandr-profile: frame 187140 t+3195568ms  win[N=60 min=14.9ms mean=16.5ms max=18.2ms] over[16ms=52 50ms=0 100ms=0 250ms=0]
05-18 12:26:17.791 11901 11918 I wasm_android_host::pr..: wandr-profile: frame 187200 t+3196567ms  win[N=60 min=14.1ms mean=16.6ms max=19.6ms] over[16ms=50 50ms=0 100ms=0 250ms=0]
05-18 12:26:18.791 11901 11918 I wasm_android_host::pr..: wandr-profile: frame 187260 t+3197567ms  win[N=60 min=13.2ms mean=16.6ms max=19.3ms] over[16ms=55 50ms=0 100ms=0 250ms=0]
05-18 12:26:19.788 11901 11918 I wasm_android_host::pr..: wandr-profile: frame 187320 t+3198564ms  win[N=60 min=14.1ms mean=16.5ms max=19.2ms] over[16ms=51 50ms=0 100ms=0 250ms=0]
05-18 12:26:20.803 11901 11918 I wasm_android_host::pr..: wandr-profile: frame 187380 t+3199579ms  win[N=60 min=14.2ms mean=16.8ms max=34.3ms] over[16ms=52 50ms=0 100ms=0 250ms=0]
05-18 12:26:21.801 11901 11918 I wasm_android_host::pr..: wandr-profile: frame 187440 t+3200577ms  win[N=60 min=14.1ms mean=16.6ms max=19.1ms] over[16ms=52 50ms=0 100ms=0 250ms=0]
05-18 12:26:22.800 11901 11918 I wasm_android_host::pr..: wandr-profile: frame 187500 t+3201575ms  win[N=60 min=15.2ms mean=16.6ms max=18.0ms] over[16ms=55 50ms=0 100ms=0 250ms=0]
05-18 12:26:23.798 11901 11918 I wasm_android_host::pr..: wandr-profile: frame 187560 t+3202574ms  win[N=60 min=13.6ms mean=16.6ms max=19.5ms] over[16ms=52 50ms=0 100ms=0 250ms=0]
05-18 12:26:24.798 11901 11918 I wasm_android_host::pr..: wandr-profile: frame 187620 t+3203574ms  win[N=60 min=13.7ms mean=16.6ms max=19.6ms] over[16ms=52 50ms=0 100ms=0 250ms=0]
05-18 12:26:25.795 11901 11918 I wasm_android_host::pr..: wandr-profile: frame 187680 t+3204571ms  win[N=60 min=14.3ms mean=16.5ms max=20.1ms] over[16ms=50 50ms=0 100ms=0 250ms=0]
05-18 12:26:26.812 11901 11918 I wasm_android_host::pr..: wandr-profile: frame 187740 t+3205587ms  win[N=60 min=13.7ms mean=16.9ms max=34.2ms] over[16ms=52 50ms=0 100ms=0 250ms=0]
05-18 12:26:27.808 11901 11918 I wasm_android_host::pr..: wandr-profile: frame 187800 t+3206584ms  win[N=60 min=13.6ms mean=16.5ms max=19.5ms] over[16ms=54 50ms=0 100ms=0 250ms=0]
05-18 12:26:28.806 11901 11918 I wasm_android_host::pr..: wandr-profile: frame 187860 t+3207582ms  win[N=60 min=14.9ms mean=16.6ms max=18.3ms] over[16ms=54 50ms=0 100ms=0 250ms=0]
05-18 12:26:29.805 11901 11918 I wasm_android_host::pr..: wandr-profile: frame 187920 t+3208580ms  win[N=60 min=13.8ms mean=16.6ms max=19.5ms] over[16ms=56 50ms=0 100ms=0 250ms=0]
05-18 12:26:30.803 11901 11918 I wasm_android_host::pr..: wandr-profile: frame 187980 t+3209578ms  win[N=60 min=15.0ms mean=16.6ms max=18.9ms] over[16ms=49 50ms=0 100ms=0 250ms=0]
05-18 12:26:31.801 11901 11918 I wasm_android_host::pr..: wandr-profile: frame 188040 t+3210577ms  win[N=60 min=13.0ms mean=16.6ms max=19.6ms] over[16ms=51 50ms=0 100ms=0 250ms=0]
05-18 12:26:32.798 11901 11918 I wasm_android_host::pr..: wandr-profile: frame 188100 t+3211574ms  win[N=60 min=13.6ms mean=16.5ms max=19.8ms] over[16ms=48 50ms=0 100ms=0 250ms=0]
05-18 12:26:33.799 11901 11918 I wasm_android_host::pr..: wandr-profile: frame 188160 t+3212574ms  win[N=60 min=13.5ms mean=16.6ms max=20.0ms] over[16ms=54 50ms=0 100ms=0 250ms=0]
05-18 12:26:34.796 11901 11918 I wasm_android_host::pr..: wandr-profile: frame 188220 t+3213572ms  win[N=60 min=14.3ms mean=16.5ms max=18.5ms] over[16ms=50 50ms=0 100ms=0 250ms=0]
05-18 12:26:35.795 11901 11918 I wasm_android_host::pr..: wandr-profile: frame 188280 t+3214571ms  win[N=60 min=14.4ms mean=16.6ms max=18.7ms] over[16ms=50 50ms=0 100ms=0 250ms=0]
05-18 12:26:36.793 11901 11918 I wasm_android_host::pr..: wandr-profile: frame 188340 t+3215569ms  win[N=60 min=14.9ms mean=16.6ms max=18.1ms] over[16ms=51 50ms=0 100ms=0 250ms=0]
05-18 12:26:37.791 11901 11918 I wasm_android_host::pr..: wandr-profile: frame 188400 t+3216567ms  win[N=60 min=13.7ms mean=16.6ms max=20.1ms] over[16ms=48 50ms=0 100ms=0 250ms=0]
05-18 12:26:38.790 11901 11918 I wasm_android_host::pr..: wandr-profile: frame 188460 t+3217565ms  win[N=60 min=14.4ms mean=16.6ms max=19.0ms] over[16ms=46 50ms=0 100ms=0 250ms=0]
05-18 12:26:39.788 11901 11918 I wasm_android_host::pr..: wandr-profile: frame 188520 t+3218564ms  win[N=60 min=14.0ms mean=16.6ms max=19.1ms] over[16ms=52 50ms=0 100ms=0 250ms=0]
05-18 12:26:40.786 11901 11918 I wasm_android_host::pr..: wandr-profile: frame 188580 t+3219562ms  win[N=60 min=15.4ms mean=16.6ms max=18.3ms] over[16ms=55 50ms=0 100ms=0 250ms=0]
05-18 12:26:41.785 11901 11918 I wasm_android_host::pr..: wandr-profile: frame 188640 t+3220560ms  win[N=60 min=13.7ms mean=16.6ms max=19.6ms] over[16ms=54 50ms=0 100ms=0 250ms=0]
05-18 12:26:42.783 11901 11918 I wasm_android_host::pr..: wandr-profile: frame 188700 t+3221559ms  win[N=60 min=14.9ms mean=16.6ms max=18.6ms] over[16ms=52 50ms=0 100ms=0 250ms=0]
05-18 12:26:43.782 11901 11918 I wasm_android_host::pr..: wandr-profile: frame 188760 t+3222557ms  win[N=60 min=13.9ms mean=16.6ms max=19.7ms] over[16ms=52 50ms=0 100ms=0 250ms=0]
05-18 12:26:44.780 11901 11918 I wasm_android_host::pr..: wandr-profile: frame 188820 t+3223555ms  win[N=60 min=14.5ms mean=16.6ms max=18.4ms] over[16ms=52 50ms=0 100ms=0 250ms=0]
05-18 12:26:45.778 11901 11918 I wasm_android_host::pr..: wandr-profile: frame 188880 t+3224554ms  win[N=60 min=13.3ms mean=16.6ms max=19.4ms] over[16ms=54 50ms=0 100ms=0 250ms=0]
05-18 12:26:46.778 11901 11918 I wasm_android_host::pr..: wandr-profile: frame 188940 t+3225554ms  win[N=60 min=15.3ms mean=16.6ms max=18.8ms] over[16ms=52 50ms=0 100ms=0 250ms=0]
05-18 12:26:47.778 11901 11918 I wasm_android_host::pr..: wandr-profile: frame 189000 t+3226553ms  win[N=60 min=13.8ms mean=16.6ms max=19.5ms] over[16ms=50 50ms=0 100ms=0 250ms=0]
05-18 12:26:48.791 11901 11918 I wasm_android_host::pr..: wandr-profile: frame 189060 t+3227567ms  win[N=60 min=10.8ms mean=16.8ms max=35.6ms] over[16ms=50 50ms=0 100ms=0 250ms=0]
05-18 12:26:49.789 11901 11918 I wasm_android_host::pr..: wandr-profile: frame 189120 t+3228565ms  win[N=60 min=14.2ms mean=16.6ms max=20.4ms] over[16ms=48 50ms=0 100ms=0 250ms=0]
05-18 12:26:50.786 11901 11918 I wasm_android_host::pr..: wandr-profile: frame 189180 t+3229562ms  win[N=60 min=14.4ms mean=16.5ms max=19.3ms] over[16ms=45 50ms=0 100ms=0 250ms=0]
05-18 12:26:51.785 11901 11918 I wasm_android_host::pr..: wandr-profile: frame 189240 t+3230560ms  win[N=60 min=13.6ms mean=16.6ms max=19.3ms] over[16ms=53 50ms=0 100ms=0 250ms=0]
05-18 12:26:52.783 11901 11918 I wasm_android_host::pr..: wandr-profile: frame 189300 t+3231559ms  win[N=60 min=14.7ms mean=16.6ms max=18.6ms] over[16ms=51 50ms=0 100ms=0 250ms=0]
05-18 12:26:53.781 11901 11918 I wasm_android_host::pr..: wandr-profile: frame 189360 t+3232557ms  win[N=60 min=13.6ms mean=16.6ms max=19.9ms] over[16ms=48 50ms=0 100ms=0 250ms=0]
05-18 12:26:54.779 11901 11918 I wasm_android_host::pr..: wandr-profile: frame 189420 t+3233554ms  win[N=60 min=14.0ms mean=16.5ms max=19.5ms] over[16ms=48 50ms=0 100ms=0 250ms=0]
05-18 12:26:55.778 11901 11918 I wasm_android_host::pr..: wandr-profile: frame 189480 t+3234554ms  win[N=60 min=13.6ms mean=16.6ms max=19.8ms] over[16ms=53 50ms=0 100ms=0 250ms=0]
05-18 12:26:56.776 11901 11918 I wasm_android_host::pr..: wandr-profile: frame 189540 t+3235552ms  win[N=60 min=14.5ms mean=16.6ms max=19.0ms] over[16ms=46 50ms=0 100ms=0 250ms=0]
05-18 12:26:57.775 11901 11918 I wasm_android_host::pr..: wandr-profile: frame 189600 t+3236551ms  win[N=60 min=14.0ms mean=16.6ms max=19.2ms] over[16ms=55 50ms=0 100ms=0 250ms=0]
05-18 12:26:58.775 11901 11918 I wasm_android_host::pr..: wandr-profile: frame 189660 t+3237551ms  win[N=60 min=14.8ms mean=16.6ms max=18.7ms] over[16ms=52 50ms=0 100ms=0 250ms=0]
05-18 12:26:59.772 11901 11918 I wasm_android_host::pr..: wandr-profile: frame 189720 t+3238547ms  win[N=60 min=13.5ms mean=16.5ms max=19.7ms] over[16ms=49 50ms=0 100ms=0 250ms=0]
05-18 12:27:00.787 11901 11918 I wasm_android_host::pr..: wandr-profile: frame 189780 t+3239563ms  win[N=60 min=9.9ms mean=16.9ms max=35.1ms] over[16ms=49 50ms=0 100ms=0 250ms=0]
05-18 12:27:01.785 11901 11918 I wasm_android_host::pr..: wandr-profile: frame 189840 t+3240561ms  win[N=60 min=14.3ms mean=16.6ms max=18.9ms] over[16ms=47 50ms=0 100ms=0 250ms=0]
05-18 12:27:02.783 11901 11918 I wasm_android_host::pr..: wandr-profile: frame 189900 t+3241559ms  win[N=60 min=15.2ms mean=16.6ms max=18.0ms] over[16ms=50 50ms=0 100ms=0 250ms=0]
05-18 12:27:03.782 11901 11918 I wasm_android_host::pr..: wandr-profile: frame 189960 t+3242557ms  win[N=60 min=14.0ms mean=16.6ms max=20.8ms] over[16ms=46 50ms=0 100ms=0 250ms=0]
05-18 12:27:04.796 11901 11918 I wasm_android_host::pr..: wandr-profile: frame 190020 t+3243572ms  win[N=60 min=12.3ms mean=16.8ms max=33.0ms] over[16ms=52 50ms=0 100ms=0 250ms=0]
05-18 12:27:05.796 11901 11918 I wasm_android_host::pr..: wandr-profile: frame 190080 t+3244571ms  win[N=60 min=14.0ms mean=16.6ms max=19.9ms] over[16ms=52 50ms=0 100ms=0 250ms=0]
05-18 12:27:06.810 11901 11918 I wasm_android_host::pr..: wandr-profile: frame 190140 t+3245586ms  win[N=60 min=9.3ms mean=16.8ms max=36.7ms] over[16ms=46 50ms=0 100ms=0 250ms=0]
05-18 12:27:07.808 11901 11918 I wasm_android_host::pr..: wandr-profile: frame 190200 t+3246583ms  win[N=60 min=14.4ms mean=16.6ms max=18.8ms] over[16ms=51 50ms=0 100ms=0 250ms=0]
05-18 12:27:08.807 11901 11918 I wasm_android_host::pr..: wandr-profile: frame 190260 t+3247583ms  win[N=60 min=14.8ms mean=16.6ms max=18.9ms] over[16ms=47 50ms=0 100ms=0 250ms=0]
05-18 12:27:09.804 11901 11918 I wasm_android_host::pr..: wandr-profile: frame 190320 t+3248580ms  win[N=60 min=14.6ms mean=16.6ms max=18.8ms] over[16ms=53 50ms=0 100ms=0 250ms=0]
05-18 12:27:10.804 11901 11918 I wasm_android_host::pr..: wandr-profile: frame 190380 t+3249579ms  win[N=60 min=14.0ms mean=16.6ms max=20.0ms] over[16ms=50 50ms=0 100ms=0 250ms=0]
05-18 12:27:11.802 11901 11918 I wasm_android_host::pr..: wandr-profile: frame 190440 t+3250578ms  win[N=60 min=14.4ms mean=16.6ms max=19.6ms] over[16ms=53 50ms=0 100ms=0 250ms=0]
05-18 12:27:12.799 11901 11918 I wasm_android_host::pr..: wandr-profile: frame 190500 t+3251575ms  win[N=60 min=14.3ms mean=16.6ms max=20.1ms] over[16ms=47 50ms=0 100ms=0 250ms=0]
05-18 12:27:13.799 11901 11918 I wasm_android_host::pr..: wandr-profile: frame 190560 t+3252574ms  win[N=60 min=14.2ms mean=16.6ms max=19.9ms] over[16ms=45 50ms=0 100ms=0 250ms=0]
05-18 12:27:14.797 11901 11918 I wasm_android_host::pr..: wandr-profile: frame 190620 t+3253573ms  win[N=60 min=13.5ms mean=16.6ms max=20.0ms] over[16ms=47 50ms=0 100ms=0 250ms=0]
05-18 12:27:15.812 11901 11918 I wasm_android_host::pr..: wandr-profile: frame 190680 t+3254587ms  win[N=60 min=12.9ms mean=16.8ms max=34.7ms] over[16ms=44 50ms=0 100ms=0 250ms=0]
05-18 12:27:16.810 11901 11918 I wasm_android_host::pr..: wandr-profile: frame 190740 t+3255586ms  win[N=60 min=13.7ms mean=16.6ms max=19.5ms] over[16ms=46 50ms=0 100ms=0 250ms=0]
05-18 12:27:17.826 11901 11918 I wasm_android_host::pr..: wandr-profile: frame 190800 t+3256601ms  win[N=60 min=13.3ms mean=16.9ms max=34.1ms] over[16ms=52 50ms=0 100ms=0 250ms=0]
05-18 12:27:18.823 11901 11918 I wasm_android_host::pr..: wandr-profile: frame 190860 t+3257599ms  win[N=60 min=14.6ms mean=16.6ms max=19.4ms] over[16ms=43 50ms=0 100ms=0 250ms=0]
05-18 12:27:19.821 11901 11918 I wasm_android_host::pr..: wandr-profile: frame 190920 t+3258597ms  win[N=60 min=14.0ms mean=16.6ms max=19.0ms] over[16ms=49 50ms=0 100ms=0 250ms=0]
05-18 12:27:20.819 11901 11918 I wasm_android_host::pr..: wandr-profile: frame 190980 t+3259595ms  win[N=60 min=13.6ms mean=16.6ms max=19.8ms] over[16ms=49 50ms=0 100ms=0 250ms=0]
05-18 12:27:21.819 11901 11918 I wasm_android_host::pr..: wandr-profile: frame 191040 t+3260594ms  win[N=60 min=14.3ms mean=16.6ms max=19.5ms] over[16ms=52 50ms=0 100ms=0 250ms=0]
05-18 12:27:22.835 11901 11918 I wasm_android_host::pr..: wandr-profile: frame 191100 t+3261611ms  win[N=60 min=11.1ms mean=16.9ms max=31.3ms] over[16ms=40 50ms=0 100ms=0 250ms=0]
05-18 12:27:23.832 11901 11918 I wasm_android_host::pr..: wandr-profile: frame 191160 t+3262608ms  win[N=60 min=13.8ms mean=16.5ms max=18.6ms] over[16ms=52 50ms=0 100ms=0 250ms=0]
05-18 12:27:24.831 11901 11918 I wasm_android_host::pr..: wandr-profile: frame 191220 t+3263606ms  win[N=60 min=14.0ms mean=16.6ms max=19.4ms] over[16ms=42 50ms=0 100ms=0 250ms=0]
05-18 12:27:25.845 11901 11918 I wasm_android_host::pr..: wandr-profile: frame 191280 t+3264621ms  win[N=60 min=14.0ms mean=16.8ms max=34.4ms] over[16ms=47 50ms=0 100ms=0 250ms=0]
05-18 12:27:26.844 11901 11918 I wasm_android_host::pr..: wandr-profile: frame 191340 t+3265620ms  win[N=60 min=14.0ms mean=16.6ms max=19.0ms] over[16ms=46 50ms=0 100ms=0 250ms=0]
05-18 12:27:27.842 11901 11918 I wasm_android_host::pr..: wandr-profile: frame 191400 t+3266618ms  win[N=60 min=14.9ms mean=16.6ms max=18.7ms] over[16ms=51 50ms=0 100ms=0 250ms=0]
05-18 12:27:28.840 11901 11918 I wasm_android_host::pr..: wandr-profile: frame 191460 t+3267615ms  win[N=60 min=13.5ms mean=16.6ms max=19.8ms] over[16ms=47 50ms=0 100ms=0 250ms=0]
05-18 12:27:29.838 11901 11918 I wasm_android_host::pr..: wandr-profile: frame 191520 t+3268614ms  win[N=60 min=15.1ms mean=16.6ms max=19.7ms] over[16ms=48 50ms=0 100ms=0 250ms=0]
05-18 12:27:30.838 11901 11918 I wasm_android_host::pr..: wandr-profile: frame 191580 t+3269614ms  win[N=60 min=13.7ms mean=16.6ms max=19.6ms] over[16ms=51 50ms=0 100ms=0 250ms=0]
05-18 12:27:31.836 11901 11918 I wasm_android_host::pr..: wandr-profile: frame 191640 t+3270612ms  win[N=60 min=14.6ms mean=16.6ms max=18.5ms] over[16ms=51 50ms=0 100ms=0 250ms=0]
05-18 12:27:32.835 11901 11918 I wasm_android_host::pr..: wandr-profile: frame 191700 t+3271611ms  win[N=60 min=13.9ms mean=16.6ms max=19.4ms] over[16ms=47 50ms=0 100ms=0 250ms=0]
05-18 12:27:33.832 11901 11918 I wasm_android_host::pr..: wandr-profile: frame 191760 t+3272608ms  win[N=60 min=15.0ms mean=16.5ms max=18.7ms] over[16ms=47 50ms=0 100ms=0 250ms=0]
05-18 12:27:34.831 11901 11918 I wasm_android_host::pr..: wandr-profile: frame 191820 t+3273607ms  win[N=60 min=14.1ms mean=16.6ms max=20.2ms] over[16ms=48 50ms=0 100ms=0 250ms=0]
05-18 12:27:35.832 11901 11918 I wasm_android_host::pr..: wandr-profile: frame 191880 t+3274607ms  win[N=60 min=14.5ms mean=16.6ms max=19.3ms] over[16ms=48 50ms=0 100ms=0 250ms=0]
05-18 12:27:36.828 11901 11918 I wasm_android_host::pr..: wandr-profile: frame 191940 t+3275604ms  win[N=60 min=14.2ms mean=16.5ms max=20.1ms] over[16ms=42 50ms=0 100ms=0 250ms=0]
05-18 12:27:37.844 11901 11918 I wasm_android_host::pr..: wandr-profile: frame 192000 t+3276619ms  win[N=60 min=10.0ms mean=16.8ms max=35.3ms] over[16ms=45 50ms=0 100ms=0 250ms=0]
05-18 12:27:38.841 11901 11918 I wasm_android_host::pr..: wandr-profile: frame 192060 t+3277616ms  win[N=60 min=13.9ms mean=16.5ms max=18.9ms] over[16ms=48 50ms=0 100ms=0 250ms=0]
05-18 12:27:39.839 11901 11918 I wasm_android_host::pr..: wandr-profile: frame 192120 t+3278615ms  win[N=60 min=13.5ms mean=16.6ms max=19.6ms] over[16ms=50 50ms=0 100ms=0 250ms=0]
05-18 12:27:40.838 11901 11918 I wasm_android_host::pr..: wandr-profile: frame 192180 t+3279613ms  win[N=60 min=14.4ms mean=16.6ms max=19.3ms] over[16ms=53 50ms=0 100ms=0 250ms=0]
05-18 12:27:41.836 11901 11918 I wasm_android_host::pr..: wandr-profile: frame 192240 t+3280611ms  win[N=60 min=14.5ms mean=16.6ms max=19.2ms] over[16ms=48 50ms=0 100ms=0 250ms=0]
05-18 12:27:42.836 11901 11918 I wasm_android_host::pr..: wandr-profile: frame 192300 t+3281612ms  win[N=60 min=14.1ms mean=16.6ms max=20.6ms] over[16ms=45 50ms=0 100ms=0 250ms=0]
05-18 12:27:43.834 11901 11918 I wasm_android_host::pr..: wandr-profile: frame 192360 t+3282610ms  win[N=60 min=14.3ms mean=16.6ms max=20.8ms] over[16ms=45 50ms=0 100ms=0 250ms=0]
05-18 12:27:44.851 11901 11918 I wasm_android_host::pr..: wandr-profile: frame 192420 t+3283627ms  win[N=60 min=14.7ms mean=16.9ms max=32.4ms] over[16ms=48 50ms=0 100ms=0 250ms=0]
05-18 12:27:45.848 11901 11918 I wasm_android_host::pr..: wandr-profile: frame 192480 t+3284623ms  win[N=60 min=13.7ms mean=16.5ms max=19.7ms] over[16ms=40 50ms=0 100ms=0 250ms=0]
05-18 12:27:46.846 11901 11918 I wasm_android_host::pr..: wandr-profile: frame 192540 t+3285621ms  win[N=60 min=14.3ms mean=16.6ms max=20.3ms] over[16ms=49 50ms=0 100ms=0 250ms=0]
05-18 12:27:47.845 11901 11918 I wasm_android_host::pr..: wandr-profile: frame 192600 t+3286621ms  win[N=60 min=13.0ms mean=16.6ms max=19.1ms] over[16ms=48 50ms=0 100ms=0 250ms=0]
05-18 12:27:48.858 11901 11918 I wasm_android_host::pr..: wandr-profile: frame 192660 t+3287633ms  win[N=60 min=13.9ms mean=16.8ms max=35.0ms] over[16ms=47 50ms=0 100ms=0 250ms=0]
05-18 12:27:49.856 11901 11918 I wasm_android_host::pr..: wandr-profile: frame 192720 t+3288632ms  win[N=60 min=14.6ms mean=16.6ms max=18.8ms] over[16ms=48 50ms=0 100ms=0 250ms=0]
05-18 12:27:50.856 11901 11918 I wasm_android_host::pr..: wandr-profile: frame 192780 t+3289632ms  win[N=60 min=14.6ms mean=16.6ms max=20.1ms] over[16ms=49 50ms=0 100ms=0 250ms=0]
05-18 12:27:51.855 11901 11918 I wasm_android_host::pr..: wandr-profile: frame 192840 t+3290630ms  win[N=60 min=14.7ms mean=16.6ms max=20.0ms] over[16ms=42 50ms=0 100ms=0 250ms=0]
05-18 12:27:52.853 11901 11918 I wasm_android_host::pr..: wandr-profile: frame 192900 t+3291628ms  win[N=60 min=15.3ms mean=16.6ms max=18.5ms] over[16ms=49 50ms=0 100ms=0 250ms=0]
05-18 12:27:53.851 11901 11918 I wasm_android_host::pr..: wandr-profile: frame 192960 t+3292627ms  win[N=60 min=14.4ms mean=16.6ms max=18.7ms] over[16ms=44 50ms=0 100ms=0 250ms=0]
05-18 12:27:54.866 11901 11918 I wasm_android_host::pr..: wandr-profile: frame 193020 t+3293642ms  win[N=60 min=9.9ms mean=16.9ms max=36.7ms] over[16ms=44 50ms=0 100ms=0 250ms=0]
05-18 12:27:55.865 11901 11918 I wasm_android_host::pr..: wandr-profile: frame 193080 t+3294640ms  win[N=60 min=13.6ms mean=16.6ms max=19.0ms] over[16ms=47 50ms=0 100ms=0 250ms=0]
05-18 12:27:56.863 11901 11918 I wasm_android_host::pr..: wandr-profile: frame 193140 t+3295639ms  win[N=60 min=14.8ms mean=16.6ms max=19.7ms] over[16ms=44 50ms=0 100ms=0 250ms=0]
05-18 12:27:57.862 11901 11918 I wasm_android_host::pr..: wandr-profile: frame 193200 t+3296637ms  win[N=60 min=13.9ms mean=16.6ms max=19.7ms] over[16ms=42 50ms=0 100ms=0 250ms=0]
05-18 12:27:58.859 11901 11918 I wasm_android_host::pr..: wandr-profile: frame 193260 t+3297634ms  win[N=60 min=12.8ms mean=16.6ms max=20.7ms] over[16ms=39 50ms=0 100ms=0 250ms=0]
05-18 12:27:59.857 11901 11918 I wasm_android_host::pr..: wandr-profile: frame 193320 t+3298633ms  win[N=60 min=14.5ms mean=16.6ms max=20.1ms] over[16ms=43 50ms=0 100ms=0 250ms=0]
05-18 12:28:00.855 11901 11918 I wasm_android_host::pr..: wandr-profile: frame 193380 t+3299631ms  win[N=60 min=14.8ms mean=16.6ms max=18.9ms] over[16ms=43 50ms=0 100ms=0 250ms=0]
05-18 12:28:01.854 11901 11918 I wasm_android_host::pr..: wandr-profile: frame 193440 t+3300630ms  win[N=60 min=13.3ms mean=16.6ms max=20.6ms] over[16ms=47 50ms=0 100ms=0 250ms=0]
05-18 12:28:02.854 11901 11918 I wasm_android_host::pr..: wandr-profile: frame 193500 t+3301629ms  win[N=60 min=14.9ms mean=16.6ms max=19.5ms] over[16ms=42 50ms=0 100ms=0 250ms=0]
05-18 12:28:03.853 11901 11918 I wasm_android_host::pr..: wandr-profile: frame 193560 t+3302628ms  win[N=60 min=14.1ms mean=16.6ms max=19.4ms] over[16ms=47 50ms=0 100ms=0 250ms=0]
05-18 12:28:04.851 11901 11918 I wasm_android_host::pr..: wandr-profile: frame 193620 t+3303627ms  win[N=60 min=13.7ms mean=16.6ms max=20.0ms] over[16ms=44 50ms=0 100ms=0 250ms=0]
05-18 12:28:05.866 11901 11918 I wasm_android_host::pr..: wandr-profile: frame 193680 t+3304642ms  win[N=60 min=9.8ms mean=16.8ms max=36.4ms] over[16ms=41 50ms=0 100ms=0 250ms=0]
05-18 12:28:06.864 11901 11918 I wasm_android_host::pr..: wandr-profile: frame 193740 t+3305640ms  win[N=60 min=14.6ms mean=16.6ms max=19.9ms] over[16ms=44 50ms=0 100ms=0 250ms=0]
05-18 12:28:07.861 11901 11918 I wasm_android_host::pr..: wandr-profile: frame 193800 t+3306637ms  win[N=60 min=14.7ms mean=16.5ms max=19.9ms] over[16ms=47 50ms=0 100ms=0 250ms=0]
05-18 12:28:08.860 11901 11918 I wasm_android_host::pr..: wandr-profile: frame 193860 t+3307636ms  win[N=60 min=14.4ms mean=16.6ms max=19.9ms] over[16ms=46 50ms=0 100ms=0 250ms=0]
05-18 12:28:09.858 11901 11918 I wasm_android_host::pr..: wandr-profile: frame 193920 t+3308634ms  win[N=60 min=14.9ms mean=16.6ms max=19.7ms] over[16ms=45 50ms=0 100ms=0 250ms=0]
05-18 12:28:10.857 11901 11918 I wasm_android_host::pr..: wandr-profile: frame 193980 t+3309633ms  win[N=60 min=13.8ms mean=16.6ms max=20.2ms] over[16ms=41 50ms=0 100ms=0 250ms=0]
05-18 12:28:11.855 11901 11918 I wasm_android_host::pr..: wandr-profile: frame 194040 t+3310631ms  win[N=60 min=14.4ms mean=16.6ms max=19.6ms] over[16ms=43 50ms=0 100ms=0 250ms=0]
05-18 12:28:12.854 11901 11918 I wasm_android_host::pr..: wandr-profile: frame 194100 t+3311629ms  win[N=60 min=14.6ms mean=16.6ms max=19.9ms] over[16ms=44 50ms=0 100ms=0 250ms=0]
05-18 12:28:13.853 11901 11918 I wasm_android_host::pr..: wandr-profile: frame 194160 t+3312629ms  win[N=60 min=14.5ms mean=16.6ms max=19.4ms] over[16ms=45 50ms=0 100ms=0 250ms=0]
05-18 12:28:14.852 11901 11918 I wasm_android_host::pr..: wandr-profile: frame 194220 t+3313628ms  win[N=60 min=13.8ms mean=16.6ms max=20.1ms] over[16ms=45 50ms=0 100ms=0 250ms=0]
05-18 12:28:15.851 11901 11918 I wasm_android_host::pr..: wandr-profile: frame 194280 t+3314626ms  win[N=60 min=14.3ms mean=16.6ms max=18.8ms] over[16ms=41 50ms=0 100ms=0 250ms=0]
05-18 12:28:16.848 11901 11918 I wasm_android_host::pr..: wandr-profile: frame 194340 t+3315624ms  win[N=60 min=13.4ms mean=16.6ms max=20.2ms] over[16ms=44 50ms=0 100ms=0 250ms=0]
05-18 12:28:17.865 11901 11918 I wasm_android_host::pr..: wandr-profile: frame 194400 t+3316641ms  win[N=60 min=10.9ms mean=16.9ms max=32.1ms] over[16ms=43 50ms=0 100ms=0 250ms=0]
05-18 12:28:18.860 11901 11918 I wasm_android_host::pr..: wandr-profile: frame 194460 t+3317636ms  win[N=60 min=13.9ms mean=16.5ms max=20.3ms] over[16ms=40 50ms=0 100ms=0 250ms=0]
05-18 12:28:19.859 11901 11918 I wasm_android_host::pr..: wandr-profile: frame 194520 t+3318635ms  win[N=60 min=14.6ms mean=16.6ms max=19.7ms] over[16ms=46 50ms=0 100ms=0 250ms=0]
05-18 12:28:20.860 11901 11918 I wasm_android_host::pr..: wandr-profile: frame 194580 t+3319636ms  win[N=60 min=13.8ms mean=16.6ms max=20.1ms] over[16ms=45 50ms=0 100ms=0 250ms=0]
05-18 12:28:21.874 11901 11918 I wasm_android_host::pr..: wandr-profile: frame 194640 t+3320650ms  win[N=60 min=13.7ms mean=16.8ms max=34.1ms] over[16ms=43 50ms=0 100ms=0 250ms=0]
05-18 12:28:22.874 11901 11918 I wasm_android_host::pr..: wandr-profile: frame 194700 t+3321650ms  win[N=60 min=14.1ms mean=16.6ms max=20.0ms] over[16ms=45 50ms=0 100ms=0 250ms=0]
05-18 12:28:23.905 11901 11918 I wasm_android_host::pr..: wandr-profile: frame 194760 t+3322681ms  win[N=60 min=13.2ms mean=17.1ms max=36.4ms] over[16ms=42 50ms=0 100ms=0 250ms=0]
05-18 12:28:24.886 11901 11918 I wasm_android_host::pr..: wandr-profile: frame 194820 t+3323661ms  win[N=60 min=10.2ms mean=16.3ms max=20.1ms] over[16ms=40 50ms=0 100ms=0 250ms=0]
05-18 12:28:25.911 11901 11918 I wasm_android_host::pr..: wandr-profile: frame 194880 t+3324687ms  win[N=60 min=14.2ms mean=17.0ms max=34.3ms] over[16ms=42 50ms=0 100ms=0 250ms=0]
05-18 12:28:26.901 11901 11918 I wasm_android_host::pr..: wandr-profile: frame 194940 t+3325677ms  win[N=60 min=10.4ms mean=16.4ms max=20.5ms] over[16ms=45 50ms=0 100ms=0 250ms=0]
05-18 12:28:27.895 11901 11918 I wasm_android_host::pr..: wandr-profile: frame 195000 t+3326671ms  win[N=60 min=14.0ms mean=16.5ms max=19.6ms] over[16ms=47 50ms=0 100ms=0 250ms=0]
05-18 12:28:28.894 11901 11918 I wasm_android_host::pr..: wandr-profile: frame 195060 t+3327670ms  win[N=60 min=14.1ms mean=16.6ms max=20.5ms] over[16ms=48 50ms=0 100ms=0 250ms=0]
05-18 12:28:29.893 11901 11918 I wasm_android_host::pr..: wandr-profile: frame 195120 t+3328669ms  win[N=60 min=14.0ms mean=16.6ms max=19.0ms] over[16ms=44 50ms=0 100ms=0 250ms=0]
05-18 12:28:30.892 11901 11918 I wasm_android_host::pr..: wandr-profile: frame 195180 t+3329668ms  win[N=60 min=13.8ms mean=16.6ms max=20.6ms] over[16ms=44 50ms=0 100ms=0 250ms=0]
05-18 12:28:31.907 11901 11918 I wasm_android_host::pr..: wandr-profile: frame 195240 t+3330683ms  win[N=60 min=10.4ms mean=16.8ms max=35.2ms] over[16ms=45 50ms=0 100ms=0 250ms=0]
05-18 12:28:32.905 11901 11918 I wasm_android_host::pr..: wandr-profile: frame 195300 t+3331681ms  win[N=60 min=14.1ms mean=16.6ms max=19.6ms] over[16ms=49 50ms=0 100ms=0 250ms=0]
05-18 12:28:33.902 11901 11918 I wasm_android_host::pr..: wandr-profile: frame 195360 t+3332678ms  win[N=60 min=15.2ms mean=16.6ms max=19.2ms] over[16ms=42 50ms=0 100ms=0 250ms=0]
05-18 12:28:34.900 11901 11918 I wasm_android_host::pr..: wandr-profile: frame 195420 t+3333676ms  win[N=60 min=14.9ms mean=16.6ms max=19.8ms] over[16ms=44 50ms=0 100ms=0 250ms=0]
05-18 12:28:35.917 11901 11918 I wasm_android_host::pr..: wandr-profile: frame 195480 t+3334693ms  win[N=60 min=10.2ms mean=16.9ms max=37.0ms] over[16ms=36 50ms=0 100ms=0 250ms=0]
05-18 12:28:36.915 11901 11918 I wasm_android_host::pr..: wandr-profile: frame 195540 t+3335691ms  win[N=60 min=14.2ms mean=16.6ms max=20.5ms] over[16ms=41 50ms=0 100ms=0 250ms=0]
05-18 12:28:37.914 11901 11918 I wasm_android_host::pr..: wandr-profile: frame 195600 t+3336690ms  win[N=60 min=14.8ms mean=16.6ms max=19.2ms] over[16ms=45 50ms=0 100ms=0 250ms=0]
05-18 12:28:38.912 11901 11918 I wasm_android_host::pr..: wandr-profile: frame 195660 t+3337688ms  win[N=60 min=14.5ms mean=16.6ms max=19.8ms] over[16ms=48 50ms=0 100ms=0 250ms=0]
05-18 12:28:39.910 11901 11918 I wasm_android_host::pr..: wandr-profile: frame 195720 t+3338686ms  win[N=60 min=13.4ms mean=16.6ms max=19.9ms] over[16ms=43 50ms=0 100ms=0 250ms=0]
05-18 12:28:40.909 11901 11918 I wasm_android_host::pr..: wandr-profile: frame 195780 t+3339685ms  win[N=60 min=13.1ms mean=16.6ms max=19.1ms] over[16ms=49 50ms=0 100ms=0 250ms=0]
05-18 12:28:41.907 11901 11918 I wasm_android_host::pr..: wandr-profile: frame 195840 t+3340682ms  win[N=60 min=14.5ms mean=16.6ms max=19.6ms] over[16ms=44 50ms=0 100ms=0 250ms=0]
05-18 12:28:42.904 11901 11918 I wasm_android_host::pr..: wandr-profile: frame 195900 t+3341680ms  win[N=60 min=14.4ms mean=16.6ms max=20.3ms] over[16ms=42 50ms=0 100ms=0 250ms=0]
05-18 12:28:43.921 11901 11918 I wasm_android_host::pr..: wandr-profile: frame 195960 t+3342697ms  win[N=60 min=12.8ms mean=16.9ms max=34.2ms] over[16ms=45 50ms=0 100ms=0 250ms=0]
05-18 12:28:44.917 11901 11918 I wasm_android_host::pr..: wandr-profile: frame 196020 t+3343693ms  win[N=60 min=13.3ms mean=16.5ms max=20.5ms] over[16ms=43 50ms=0 100ms=0 250ms=0]
05-18 12:28:45.934 11901 11918 I wasm_android_host::pr..: wandr-profile: frame 196080 t+3344709ms  win[N=60 min=12.6ms mean=16.9ms max=34.5ms] over[16ms=42 50ms=0 100ms=0 250ms=0]
05-18 12:28:46.932 11901 11918 I wasm_android_host::pr..: wandr-profile: frame 196140 t+3345708ms  win[N=60 min=14.3ms mean=16.6ms max=20.8ms] over[16ms=44 50ms=0 100ms=0 250ms=0]
05-18 12:28:47.930 11901 11918 I wasm_android_host::pr..: wandr-profile: frame 196200 t+3346706ms  win[N=60 min=14.8ms mean=16.6ms max=19.4ms] over[16ms=45 50ms=0 100ms=0 250ms=0]
05-18 12:28:48.929 11901 11918 I wasm_android_host::pr..: wandr-profile: frame 196260 t+3347704ms  win[N=60 min=14.6ms mean=16.6ms max=19.9ms] over[16ms=44 50ms=0 100ms=0 250ms=0]
05-18 12:28:49.927 11901 11918 I wasm_android_host::pr..: wandr-profile: frame 196320 t+3348702ms  win[N=60 min=14.8ms mean=16.6ms max=19.4ms] over[16ms=47 50ms=0 100ms=0 250ms=0]
05-18 12:28:50.925 11901 11918 I wasm_android_host::pr..: wandr-profile: frame 196380 t+3349701ms  win[N=60 min=14.1ms mean=16.6ms max=20.7ms] over[16ms=44 50ms=0 100ms=0 250ms=0]
05-18 12:28:51.922 11901 11918 I wasm_android_host::pr..: wandr-profile: frame 196440 t+3350698ms  win[N=60 min=14.8ms mean=16.6ms max=19.9ms] over[16ms=45 50ms=0 100ms=0 250ms=0]
05-18 12:28:52.920 11901 11918 I wasm_android_host::pr..: wandr-profile: frame 196500 t+3351696ms  win[N=60 min=14.6ms mean=16.6ms max=20.4ms] over[16ms=45 50ms=0 100ms=0 250ms=0]
05-18 12:28:53.935 11901 11918 I wasm_android_host::pr..: wandr-profile: frame 196560 t+3352711ms  win[N=60 min=10.5ms mean=16.9ms max=35.6ms] over[16ms=45 50ms=0 100ms=0 250ms=0]
05-18 12:28:54.938 11901 11918 I wasm_android_host::pr..: wandr-profile: frame 196620 t+3353714ms  win[N=60 min=13.6ms mean=16.6ms max=21.1ms] over[16ms=45 50ms=0 100ms=0 250ms=0]
05-18 12:28:55.950 11901 11918 I wasm_android_host::pr..: wandr-profile: frame 196680 t+3354726ms  win[N=60 min=14.6ms mean=16.8ms max=33.2ms] over[16ms=42 50ms=0 100ms=0 250ms=0]
05-18 12:28:56.948 11901 11918 I wasm_android_host::pr..: wandr-profile: frame 196740 t+3355724ms  win[N=60 min=14.0ms mean=16.6ms max=20.7ms] over[16ms=44 50ms=0 100ms=0 250ms=0]
05-18 12:28:57.946 11901 11918 I wasm_android_host::pr..: wandr-profile: frame 196800 t+3356722ms  win[N=60 min=14.8ms mean=16.6ms max=19.9ms] over[16ms=44 50ms=0 100ms=0 250ms=0]
05-18 12:28:58.944 11901 11918 I wasm_android_host::pr..: wandr-profile: frame 196860 t+3357719ms  win[N=60 min=14.7ms mean=16.5ms max=20.0ms] over[16ms=46 50ms=0 100ms=0 250ms=0]
05-18 12:28:59.942 11901 11918 I wasm_android_host::pr..: wandr-profile: frame 196920 t+3358718ms  win[N=60 min=15.0ms mean=16.6ms max=18.8ms] over[16ms=47 50ms=0 100ms=0 250ms=0]
05-18 12:29:00.940 11901 11918 I wasm_android_host::pr..: wandr-profile: frame 196980 t+3359716ms  win[N=60 min=14.7ms mean=16.6ms max=19.7ms] over[16ms=40 50ms=0 100ms=0 250ms=0]
05-18 12:29:01.939 11901 11918 I wasm_android_host::pr..: wandr-profile: frame 197040 t+3360714ms  win[N=60 min=14.6ms mean=16.6ms max=19.1ms] over[16ms=45 50ms=0 100ms=0 250ms=0]
05-18 12:29:02.938 11901 11918 I wasm_android_host::pr..: wandr-profile: frame 197100 t+3361714ms  win[N=60 min=13.2ms mean=16.6ms max=20.5ms] over[16ms=47 50ms=0 100ms=0 250ms=0]
05-18 12:29:03.955 11901 11918 I wasm_android_host::pr..: wandr-profile: frame 197160 t+3362731ms  win[N=60 min=14.5ms mean=16.9ms max=32.6ms] over[16ms=43 50ms=0 100ms=0 250ms=0]
05-18 12:29:04.952 11901 11918 I wasm_android_host::pr..: wandr-profile: frame 197220 t+3363727ms  win[N=60 min=14.5ms mean=16.5ms max=20.1ms] over[16ms=43 50ms=0 100ms=0 250ms=0]
05-18 12:29:05.950 11901 11918 I wasm_android_host::pr..: wandr-profile: frame 197280 t+3364726ms  win[N=60 min=14.4ms mean=16.6ms max=20.1ms] over[16ms=45 50ms=0 100ms=0 250ms=0]
05-18 12:29:06.947 11901 11918 I wasm_android_host::pr..: wandr-profile: frame 197340 t+3365723ms  win[N=60 min=14.3ms mean=16.6ms max=20.5ms] over[16ms=43 50ms=0 100ms=0 250ms=0]
05-18 12:29:07.961 11901 11918 I wasm_android_host::pr..: wandr-profile: frame 197400 t+3366737ms  win[N=60 min=10.9ms mean=16.8ms max=34.1ms] over[16ms=43 50ms=0 100ms=0 250ms=0]
05-18 12:29:08.960 11901 11918 I wasm_android_host::pr..: wandr-profile: frame 197460 t+3367735ms  win[N=60 min=14.3ms mean=16.6ms max=20.4ms] over[16ms=44 50ms=0 100ms=0 250ms=0]
05-18 12:29:09.958 11901 11918 I wasm_android_host::pr..: wandr-profile: frame 197520 t+3368733ms  win[N=60 min=13.7ms mean=16.6ms max=19.8ms] over[16ms=42 50ms=0 100ms=0 250ms=0]
05-18 12:29:10.958 11901 11918 I wasm_android_host::pr..: wandr-profile: frame 197580 t+3369733ms  win[N=60 min=12.9ms mean=16.6ms max=20.4ms] over[16ms=42 50ms=0 100ms=0 250ms=0]
05-18 12:29:11.958 11901 11918 I wasm_android_host::pr..: wandr-profile: frame 197640 t+3370734ms  win[N=60 min=13.9ms mean=16.6ms max=20.4ms] over[16ms=45 50ms=0 100ms=0 250ms=0]
05-18 12:29:12.953 11901 11918 I wasm_android_host::pr..: wandr-profile: frame 197700 t+3371729ms  win[N=60 min=14.2ms mean=16.5ms max=20.8ms] over[16ms=43 50ms=0 100ms=0 250ms=0]
05-18 12:29:13.953 11901 11918 I wasm_android_host::pr..: wandr-profile: frame 197760 t+3372728ms  win[N=60 min=14.3ms mean=16.6ms max=20.5ms] over[16ms=43 50ms=0 100ms=0 250ms=0]
05-18 12:29:14.951 11901 11918 I wasm_android_host::pr..: wandr-profile: frame 197820 t+3373727ms  win[N=60 min=14.3ms mean=16.6ms max=20.8ms] over[16ms=45 50ms=0 100ms=0 250ms=0]
05-18 12:29:15.949 11901 11918 I wasm_android_host::pr..: wandr-profile: frame 197880 t+3374725ms  win[N=60 min=14.6ms mean=16.6ms max=20.2ms] over[16ms=44 50ms=0 100ms=0 250ms=0]
05-18 12:29:16.948 11901 11918 I wasm_android_host::pr..: wandr-profile: frame 197940 t+3375724ms  win[N=60 min=12.9ms mean=16.6ms max=20.7ms] over[16ms=41 50ms=0 100ms=0 250ms=0]
05-18 12:29:17.946 11901 11918 I wasm_android_host::pr..: wandr-profile: frame 198000 t+3376722ms  win[N=60 min=13.9ms mean=16.6ms max=19.4ms] over[16ms=46 50ms=0 100ms=0 250ms=0]
05-18 12:29:18.943 11901 11918 I wasm_android_host::pr..: wandr-profile: frame 198060 t+3377718ms  win[N=60 min=14.3ms mean=16.5ms max=20.5ms] over[16ms=43 50ms=0 100ms=0 250ms=0]
05-18 12:29:19.941 11901 11918 I wasm_android_host::pr..: wandr-profile: frame 198120 t+3378717ms  win[N=60 min=14.0ms mean=16.6ms max=20.4ms] over[16ms=42 50ms=0 100ms=0 250ms=0]
05-18 12:29:20.939 11901 11918 I wasm_android_host::pr..: wandr-profile: frame 198180 t+3379715ms  win[N=60 min=14.7ms mean=16.6ms max=20.1ms] over[16ms=41 50ms=0 100ms=0 250ms=0]
05-18 12:29:21.938 11901 11918 I wasm_android_host::pr..: wandr-profile: frame 198240 t+3380713ms  win[N=60 min=13.6ms mean=16.6ms max=20.2ms] over[16ms=45 50ms=0 100ms=0 250ms=0]
05-18 12:29:22.937 11901 11918 I wasm_android_host::pr..: wandr-profile: frame 198300 t+3381713ms  win[N=60 min=14.5ms mean=16.6ms max=20.3ms] over[16ms=45 50ms=0 100ms=0 250ms=0]
05-18 12:29:23.937 11901 11918 I wasm_android_host::pr..: wandr-profile: frame 198360 t+3382713ms  win[N=60 min=14.6ms mean=16.6ms max=20.5ms] over[16ms=47 50ms=0 100ms=0 250ms=0]
05-18 12:29:24.933 11901 11918 I wasm_android_host::pr..: wandr-profile: frame 198420 t+3383708ms  win[N=60 min=14.7ms mean=16.5ms max=19.0ms] over[16ms=44 50ms=0 100ms=0 250ms=0]
05-18 12:29:25.932 11901 11918 I wasm_android_host::pr..: wandr-profile: frame 198480 t+3384708ms  win[N=60 min=13.8ms mean=16.6ms max=20.6ms] over[16ms=46 50ms=0 100ms=0 250ms=0]
05-18 12:29:26.931 11901 11918 I wasm_android_host::pr..: wandr-profile: frame 198540 t+3385706ms  win[N=60 min=12.9ms mean=16.6ms max=20.3ms] over[16ms=42 50ms=0 100ms=0 250ms=0]
05-18 12:29:27.929 11901 11918 I wasm_android_host::pr..: wandr-profile: frame 198600 t+3386705ms  win[N=60 min=13.4ms mean=16.6ms max=20.3ms] over[16ms=42 50ms=0 100ms=0 250ms=0]
05-18 12:29:28.927 11901 11918 I wasm_android_host::pr..: wandr-profile: frame 198660 t+3387703ms  win[N=60 min=14.6ms mean=16.6ms max=19.0ms] over[16ms=43 50ms=0 100ms=0 250ms=0]
05-18 12:29:29.924 11901 11918 I wasm_android_host::pr..: wandr-profile: frame 198720 t+3388700ms  win[N=60 min=14.6ms mean=16.5ms max=20.5ms] over[16ms=41 50ms=0 100ms=0 250ms=0]
05-18 12:29:30.922 11901 11918 I wasm_android_host::pr..: wandr-profile: frame 198780 t+3389698ms  win[N=60 min=14.9ms mean=16.6ms max=19.1ms] over[16ms=45 50ms=0 100ms=0 250ms=0]
05-18 12:29:31.921 11901 11918 I wasm_android_host::pr..: wandr-profile: frame 198840 t+3390696ms  win[N=60 min=13.8ms mean=16.6ms max=20.4ms] over[16ms=46 50ms=0 100ms=0 250ms=0]
05-18 12:29:32.919 11901 11918 I wasm_android_host::pr..: wandr-profile: frame 198900 t+3391694ms  win[N=60 min=14.9ms mean=16.6ms max=18.6ms] over[16ms=49 50ms=0 100ms=0 250ms=0]
05-18 12:29:33.917 11901 11918 I wasm_android_host::pr..: wandr-profile: frame 198960 t+3392693ms  win[N=60 min=13.6ms mean=16.6ms max=19.7ms] over[16ms=40 50ms=0 100ms=0 250ms=0]
05-18 12:29:34.915 11901 11918 I wasm_android_host::pr..: wandr-profile: frame 199020 t+3393691ms  win[N=60 min=12.8ms mean=16.6ms max=20.7ms] over[16ms=44 50ms=0 100ms=0 250ms=0]
05-18 12:29:35.914 11901 11918 I wasm_android_host::pr..: wandr-profile: frame 199080 t+3394690ms  win[N=60 min=13.5ms mean=16.6ms max=19.6ms] over[16ms=44 50ms=0 100ms=0 250ms=0]
05-18 12:29:36.913 11901 11918 I wasm_android_host::pr..: wandr-profile: frame 199140 t+3395689ms  win[N=60 min=14.8ms mean=16.6ms max=19.6ms] over[16ms=47 50ms=0 100ms=0 250ms=0]
05-18 12:29:37.912 11901 11918 I wasm_android_host::pr..: wandr-profile: frame 199200 t+3396688ms  win[N=60 min=14.4ms mean=16.6ms max=20.1ms] over[16ms=45 50ms=0 100ms=0 250ms=0]
05-18 12:29:38.927 11901 11918 I wasm_android_host::pr..: wandr-profile: frame 199260 t+3397702ms  win[N=60 min=10.6ms mean=16.8ms max=36.6ms] over[16ms=39 50ms=0 100ms=0 250ms=0]
05-18 12:29:39.924 11901 11918 I wasm_android_host::pr..: wandr-profile: frame 199320 t+3398700ms  win[N=60 min=13.1ms mean=16.6ms max=20.5ms] over[16ms=43 50ms=0 100ms=0 250ms=0]
05-18 12:29:40.922 11901 11918 I wasm_android_host::pr..: wandr-profile: frame 199380 t+3399698ms  win[N=60 min=14.4ms mean=16.6ms max=19.1ms] over[16ms=43 50ms=0 100ms=0 250ms=0]
05-18 12:29:41.920 11901 11918 I wasm_android_host::pr..: wandr-profile: frame 199440 t+3400696ms  win[N=60 min=14.6ms mean=16.6ms max=20.5ms] over[16ms=46 50ms=0 100ms=0 250ms=0]
05-18 12:29:42.935 11901 11918 I wasm_android_host::pr..: wandr-profile: frame 199500 t+3401711ms  win[N=60 min=14.5ms mean=16.9ms max=33.2ms] over[16ms=44 50ms=0 100ms=0 250ms=0]
05-18 12:29:43.934 11901 11918 I wasm_android_host::pr..: wandr-profile: frame 199560 t+3402709ms  win[N=60 min=13.8ms mean=16.6ms max=20.7ms] over[16ms=41 50ms=0 100ms=0 250ms=0]
05-18 12:29:44.934 11901 11918 I wasm_android_host::pr..: wandr-profile: frame 199620 t+3403710ms  win[N=60 min=14.4ms mean=16.6ms max=19.4ms] over[16ms=41 50ms=0 100ms=0 250ms=0]
05-18 12:29:45.932 11901 11918 I wasm_android_host::pr..: wandr-profile: frame 199680 t+3404708ms  win[N=60 min=14.5ms mean=16.6ms max=19.8ms] over[16ms=46 50ms=0 100ms=0 250ms=0]
05-18 12:29:46.928 11901 11918 I wasm_android_host::pr..: wandr-profile: frame 199740 t+3405704ms  win[N=60 min=13.7ms mean=16.5ms max=19.6ms] over[16ms=40 50ms=0 100ms=0 250ms=0]
05-18 12:29:47.929 11901 11918 I wasm_android_host::pr..: wandr-profile: frame 199800 t+3406704ms  win[N=60 min=14.1ms mean=16.6ms max=20.4ms] over[16ms=43 50ms=0 100ms=0 250ms=0]
05-18 12:29:48.927 11901 11918 I wasm_android_host::pr..: wandr-profile: frame 199860 t+3407702ms  win[N=60 min=14.3ms mean=16.6ms max=18.9ms] over[16ms=45 50ms=0 100ms=0 250ms=0]
05-18 12:29:49.924 11901 11918 I wasm_android_host::pr..: wandr-profile: frame 199920 t+3408700ms  win[N=60 min=12.9ms mean=16.6ms max=20.5ms] over[16ms=41 50ms=0 100ms=0 250ms=0]
05-18 12:29:50.922 11901 11918 I wasm_android_host::pr..: wandr-profile: frame 199980 t+3409698ms  win[N=60 min=14.5ms mean=16.6ms max=19.9ms] over[16ms=44 50ms=0 100ms=0 250ms=0]
05-18 12:29:51.921 11901 11918 I wasm_android_host::pr..: wandr-profile: frame 200040 t+3410696ms  win[N=60 min=14.0ms mean=16.6ms max=20.5ms] over[16ms=46 50ms=0 100ms=0 250ms=0]
05-18 12:29:52.935 11901 11918 I wasm_android_host::pr..: wandr-profile: frame 200100 t+3411711ms  win[N=60 min=12.9ms mean=16.8ms max=33.1ms] over[16ms=46 50ms=0 100ms=0 250ms=0]
05-18 12:29:53.934 11901 11918 I wasm_android_host::pr..: wandr-profile: frame 200160 t+3412710ms  win[N=60 min=13.6ms mean=16.6ms max=20.5ms] over[16ms=44 50ms=0 100ms=0 250ms=0]
05-18 12:29:54.934 11901 11918 I wasm_android_host::pr..: wandr-profile: frame 200220 t+3413709ms  win[N=60 min=14.4ms mean=16.6ms max=19.0ms] over[16ms=45 50ms=0 100ms=0 250ms=0]
05-18 12:29:55.932 11901 11918 I wasm_android_host::pr..: wandr-profile: frame 200280 t+3414708ms  win[N=60 min=14.1ms mean=16.6ms max=20.5ms] over[16ms=42 50ms=0 100ms=0 250ms=0]
05-18 12:29:56.929 11901 11918 I wasm_android_host::pr..: wandr-profile: frame 200340 t+3415705ms  win[N=60 min=14.6ms mean=16.5ms max=20.7ms] over[16ms=40 50ms=0 100ms=0 250ms=0]
05-18 12:29:57.929 11901 11918 I wasm_android_host::pr..: wandr-profile: frame 200400 t+3416704ms  win[N=60 min=13.5ms mean=16.6ms max=19.8ms] over[16ms=48 50ms=0 100ms=0 250ms=0]
05-18 12:29:58.943 11901 11918 I wasm_android_host::pr..: wandr-profile: frame 200460 t+3417718ms  win[N=60 min=12.6ms mean=16.8ms max=34.4ms] over[16ms=40 50ms=0 100ms=0 250ms=0]
05-18 12:29:59.941 11901 11918 I wasm_android_host::pr..: wandr-profile: frame 200520 t+3418716ms  win[N=60 min=14.1ms mean=16.6ms max=20.1ms] over[16ms=45 50ms=0 100ms=0 250ms=0]
05-18 12:30:00.939 11901 11918 I wasm_android_host::pr..: wandr-profile: frame 200580 t+3419715ms  win[N=60 min=14.5ms mean=16.6ms max=19.0ms] over[16ms=43 50ms=0 100ms=0 250ms=0]
05-18 12:30:01.937 11901 11918 I wasm_android_host::pr..: wandr-profile: frame 200640 t+3420713ms  win[N=60 min=13.7ms mean=16.6ms max=19.8ms] over[16ms=46 50ms=0 100ms=0 250ms=0]
05-18 12:30:02.953 11901 11918 I wasm_android_host::pr..: wandr-profile: frame 200700 t+3421728ms  win[N=60 min=11.4ms mean=16.9ms max=32.2ms] over[16ms=42 50ms=0 100ms=0 250ms=0]
05-18 12:30:03.953 11901 11918 I wasm_android_host::pr..: wandr-profile: frame 200760 t+3422728ms  win[N=60 min=13.5ms mean=16.6ms max=20.1ms] over[16ms=48 50ms=0 100ms=0 250ms=0]
05-18 12:30:04.950 11901 11918 I wasm_android_host::pr..: wandr-profile: frame 200820 t+3423726ms  win[N=60 min=14.6ms mean=16.6ms max=19.5ms] over[16ms=44 50ms=0 100ms=0 250ms=0]
05-18 12:30:05.949 11901 11918 I wasm_android_host::pr..: wandr-profile: frame 200880 t+3424725ms  win[N=60 min=14.2ms mean=16.6ms max=20.4ms] over[16ms=46 50ms=0 100ms=0 250ms=0]
05-18 12:30:06.947 11901 11918 I wasm_android_host::pr..: wandr-profile: frame 200940 t+3425723ms  win[N=60 min=13.2ms mean=16.6ms max=19.9ms] over[16ms=43 50ms=0 100ms=0 250ms=0]
05-18 12:30:07.944 11901 11918 I wasm_android_host::pr..: wandr-profile: frame 201000 t+3426720ms  win[N=60 min=13.8ms mean=16.6ms max=19.9ms] over[16ms=42 50ms=0 100ms=0 250ms=0]
05-18 12:30:08.942 11901 11918 I wasm_android_host::pr..: wandr-profile: frame 201060 t+3427718ms  win[N=60 min=14.6ms mean=16.6ms max=19.3ms] over[16ms=42 50ms=0 100ms=0 250ms=0]
05-18 12:30:09.941 11901 11918 I wasm_android_host::pr..: wandr-profile: frame 201120 t+3428716ms  win[N=60 min=13.8ms mean=16.6ms max=20.4ms] over[16ms=43 50ms=0 100ms=0 250ms=0]
05-18 12:30:10.959 11901 11918 I wasm_android_host::pr..: wandr-profile: frame 201180 t+3429734ms  win[N=60 min=14.6ms mean=16.9ms max=33.1ms] over[16ms=40 50ms=0 100ms=0 250ms=0]
05-18 12:30:11.954 11901 11918 I wasm_android_host::pr..: wandr-profile: frame 201240 t+3430730ms  win[N=60 min=13.7ms mean=16.5ms max=20.4ms] over[16ms=45 50ms=0 100ms=0 250ms=0]
05-18 12:30:12.955 11901 11918 I wasm_android_host::pr..: wandr-profile: frame 201300 t+3431731ms  win[N=60 min=14.5ms mean=16.6ms max=19.9ms] over[16ms=45 50ms=0 100ms=0 250ms=0]
05-18 12:30:13.952 11901 11918 I wasm_android_host::pr..: wandr-profile: frame 201360 t+3432727ms  win[N=60 min=14.4ms mean=16.5ms max=20.7ms] over[16ms=43 50ms=0 100ms=0 250ms=0]
05-18 12:30:14.950 11901 11918 I wasm_android_host::pr..: wandr-profile: frame 201420 t+3433726ms  win[N=60 min=14.0ms mean=16.6ms max=20.2ms] over[16ms=43 50ms=0 100ms=0 250ms=0]
05-18 12:30:15.948 11901 11918 I wasm_android_host::pr..: wandr-profile: frame 201480 t+3434724ms  win[N=60 min=14.2ms mean=16.6ms max=20.6ms] over[16ms=44 50ms=0 100ms=0 250ms=0]
05-18 12:30:16.945 11901 11918 I wasm_android_host::pr..: wandr-profile: frame 201540 t+3435721ms  win[N=60 min=14.1ms mean=16.6ms max=20.0ms] over[16ms=41 50ms=0 100ms=0 250ms=0]
05-18 12:30:17.943 11901 11918 I wasm_android_host::pr..: wandr-profile: frame 201600 t+3436719ms  win[N=60 min=12.9ms mean=16.6ms max=20.6ms] over[16ms=42 50ms=0 100ms=0 250ms=0]
05-18 12:30:18.958 11901 11918 I wasm_android_host::pr..: wandr-profile: frame 201660 t+3437734ms  win[N=60 min=11.0ms mean=16.9ms max=37.5ms] over[16ms=39 50ms=0 100ms=0 250ms=0]
05-18 12:30:19.957 11901 11918 I wasm_android_host::pr..: wandr-profile: frame 201720 t+3438733ms  win[N=60 min=12.7ms mean=16.6ms max=20.4ms] over[16ms=43 50ms=0 100ms=0 250ms=0]
05-18 12:30:20.958 11901 11918 I wasm_android_host::pr..: wandr-profile: frame 201780 t+3439734ms  win[N=60 min=14.3ms mean=16.6ms max=19.9ms] over[16ms=44 50ms=0 100ms=0 250ms=0]
05-18 12:30:21.954 11901 11918 I wasm_android_host::pr..: wandr-profile: frame 201840 t+3440729ms  win[N=60 min=13.4ms mean=16.5ms max=20.4ms] over[16ms=44 50ms=0 100ms=0 250ms=0]
05-18 12:30:22.953 11901 11918 I wasm_android_host::pr..: wandr-profile: frame 201900 t+3441729ms  win[N=60 min=14.3ms mean=16.6ms max=19.1ms] over[16ms=47 50ms=0 100ms=0 250ms=0]
05-18 12:30:23.952 11901 11918 I wasm_android_host::pr..: wandr-profile: frame 201960 t+3442727ms  win[N=60 min=13.5ms mean=16.6ms max=20.6ms] over[16ms=44 50ms=0 100ms=0 250ms=0]
05-18 12:30:24.949 11901 11918 I wasm_android_host::pr..: wandr-profile: frame 202020 t+3443725ms  win[N=60 min=14.3ms mean=16.6ms max=20.0ms] over[16ms=43 50ms=0 100ms=0 250ms=0]
05-18 12:30:25.948 11901 11918 I wasm_android_host::pr..: wandr-profile: frame 202080 t+3444724ms  win[N=60 min=13.3ms mean=16.6ms max=20.6ms] over[16ms=45 50ms=0 100ms=0 250ms=0]
05-18 12:30:26.945 11901 11918 I wasm_android_host::pr..: wandr-profile: frame 202140 t+3445721ms  win[N=60 min=14.6ms mean=16.5ms max=20.1ms] over[16ms=43 50ms=0 100ms=0 250ms=0]
05-18 12:30:27.943 11901 11918 I wasm_android_host::pr..: wandr-profile: frame 202200 t+3446719ms  win[N=60 min=14.8ms mean=16.6ms max=21.0ms] over[16ms=44 50ms=0 100ms=0 250ms=0]
05-18 12:30:28.941 11901 11918 I wasm_android_host::pr..: wandr-profile: frame 202260 t+3447717ms  win[N=60 min=14.6ms mean=16.6ms max=20.0ms] over[16ms=46 50ms=0 100ms=0 250ms=0]
05-18 12:30:29.939 11901 11918 I wasm_android_host::pr..: wandr-profile: frame 202320 t+3448715ms  win[N=60 min=13.9ms mean=16.6ms max=20.7ms] over[16ms=44 50ms=0 100ms=0 250ms=0]
05-18 12:30:30.938 11901 11918 I wasm_android_host::pr..: wandr-profile: frame 202380 t+3449714ms  win[N=60 min=14.1ms mean=16.6ms max=19.9ms] over[16ms=44 50ms=0 100ms=0 250ms=0]
05-18 12:30:31.936 11901 11918 I wasm_android_host::pr..: wandr-profile: frame 202440 t+3450712ms  win[N=60 min=14.5ms mean=16.6ms max=20.1ms] over[16ms=43 50ms=0 100ms=0 250ms=0]
05-18 12:30:32.953 11901 11918 I wasm_android_host::pr..: wandr-profile: frame 202500 t+3451729ms  win[N=60 min=13.5ms mean=16.9ms max=30.8ms] over[16ms=45 50ms=0 100ms=0 250ms=0]
05-18 12:30:33.952 11901 11918 I wasm_android_host::pr..: wandr-profile: frame 202560 t+3452728ms  win[N=60 min=14.4ms mean=16.6ms max=19.8ms] over[16ms=36 50ms=0 100ms=0 250ms=0]
05-18 12:30:34.949 11901 11918 I wasm_android_host::pr..: wandr-profile: frame 202620 t+3453725ms  win[N=60 min=14.4ms mean=16.5ms max=20.1ms] over[16ms=43 50ms=0 100ms=0 250ms=0]
05-18 12:30:35.947 11901 11918 I wasm_android_host::pr..: wandr-profile: frame 202680 t+3454723ms  win[N=60 min=14.7ms mean=16.6ms max=20.5ms] over[16ms=45 50ms=0 100ms=0 250ms=0]
05-18 12:30:36.944 11901 11918 I wasm_android_host::pr..: wandr-profile: frame 202740 t+3455720ms  win[N=60 min=14.2ms mean=16.5ms max=20.4ms] over[16ms=45 50ms=0 100ms=0 250ms=0]
05-18 12:30:37.959 11901 11918 I wasm_android_host::pr..: wandr-profile: frame 202800 t+3456735ms  win[N=60 min=14.7ms mean=16.9ms max=33.2ms] over[16ms=48 50ms=0 100ms=0 250ms=0]
05-18 12:30:38.961 11901 11918 I wasm_android_host::pr..: wandr-profile: frame 202860 t+3457737ms  win[N=60 min=13.6ms mean=16.6ms max=20.1ms] over[16ms=43 50ms=0 100ms=0 250ms=0]
05-18 12:30:39.956 11901 11918 I wasm_android_host::pr..: wandr-profile: frame 202920 t+3458731ms  win[N=60 min=13.1ms mean=16.5ms max=19.7ms] over[16ms=41 50ms=0 100ms=0 250ms=0]
05-18 12:30:40.954 11901 11918 I wasm_android_host::pr..: wandr-profile: frame 202980 t+3459729ms  win[N=60 min=13.2ms mean=16.6ms max=20.3ms] over[16ms=43 50ms=0 100ms=0 250ms=0]
05-18 12:30:41.954 11901 11918 I wasm_android_host::pr..: wandr-profile: frame 203040 t+3460729ms  win[N=60 min=13.8ms mean=16.6ms max=19.4ms] over[16ms=44 50ms=0 100ms=0 250ms=0]
05-18 12:30:42.953 11901 11918 I wasm_android_host::pr..: wandr-profile: frame 203100 t+3461728ms  win[N=60 min=14.4ms mean=16.6ms max=20.2ms] over[16ms=35 50ms=0 100ms=0 250ms=0]
05-18 12:30:43.952 11901 11918 I wasm_android_host::pr..: wandr-profile: frame 203160 t+3462727ms  win[N=60 min=14.6ms mean=16.6ms max=19.5ms] over[16ms=41 50ms=0 100ms=0 250ms=0]
05-18 12:30:44.948 11901 11918 I wasm_android_host::pr..: wandr-profile: frame 203220 t+3463724ms  win[N=60 min=13.3ms mean=16.5ms max=20.1ms] over[16ms=44 50ms=0 100ms=0 250ms=0]
05-18 12:30:45.962 11901 11918 I wasm_android_host::pr..: wandr-profile: frame 203280 t+3464737ms  win[N=60 min=14.2ms mean=16.8ms max=32.8ms] over[16ms=42 50ms=0 100ms=0 250ms=0]
05-18 12:30:46.960 11901 11918 I wasm_android_host::pr..: wandr-profile: frame 203340 t+3465736ms  win[N=60 min=13.0ms mean=16.6ms max=20.5ms] over[16ms=44 50ms=0 100ms=0 250ms=0]
05-18 12:30:47.958 11901 11918 I wasm_android_host::pr..: wandr-profile: frame 203400 t+3466734ms  win[N=60 min=14.7ms mean=16.6ms max=18.9ms] over[16ms=46 50ms=0 100ms=0 250ms=0]
05-18 12:30:48.958 11901 11918 I wasm_android_host::pr..: wandr-profile: frame 203460 t+3467734ms  win[N=60 min=13.7ms mean=16.6ms max=20.4ms] over[16ms=45 50ms=0 100ms=0 250ms=0]
05-18 12:30:49.957 11901 11918 I wasm_android_host::pr..: wandr-profile: frame 203520 t+3468733ms  win[N=60 min=14.3ms mean=16.6ms max=20.3ms] over[16ms=44 50ms=0 100ms=0 250ms=0]
05-18 12:30:50.953 11901 11918 I wasm_android_host::pr..: wandr-profile: frame 203580 t+3469729ms  win[N=60 min=14.6ms mean=16.5ms max=20.6ms] over[16ms=45 50ms=0 100ms=0 250ms=0]
05-18 12:30:51.953 11901 11918 I wasm_android_host::pr..: wandr-profile: frame 203640 t+3470729ms  win[N=60 min=13.7ms mean=16.6ms max=19.7ms] over[16ms=46 50ms=0 100ms=0 250ms=0]
05-18 12:30:52.951 11901 11918 I wasm_android_host::pr..: wandr-profile: frame 203700 t+3471727ms  win[N=60 min=13.6ms mean=16.6ms max=19.9ms] over[16ms=43 50ms=0 100ms=0 250ms=0]
05-18 12:30:53.950 11901 11918 I wasm_android_host::pr..: wandr-profile: frame 203760 t+3472725ms  win[N=60 min=14.5ms mean=16.6ms max=20.2ms] over[16ms=43 50ms=0 100ms=0 250ms=0]
05-18 12:30:54.948 11901 11918 I wasm_android_host::pr..: wandr-profile: frame 203820 t+3473724ms  win[N=60 min=13.5ms mean=16.6ms max=20.7ms] over[16ms=42 50ms=0 100ms=0 250ms=0]
05-18 12:30:55.945 11901 11918 I wasm_android_host::pr..: wandr-profile: frame 203880 t+3474720ms  win[N=60 min=13.2ms mean=16.5ms max=20.2ms] over[16ms=42 50ms=0 100ms=0 250ms=0]
05-18 12:30:56.943 11901 11918 I wasm_android_host::pr..: wandr-profile: frame 203940 t+3475719ms  win[N=60 min=14.4ms mean=16.6ms max=20.3ms] over[16ms=42 50ms=0 100ms=0 250ms=0]
05-18 12:30:57.941 11901 11918 I wasm_android_host::pr..: wandr-profile: frame 204000 t+3476717ms  win[N=60 min=14.8ms mean=16.6ms max=20.0ms] over[16ms=45 50ms=0 100ms=0 250ms=0]
05-18 12:30:58.939 11901 11918 I wasm_android_host::pr..: wandr-profile: frame 204060 t+3477715ms  win[N=60 min=12.8ms mean=16.6ms max=19.7ms] over[16ms=46 50ms=0 100ms=0 250ms=0]
05-18 12:30:59.938 11901 11918 I wasm_android_host::pr..: wandr-profile: frame 204120 t+3478713ms  win[N=60 min=14.6ms mean=16.6ms max=19.8ms] over[16ms=44 50ms=0 100ms=0 250ms=0]
05-18 12:31:00.936 11901 11918 I wasm_android_host::pr..: wandr-profile: frame 204180 t+3479712ms  win[N=60 min=14.5ms mean=16.6ms max=20.1ms] over[16ms=42 50ms=0 100ms=0 250ms=0]
05-18 12:31:01.934 11901 11918 I wasm_android_host::pr..: wandr-profile: frame 204240 t+3480710ms  win[N=60 min=14.8ms mean=16.6ms max=19.8ms] over[16ms=47 50ms=0 100ms=0 250ms=0]
05-18 12:31:02.933 11901 11918 I wasm_android_host::pr..: wandr-profile: frame 204300 t+3481709ms  win[N=60 min=13.7ms mean=16.6ms max=20.2ms] over[16ms=43 50ms=0 100ms=0 250ms=0]
05-18 12:31:03.932 11901 11918 I wasm_android_host::pr..: wandr-profile: frame 204360 t+3482708ms  win[N=60 min=13.3ms mean=16.6ms max=20.0ms] over[16ms=44 50ms=0 100ms=0 250ms=0]
05-18 12:31:04.931 11901 11918 I wasm_android_host::pr..: wandr-profile: frame 204420 t+3483707ms  win[N=60 min=14.7ms mean=16.6ms max=20.8ms] over[16ms=47 50ms=0 100ms=0 250ms=0]
05-18 12:31:05.945 11901 11918 I wasm_android_host::pr..: wandr-profile: frame 204480 t+3484720ms  win[N=60 min=11.2ms mean=16.8ms max=35.8ms] over[16ms=43 50ms=0 100ms=0 250ms=0]
05-18 12:31:06.943 11901 11918 I wasm_android_host::pr..: wandr-profile: frame 204540 t+3485719ms  win[N=60 min=13.1ms mean=16.6ms max=20.5ms] over[16ms=44 50ms=0 100ms=0 250ms=0]
05-18 12:31:07.941 11901 11918 I wasm_android_host::pr..: wandr-profile: frame 204600 t+3486717ms  win[N=60 min=13.5ms mean=16.6ms max=19.4ms] over[16ms=48 50ms=0 100ms=0 250ms=0]
05-18 12:31:08.940 11901 11918 I wasm_android_host::pr..: wandr-profile: frame 204660 t+3487715ms  win[N=60 min=14.0ms mean=16.6ms max=19.1ms] over[16ms=45 50ms=0 100ms=0 250ms=0]
05-18 12:31:09.941 11901 11918 I wasm_android_host::pr..: wandr-profile: frame 204720 t+3488717ms  win[N=60 min=14.3ms mean=16.6ms max=20.7ms] over[16ms=43 50ms=0 100ms=0 250ms=0]
05-18 12:31:10.938 11901 11918 I wasm_android_host::pr..: wandr-profile: frame 204780 t+3489714ms  win[N=60 min=13.5ms mean=16.6ms max=18.7ms] over[16ms=44 50ms=0 100ms=0 250ms=0]
05-18 12:31:11.938 11901 11918 I wasm_android_host::pr..: wandr-profile: frame 204840 t+3490714ms  win[N=60 min=14.4ms mean=16.6ms max=20.6ms] over[16ms=43 50ms=0 100ms=0 250ms=0]
05-18 12:31:12.933 11901 11918 I wasm_android_host::pr..: wandr-profile: frame 204900 t+3491709ms  win[N=60 min=14.4ms mean=16.5ms max=19.6ms] over[16ms=43 50ms=0 100ms=0 250ms=0]
05-18 12:31:13.949 11901 11918 I wasm_android_host::pr..: wandr-profile: frame 204960 t+3492724ms  win[N=60 min=12.3ms mean=16.9ms max=34.5ms] over[16ms=45 50ms=0 100ms=0 250ms=0]
05-18 12:31:14.946 11901 11918 I wasm_android_host::pr..: wandr-profile: frame 205020 t+3493722ms  win[N=60 min=14.7ms mean=16.6ms max=18.9ms] over[16ms=41 50ms=0 100ms=0 250ms=0]
05-18 12:31:15.944 11901 11918 I wasm_android_host::pr..: wandr-profile: frame 205080 t+3494720ms  win[N=60 min=13.7ms mean=16.6ms max=20.0ms] over[16ms=45 50ms=0 100ms=0 250ms=0]
05-18 12:31:16.942 11901 11918 I wasm_android_host::pr..: wandr-profile: frame 205140 t+3495718ms  win[N=60 min=14.4ms mean=16.6ms max=18.9ms] over[16ms=43 50ms=0 100ms=0 250ms=0]
05-18 12:31:17.940 11901 11918 I wasm_android_host::pr..: wandr-profile: frame 205200 t+3496716ms  win[N=60 min=13.9ms mean=16.6ms max=20.1ms] over[16ms=44 50ms=0 100ms=0 250ms=0]
05-18 12:31:18.955 11901 11918 I wasm_android_host::pr..: wandr-profile: frame 205260 t+3497731ms  win[N=60 min=11.0ms mean=16.9ms max=35.3ms] over[16ms=39 50ms=0 100ms=0 250ms=0]
05-18 12:31:19.954 11901 11918 I wasm_android_host::pr..: wandr-profile: frame 205320 t+3498730ms  win[N=60 min=13.9ms mean=16.6ms max=20.9ms] over[16ms=44 50ms=0 100ms=0 250ms=0]
05-18 12:31:20.954 11901 11918 I wasm_android_host::pr..: wandr-profile: frame 205380 t+3499729ms  win[N=60 min=14.9ms mean=16.6ms max=19.5ms] over[16ms=46 50ms=0 100ms=0 250ms=0]
05-18 12:31:21.952 11901 11918 I wasm_android_host::pr..: wandr-profile: frame 205440 t+3500728ms  win[N=60 min=14.7ms mean=16.6ms max=19.8ms] over[16ms=41 50ms=0 100ms=0 250ms=0]
05-18 12:31:22.950 11901 11918 I wasm_android_host::pr..: wandr-profile: frame 205500 t+3501726ms  win[N=60 min=13.9ms mean=16.6ms max=19.1ms] over[16ms=41 50ms=0 100ms=0 250ms=0]
05-18 12:31:23.948 11901 11918 I wasm_android_host::pr..: wandr-profile: frame 205560 t+3502724ms  win[N=60 min=13.0ms mean=16.6ms max=20.3ms] over[16ms=46 50ms=0 100ms=0 250ms=0]
05-18 12:31:24.945 11901 11918 I wasm_android_host::pr..: wandr-profile: frame 205620 t+3503721ms  win[N=60 min=14.0ms mean=16.5ms max=19.3ms] over[16ms=42 50ms=0 100ms=0 250ms=0]
05-18 12:31:25.943 11901 11918 I wasm_android_host::pr..: wandr-profile: frame 205680 t+3504719ms  win[N=60 min=14.6ms mean=16.6ms max=20.0ms] over[16ms=47 50ms=0 100ms=0 250ms=0]
05-18 12:31:26.958 11901 11918 I wasm_android_host::pr..: wandr-profile: frame 205740 t+3505734ms  win[N=60 min=10.8ms mean=16.8ms max=34.3ms] over[16ms=43 50ms=0 100ms=0 250ms=0]
05-18 12:31:27.958 11901 11918 I wasm_android_host::pr..: wandr-profile: frame 205800 t+3506734ms  win[N=60 min=14.1ms mean=16.6ms max=20.8ms] over[16ms=45 50ms=0 100ms=0 250ms=0]
05-18 12:31:28.955 11901 11918 I wasm_android_host::pr..: wandr-profile: frame 205860 t+3507731ms  win[N=60 min=13.8ms mean=16.6ms max=19.8ms] over[16ms=46 50ms=0 100ms=0 250ms=0]
05-18 12:31:29.953 11901 11918 I wasm_android_host::pr..: wandr-profile: frame 205920 t+3508729ms  win[N=60 min=14.5ms mean=16.6ms max=20.6ms] over[16ms=39 50ms=0 100ms=0 250ms=0]
05-18 12:31:30.952 11901 11918 I wasm_android_host::pr..: wandr-profile: frame 205980 t+3509728ms  win[N=60 min=14.3ms mean=16.6ms max=20.1ms] over[16ms=44 50ms=0 100ms=0 250ms=0]
05-18 12:31:31.951 11901 11918 I wasm_android_host::pr..: wandr-profile: frame 206040 t+3510727ms  win[N=60 min=13.8ms mean=16.6ms max=20.7ms] over[16ms=44 50ms=0 100ms=0 250ms=0]
05-18 12:31:32.965 11901 11918 I wasm_android_host::pr..: wandr-profile: frame 206100 t+3511740ms  win[N=60 min=14.6ms mean=16.8ms max=32.9ms] over[16ms=43 50ms=0 100ms=0 250ms=0]
05-18 12:31:33.963 11901 11918 I wasm_android_host::pr..: wandr-profile: frame 206160 t+3512738ms  win[N=60 min=13.9ms mean=16.6ms max=20.3ms] over[16ms=40 50ms=0 100ms=0 250ms=0]
05-18 12:31:34.961 11901 11918 I wasm_android_host::pr..: wandr-profile: frame 206220 t+3513737ms  win[N=60 min=14.4ms mean=16.6ms max=19.8ms] over[16ms=47 50ms=0 100ms=0 250ms=0]
05-18 12:31:35.959 11901 11918 I wasm_android_host::pr..: wandr-profile: frame 206280 t+3514735ms  win[N=60 min=13.3ms mean=16.6ms max=19.9ms] over[16ms=45 50ms=0 100ms=0 250ms=0]
05-18 12:31:36.978 11901 11918 I wasm_android_host::pr..: wandr-profile: frame 206340 t+3515754ms  win[N=60 min=11.2ms mean=16.9ms max=33.8ms] over[16ms=40 50ms=0 100ms=0 250ms=0]
05-18 12:31:37.973 11901 11918 I wasm_android_host::pr..: wandr-profile: frame 206400 t+3516748ms  win[N=60 min=13.2ms mean=16.5ms max=20.8ms] over[16ms=41 50ms=0 100ms=0 250ms=0]
05-18 12:31:38.973 11901 11918 I wasm_android_host::pr..: wandr-profile: frame 206460 t+3517748ms  win[N=60 min=13.4ms mean=16.6ms max=20.6ms] over[16ms=38 50ms=0 100ms=0 250ms=0]
05-18 12:31:39.971 11901 11918 I wasm_android_host::pr..: wandr-profile: frame 206520 t+3518747ms  win[N=60 min=14.7ms mean=16.6ms max=20.8ms] over[16ms=44 50ms=0 100ms=0 250ms=0]
05-18 12:31:40.969 11901 11918 I wasm_android_host::pr..: wandr-profile: frame 206580 t+3519745ms  win[N=60 min=12.9ms mean=16.6ms max=20.2ms] over[16ms=45 50ms=0 100ms=0 250ms=0]
05-18 12:31:41.983 11901 11918 I wasm_android_host::pr..: wandr-profile: frame 206640 t+3520759ms  win[N=60 min=11.2ms mean=16.8ms max=34.5ms] over[16ms=40 50ms=0 100ms=0 250ms=0]
05-18 12:31:42.981 11901 11918 I wasm_android_host::pr..: wandr-profile: frame 206700 t+3521757ms  win[N=60 min=13.7ms mean=16.6ms max=20.5ms] over[16ms=43 50ms=0 100ms=0 250ms=0]
05-18 12:31:43.995 11901 11918 I wasm_android_host::pr..: wandr-profile: frame 206760 t+3522771ms  win[N=60 min=12.8ms mean=16.8ms max=32.4ms] over[16ms=41 50ms=0 100ms=0 250ms=0]
05-18 12:31:44.994 11901 11918 I wasm_android_host::pr..: wandr-profile: frame 206820 t+3523770ms  win[N=60 min=14.5ms mean=16.6ms max=20.4ms] over[16ms=44 50ms=0 100ms=0 250ms=0]
05-18 12:31:45.993 11901 11918 I wasm_android_host::pr..: wandr-profile: frame 206880 t+3524769ms  win[N=60 min=14.5ms mean=16.6ms max=18.8ms] over[16ms=44 50ms=0 100ms=0 250ms=0]
05-18 12:31:46.993 11901 11918 I wasm_android_host::pr..: wandr-profile: frame 206940 t+3525769ms  win[N=60 min=13.5ms mean=16.6ms max=20.1ms] over[16ms=41 50ms=0 100ms=0 250ms=0]
05-18 12:31:47.991 11901 11918 I wasm_android_host::pr..: wandr-profile: frame 207000 t+3526767ms  win[N=60 min=14.5ms mean=16.6ms max=19.4ms] over[16ms=40 50ms=0 100ms=0 250ms=0]
05-18 12:31:48.989 11901 11918 I wasm_android_host::pr..: wandr-profile: frame 207060 t+3527765ms  win[N=60 min=14.3ms mean=16.6ms max=19.5ms] over[16ms=46 50ms=0 100ms=0 250ms=0]
05-18 12:31:49.988 11901 11918 I wasm_android_host::pr..: wandr-profile: frame 207120 t+3528763ms  win[N=60 min=14.5ms mean=16.6ms max=20.7ms] over[16ms=45 50ms=0 100ms=0 250ms=0]
05-18 12:31:51.001 11901 11918 I wasm_android_host::pr..: wandr-profile: frame 207180 t+3529777ms  win[N=60 min=13.7ms mean=16.8ms max=33.8ms] over[16ms=43 50ms=0 100ms=0 250ms=0]
05-18 12:31:52.000 11901 11918 I wasm_android_host::pr..: wandr-profile: frame 207240 t+3530775ms  win[N=60 min=13.6ms mean=16.6ms max=20.0ms] over[16ms=46 50ms=0 100ms=0 250ms=0]
05-18 12:31:52.998 11901 11918 I wasm_android_host::pr..: wandr-profile: frame 207300 t+3531774ms  win[N=60 min=13.8ms mean=16.6ms max=20.0ms] over[16ms=45 50ms=0 100ms=0 250ms=0]
05-18 12:31:53.996 11901 11918 I wasm_android_host::pr..: wandr-profile: frame 207360 t+3532772ms  win[N=60 min=13.0ms mean=16.6ms max=20.7ms] over[16ms=45 50ms=0 100ms=0 250ms=0]
05-18 12:31:55.011 11901 11918 I wasm_android_host::pr..: wandr-profile: frame 207420 t+3533787ms  win[N=60 min=11.3ms mean=16.9ms max=32.6ms] over[16ms=45 50ms=0 100ms=0 250ms=0]
05-18 12:31:56.011 11901 11918 I wasm_android_host::pr..: wandr-profile: frame 207480 t+3534787ms  win[N=60 min=13.8ms mean=16.6ms max=19.6ms] over[16ms=48 50ms=0 100ms=0 250ms=0]
05-18 12:31:57.009 11901 11918 I wasm_android_host::pr..: wandr-profile: frame 207540 t+3535785ms  win[N=60 min=13.9ms mean=16.6ms max=20.5ms] over[16ms=44 50ms=0 100ms=0 250ms=0]
05-18 12:31:58.023 11901 11918 I wasm_android_host::pr..: wandr-profile: frame 207600 t+3536799ms  win[N=60 min=13.0ms mean=16.8ms max=33.4ms] over[16ms=40 50ms=0 100ms=0 250ms=0]
05-18 12:31:59.021 11901 11918 I wasm_android_host::pr..: wandr-profile: frame 207660 t+3537797ms  win[N=60 min=13.8ms mean=16.6ms max=20.0ms] over[16ms=41 50ms=0 100ms=0 250ms=0]
05-18 12:32:00.020 11901 11918 I wasm_android_host::pr..: wandr-profile: frame 207720 t+3538795ms  win[N=60 min=12.7ms mean=16.6ms max=20.6ms] over[16ms=42 50ms=0 100ms=0 250ms=0]
05-18 12:32:01.036 11901 11918 I wasm_android_host::pr..: wandr-profile: frame 207780 t+3539811ms  win[N=60 min=13.9ms mean=16.9ms max=34.3ms] over[16ms=44 50ms=0 100ms=0 250ms=0]
05-18 12:32:02.032 11901 11918 I wasm_android_host::pr..: wandr-profile: frame 207840 t+3540808ms  win[N=60 min=14.5ms mean=16.5ms max=20.7ms] over[16ms=41 50ms=0 100ms=0 250ms=0]
05-18 12:32:03.033 11901 11918 I wasm_android_host::pr..: wandr-profile: frame 207900 t+3541808ms  win[N=60 min=13.4ms mean=16.6ms max=20.2ms] over[16ms=42 50ms=0 100ms=0 250ms=0]
05-18 12:32:04.031 11901 11918 I wasm_android_host::pr..: wandr-profile: frame 207960 t+3542806ms  win[N=60 min=14.4ms mean=16.6ms max=20.2ms] over[16ms=44 50ms=0 100ms=0 250ms=0]
05-18 12:32:05.029 11901 11918 I wasm_android_host::pr..: wandr-profile: frame 208020 t+3543805ms  win[N=60 min=14.2ms mean=16.6ms max=20.1ms] over[16ms=45 50ms=0 100ms=0 250ms=0]
05-18 12:32:06.045 11901 11918 I wasm_android_host::pr..: wandr-profile: frame 208080 t+3544821ms  win[N=60 min=13.0ms mean=16.9ms max=35.1ms] over[16ms=45 50ms=0 100ms=0 250ms=0]
05-18 12:32:07.041 11901 11918 I wasm_android_host::pr..: wandr-profile: frame 208140 t+3545817ms  win[N=60 min=13.9ms mean=16.5ms max=20.0ms] over[16ms=43 50ms=0 100ms=0 250ms=0]
05-18 12:32:08.039 11901 11918 I wasm_android_host::pr..: wandr-profile: frame 208200 t+3546815ms  win[N=60 min=14.7ms mean=16.6ms max=19.0ms] over[16ms=44 50ms=0 100ms=0 250ms=0]
05-18 12:32:09.041 11901 11918 I wasm_android_host::pr..: wandr-profile: frame 208260 t+3547816ms  win[N=60 min=13.7ms mean=16.6ms max=19.8ms] over[16ms=46 50ms=0 100ms=0 250ms=0]
05-18 12:32:10.039 11901 11918 I wasm_android_host::pr..: wandr-profile: frame 208320 t+3548814ms  win[N=60 min=13.7ms mean=16.6ms max=19.7ms] over[16ms=42 50ms=0 100ms=0 250ms=0]
05-18 12:32:11.034 11901 11918 I wasm_android_host::pr..: wandr-profile: frame 208380 t+3549810ms  win[N=60 min=14.2ms mean=16.5ms max=20.0ms] over[16ms=42 50ms=0 100ms=0 250ms=0]
05-18 12:32:12.032 11901 11918 I wasm_android_host::pr..: wandr-profile: frame 208440 t+3550808ms  win[N=60 min=14.4ms mean=16.6ms max=18.9ms] over[16ms=42 50ms=0 100ms=0 250ms=0]
05-18 12:32:13.032 11901 11918 I wasm_android_host::pr..: wandr-profile: frame 208500 t+3551808ms  win[N=60 min=13.4ms mean=16.6ms max=20.2ms] over[16ms=46 50ms=0 100ms=0 250ms=0]
05-18 12:32:14.029 11901 11918 I wasm_android_host::pr..: wandr-profile: frame 208560 t+3552805ms  win[N=60 min=13.2ms mean=16.6ms max=20.2ms] over[16ms=41 50ms=0 100ms=0 250ms=0]
05-18 12:32:15.028 11901 11918 I wasm_android_host::pr..: wandr-profile: frame 208620 t+3553804ms  win[N=60 min=13.8ms mean=16.6ms max=20.3ms] over[16ms=46 50ms=0 100ms=0 250ms=0]
05-18 12:32:16.042 11901 11918 I wasm_android_host::pr..: wandr-profile: frame 208680 t+3554818ms  win[N=60 min=13.7ms mean=16.8ms max=34.0ms] over[16ms=44 50ms=0 100ms=0 250ms=0]
05-18 12:32:17.041 11901 11918 I wasm_android_host::pr..: wandr-profile: frame 208740 t+3555816ms  win[N=60 min=14.6ms mean=16.6ms max=19.8ms] over[16ms=44 50ms=0 100ms=0 250ms=0]
05-18 12:32:18.056 11901 11918 I wasm_android_host::pr..: wandr-profile: frame 208800 t+3556832ms  win[N=60 min=11.0ms mean=16.9ms max=36.7ms] over[16ms=37 50ms=0 100ms=0 250ms=0]
05-18 12:32:19.054 11901 11918 I wasm_android_host::pr..: wandr-profile: frame 208860 t+3557830ms  win[N=60 min=13.4ms mean=16.6ms max=20.4ms] over[16ms=43 50ms=0 100ms=0 250ms=0]
05-18 12:32:20.052 11901 11918 I wasm_android_host::pr..: wandr-profile: frame 208920 t+3558828ms  win[N=60 min=13.6ms mean=16.6ms max=19.7ms] over[16ms=45 50ms=0 100ms=0 250ms=0]
05-18 12:32:21.052 11901 11918 I wasm_android_host::pr..: wandr-profile: frame 208980 t+3559828ms  win[N=60 min=13.6ms mean=16.6ms max=19.6ms] over[16ms=47 50ms=0 100ms=0 250ms=0]
05-18 12:32:22.065 11901 11918 I wasm_android_host::pr..: wandr-profile: frame 209040 t+3560841ms  win[N=60 min=13.9ms mean=16.8ms max=33.9ms] over[16ms=46 50ms=0 100ms=0 250ms=0]
05-18 12:32:23.063 11901 11918 I wasm_android_host::pr..: wandr-profile: frame 209100 t+3561839ms  win[N=60 min=14.2ms mean=16.6ms max=20.4ms] over[16ms=42 50ms=0 100ms=0 250ms=0]
05-18 12:32:24.061 11901 11918 I wasm_android_host::pr..: wandr-profile: frame 209160 t+3562837ms  win[N=60 min=14.0ms mean=16.6ms max=19.2ms] over[16ms=43 50ms=0 100ms=0 250ms=0]
05-18 12:32:25.061 11901 11918 I wasm_android_host::pr..: wandr-profile: frame 209220 t+3563836ms  win[N=60 min=14.1ms mean=16.6ms max=20.4ms] over[16ms=39 50ms=0 100ms=0 250ms=0]
05-18 12:32:26.059 11901 11918 I wasm_android_host::pr..: wandr-profile: frame 209280 t+3564835ms  win[N=60 min=14.5ms mean=16.6ms max=19.0ms] over[16ms=42 50ms=0 100ms=0 250ms=0]
05-18 12:32:27.057 11901 11918 I wasm_android_host::pr..: wandr-profile: frame 209340 t+3565833ms  win[N=60 min=14.5ms mean=16.6ms max=20.4ms] over[16ms=45 50ms=0 100ms=0 250ms=0]
05-18 12:32:28.058 11901 11918 I wasm_android_host::pr..: wandr-profile: frame 209400 t+3566834ms  win[N=60 min=14.1ms mean=16.6ms max=21.0ms] over[16ms=42 50ms=0 100ms=0 250ms=0]
05-18 12:32:29.054 11901 11918 I wasm_android_host::pr..: wandr-profile: frame 209460 t+3567830ms  win[N=60 min=13.9ms mean=16.5ms max=20.4ms] over[16ms=44 50ms=0 100ms=0 250ms=0]
05-18 12:32:30.054 11901 11918 I wasm_android_host::pr..: wandr-profile: frame 209520 t+3568830ms  win[N=60 min=14.4ms mean=16.6ms max=19.5ms] over[16ms=40 50ms=0 100ms=0 250ms=0]
05-18 12:32:31.052 11901 11918 I wasm_android_host::pr..: wandr-profile: frame 209580 t+3569827ms  win[N=60 min=13.7ms mean=16.6ms max=20.0ms] over[16ms=46 50ms=0 100ms=0 250ms=0]
05-18 12:32:32.085 11901 11918 I wasm_android_host::pr..: wandr-profile: frame 209640 t+3570861ms  win[N=60 min=14.7ms mean=17.2ms max=36.9ms] over[16ms=46 50ms=0 100ms=0 250ms=0]
05-18 12:32:33.065 11901 11918 I wasm_android_host::pr..: wandr-profile: frame 209700 t+3571840ms  win[N=60 min=10.9ms mean=16.3ms max=19.9ms] over[16ms=40 50ms=0 100ms=0 250ms=0]
05-18 12:32:34.079 11901 11918 I wasm_android_host::pr..: wandr-profile: frame 209760 t+3572855ms  win[N=60 min=12.1ms mean=16.8ms max=35.3ms] over[16ms=43 50ms=0 100ms=0 250ms=0]
05-18 12:32:35.096 11901 11918 I wasm_android_host::pr..: wandr-profile: frame 209820 t+3573872ms  win[N=60 min=11.0ms mean=16.9ms max=37.4ms] over[16ms=39 50ms=0 100ms=0 250ms=0]
05-18 12:32:36.093 11901 11918 I wasm_android_host::pr..: wandr-profile: frame 209880 t+3574869ms  win[N=60 min=14.3ms mean=16.6ms max=19.1ms] over[16ms=45 50ms=0 100ms=0 250ms=0]
05-18 12:32:37.109 11901 11918 I wasm_android_host::pr..: wandr-profile: frame 209940 t+3575885ms  win[N=60 min=11.5ms mean=16.9ms max=34.8ms] over[16ms=45 50ms=0 100ms=0 250ms=0]
05-18 12:32:38.108 11901 11918 I wasm_android_host::pr..: wandr-profile: frame 210000 t+3576883ms  win[N=60 min=14.5ms mean=16.6ms max=20.7ms] over[16ms=45 50ms=0 100ms=0 250ms=0]
05-18 12:32:39.104 11901 11918 I wasm_android_host::pr..: wandr-profile: frame 210060 t+3577880ms  win[N=60 min=14.2ms mean=16.5ms max=20.2ms] over[16ms=45 50ms=0 100ms=0 250ms=0]
05-18 12:32:40.103 11901 11918 I wasm_android_host::pr..: wandr-profile: frame 210120 t+3578878ms  win[N=60 min=14.2ms mean=16.6ms max=19.2ms] over[16ms=43 50ms=0 100ms=0 250ms=0]
05-18 12:32:41.101 11901 11918 I wasm_android_host::pr..: wandr-profile: frame 210180 t+3579876ms  win[N=60 min=13.9ms mean=16.6ms max=20.2ms] over[16ms=42 50ms=0 100ms=0 250ms=0]
05-18 12:32:42.124 11901 11918 I wasm_android_host::pr..: wandr-profile: frame 210240 t+3580899ms  win[N=60 min=11.5ms mean=17.0ms max=32.7ms] over[16ms=42 50ms=0 100ms=0 250ms=0]
05-18 12:32:43.116 11901 11918 I wasm_android_host::pr..: wandr-profile: frame 210300 t+3581891ms  win[N=60 min=11.1ms mean=16.5ms max=19.8ms] over[16ms=47 50ms=0 100ms=0 250ms=0]
05-18 12:32:44.113 11901 11918 I wasm_android_host::pr..: wandr-profile: frame 210360 t+3582888ms  win[N=60 min=14.1ms mean=16.5ms max=19.5ms] over[16ms=40 50ms=0 100ms=0 250ms=0]
05-18 12:32:45.112 11901 11918 I wasm_android_host::pr..: wandr-profile: frame 210420 t+3583887ms  win[N=60 min=14.3ms mean=16.6ms max=20.9ms] over[16ms=43 50ms=0 100ms=0 250ms=0]
05-18 12:32:46.110 11901 11918 I wasm_android_host::pr..: wandr-profile: frame 210480 t+3584886ms  win[N=60 min=14.4ms mean=16.6ms max=18.6ms] over[16ms=46 50ms=0 100ms=0 250ms=0]
05-18 12:32:47.108 11901 11918 I wasm_android_host::pr..: wandr-profile: frame 210540 t+3585883ms  win[N=60 min=14.0ms mean=16.6ms max=20.7ms] over[16ms=43 50ms=0 100ms=0 250ms=0]
05-18 12:32:48.105 11901 11918 I wasm_android_host::pr..: wandr-profile: frame 210600 t+3586881ms  win[N=60 min=13.9ms mean=16.6ms max=19.1ms] over[16ms=46 50ms=0 100ms=0 250ms=0]
05-18 12:32:49.104 11901 11918 I wasm_android_host::pr..: wandr-profile: frame 210660 t+3587880ms  win[N=60 min=13.8ms mean=16.6ms max=20.6ms] over[16ms=43 50ms=0 100ms=0 250ms=0]
05-18 12:32:50.102 11901 11918 I wasm_android_host::pr..: wandr-profile: frame 210720 t+3588878ms  win[N=60 min=14.4ms mean=16.6ms max=19.8ms] over[16ms=44 50ms=0 100ms=0 250ms=0]
05-18 12:32:51.119 11901 11918 I wasm_android_host::pr..: wandr-profile: frame 210780 t+3589895ms  win[N=60 min=14.1ms mean=16.9ms max=32.8ms] over[16ms=44 50ms=0 100ms=0 250ms=0]
05-18 12:32:52.134 11901 11918 I wasm_android_host::pr..: wandr-profile: frame 210840 t+3590909ms  win[N=60 min=11.3ms mean=16.8ms max=34.6ms] over[16ms=45 50ms=0 100ms=0 250ms=0]
05-18 12:32:53.132 11901 11918 I wasm_android_host::pr..: wandr-profile: frame 210900 t+3591908ms  win[N=60 min=14.1ms mean=16.6ms max=20.3ms] over[16ms=44 50ms=0 100ms=0 250ms=0]
05-18 12:32:54.145 11901 11918 I wasm_android_host::pr..: wandr-profile: frame 210960 t+3592921ms  win[N=60 min=14.0ms mean=16.8ms max=32.4ms] over[16ms=43 50ms=0 100ms=0 250ms=0]
05-18 12:32:55.143 11901 11918 I wasm_android_host::pr..: wandr-profile: frame 211020 t+3593919ms  win[N=60 min=13.0ms mean=16.6ms max=20.4ms] over[16ms=41 50ms=0 100ms=0 250ms=0]
05-18 12:32:56.142 11901 11918 I wasm_android_host::pr..: wandr-profile: frame 211080 t+3594917ms  win[N=60 min=14.4ms mean=16.6ms max=18.8ms] over[16ms=45 50ms=0 100ms=0 250ms=0]
05-18 12:32:57.140 11901 11918 I wasm_android_host::pr..: wandr-profile: frame 211140 t+3595916ms  win[N=60 min=12.5ms mean=16.6ms max=20.7ms] over[16ms=42 50ms=0 100ms=0 250ms=0]
05-18 12:32:58.138 11901 11918 I wasm_android_host::pr..: wandr-profile: frame 211200 t+3596914ms  win[N=60 min=14.8ms mean=16.6ms max=19.5ms] over[16ms=44 50ms=0 100ms=0 250ms=0]
05-18 12:32:59.136 11901 11918 I wasm_android_host::pr..: wandr-profile: frame 211260 t+3597912ms  win[N=60 min=14.4ms mean=16.6ms max=20.2ms] over[16ms=44 50ms=0 100ms=0 250ms=0]
05-18 12:33:00.138 11901 11918 I wasm_android_host::pr..: wandr-profile: frame 211320 t+3598914ms  win[N=60 min=13.7ms mean=16.6ms max=20.0ms] over[16ms=43 50ms=0 100ms=0 250ms=0]
05-18 12:33:01.133 11901 11918 I wasm_android_host::pr..: wandr-profile: frame 211380 t+3599909ms  win[N=60 min=13.3ms mean=16.5ms max=20.8ms] over[16ms=41 50ms=0 100ms=0 250ms=0]
05-18 12:33:02.133 11901 11918 I wasm_android_host::pr..: wandr-profile: frame 211440 t+3600908ms  win[N=60 min=14.1ms mean=16.6ms max=20.1ms] over[16ms=45 50ms=0 100ms=0 250ms=0]
05-18 12:33:03.132 11901 11918 I wasm_android_host::pr..: wandr-profile: frame 211500 t+3601907ms  win[N=60 min=12.9ms mean=16.6ms max=20.8ms] over[16ms=42 50ms=0 100ms=0 250ms=0]
05-18 12:33:04.129 11901 11918 I wasm_android_host::pr..: wandr-profile: frame 211560 t+3602905ms  win[N=60 min=13.9ms mean=16.6ms max=19.4ms] over[16ms=45 50ms=0 100ms=0 250ms=0]
05-18 12:33:05.128 11901 11918 I wasm_android_host::pr..: wandr-profile: frame 211620 t+3603904ms  win[N=60 min=14.6ms mean=16.6ms max=20.7ms] over[16ms=42 50ms=0 100ms=0 250ms=0]
05-18 12:33:06.126 11901 11918 I wasm_android_host::pr..: wandr-profile: frame 211680 t+3604902ms  win[N=60 min=14.5ms mean=16.6ms max=19.4ms] over[16ms=45 50ms=0 100ms=0 250ms=0]
05-18 12:33:07.123 11901 11918 I wasm_android_host::pr..: wandr-profile: frame 211740 t+3605899ms  win[N=60 min=13.1ms mean=16.5ms max=21.5ms] over[16ms=39 50ms=0 100ms=0 250ms=0]
05-18 12:33:08.121 11901 11918 I wasm_android_host::pr..: wandr-profile: frame 211800 t+3606897ms  win[N=60 min=12.4ms mean=16.6ms max=21.1ms] over[16ms=43 50ms=0 100ms=0 250ms=0]
05-18 12:33:09.120 11901 11918 I wasm_android_host::pr..: wandr-profile: frame 211860 t+3607895ms  win[N=60 min=12.7ms mean=16.6ms max=20.7ms] over[16ms=42 50ms=0 100ms=0 250ms=0]
05-18 12:33:10.118 11901 11918 I wasm_android_host::pr..: wandr-profile: frame 211920 t+3608894ms  win[N=60 min=14.0ms mean=16.6ms max=19.1ms] over[16ms=48 50ms=0 100ms=0 250ms=0]
05-18 12:33:11.116 11901 11918 I wasm_android_host::pr..: wandr-profile: frame 211980 t+3609892ms  win[N=60 min=14.7ms mean=16.6ms max=19.6ms] over[16ms=47 50ms=0 100ms=0 250ms=0]
05-18 12:33:12.116 11901 11918 I wasm_android_host::pr..: wandr-profile: frame 212040 t+3610892ms  win[N=60 min=14.8ms mean=16.6ms max=18.8ms] over[16ms=48 50ms=0 100ms=0 250ms=0]
05-18 12:33:13.113 11901 11918 I wasm_android_host::pr..: wandr-profile: frame 212100 t+3611889ms  win[N=60 min=14.5ms mean=16.5ms max=20.5ms] over[16ms=46 50ms=0 100ms=0 250ms=0]
05-18 12:33:14.113 11901 11918 I wasm_android_host::pr..: wandr-profile: frame 212160 t+3612889ms  win[N=60 min=13.9ms mean=16.6ms max=20.1ms] over[16ms=43 50ms=0 100ms=0 250ms=0]
05-18 12:33:15.111 11901 11918 I wasm_android_host::pr..: wandr-profile: frame 212220 t+3613887ms  win[N=60 min=12.7ms mean=16.6ms max=20.7ms] over[16ms=39 50ms=0 100ms=0 250ms=0]
05-18 12:33:16.109 11901 11918 I wasm_android_host::pr..: wandr-profile: frame 212280 t+3614885ms  win[N=60 min=13.6ms mean=16.6ms max=20.0ms] over[16ms=43 50ms=0 100ms=0 250ms=0]
05-18 12:33:17.108 11901 11918 I wasm_android_host::pr..: wandr-profile: frame 212340 t+3615884ms  win[N=60 min=13.5ms mean=16.6ms max=20.7ms] over[16ms=48 50ms=0 100ms=0 250ms=0]
05-18 12:33:18.106 11901 11918 I wasm_android_host::pr..: wandr-profile: frame 212400 t+3616882ms  win[N=60 min=14.0ms mean=16.6ms max=19.9ms] over[16ms=42 50ms=0 100ms=0 250ms=0]
05-18 12:33:19.103 11901 11918 I wasm_android_host::pr..: wandr-profile: frame 212460 t+3617879ms  win[N=60 min=14.2ms mean=16.6ms max=20.9ms] over[16ms=42 50ms=0 100ms=0 250ms=0]
05-18 12:33:20.101 11901 11918 I wasm_android_host::pr..: wandr-profile: frame 212520 t+3618877ms  win[N=60 min=14.0ms mean=16.6ms max=19.5ms] over[16ms=44 50ms=0 100ms=0 250ms=0]
05-18 12:33:21.100 11901 11918 I wasm_android_host::pr..: wandr-profile: frame 212580 t+3619875ms  win[N=60 min=13.9ms mean=16.6ms max=19.9ms] over[16ms=45 50ms=0 100ms=0 250ms=0]
05-18 12:33:22.098 11901 11918 I wasm_android_host::pr..: wandr-profile: frame 212640 t+3620873ms  win[N=60 min=13.7ms mean=16.6ms max=19.5ms] over[16ms=43 50ms=0 100ms=0 250ms=0]
05-18 12:33:23.096 11901 11918 I wasm_android_host::pr..: wandr-profile: frame 212700 t+3621872ms  win[N=60 min=14.5ms mean=16.6ms max=20.7ms] over[16ms=41 50ms=0 100ms=0 250ms=0]
05-18 12:33:24.095 11901 11918 I wasm_android_host::pr..: wandr-profile: frame 212760 t+3622870ms  win[N=60 min=14.0ms mean=16.6ms max=19.4ms] over[16ms=45 50ms=0 100ms=0 250ms=0]
05-18 12:33:25.095 11901 11918 I wasm_android_host::pr..: wandr-profile: frame 212820 t+3623871ms  win[N=60 min=14.3ms mean=16.6ms max=20.1ms] over[16ms=41 50ms=0 100ms=0 250ms=0]
05-18 12:33:26.093 11901 11918 I wasm_android_host::pr..: wandr-profile: frame 212880 t+3624868ms  win[N=60 min=14.0ms mean=16.6ms max=19.6ms] over[16ms=42 50ms=0 100ms=0 250ms=0]
05-18 12:33:27.091 11901 11918 I wasm_android_host::pr..: wandr-profile: frame 212940 t+3625867ms  win[N=60 min=14.2ms mean=16.6ms max=20.5ms] over[16ms=45 50ms=0 100ms=0 250ms=0]
05-18 12:33:28.089 11901 11918 I wasm_android_host::pr..: wandr-profile: frame 213000 t+3626865ms  win[N=60 min=14.3ms mean=16.6ms max=20.5ms] over[16ms=45 50ms=0 100ms=0 250ms=0]
05-18 12:33:29.088 11901 11918 I wasm_android_host::pr..: wandr-profile: frame 213060 t+3627863ms  win[N=60 min=14.1ms mean=16.6ms max=20.5ms] over[16ms=43 50ms=0 100ms=0 250ms=0]
05-18 12:33:30.084 11901 11918 I wasm_android_host::pr..: wandr-profile: frame 213120 t+3628860ms  win[N=60 min=14.1ms mean=16.5ms max=20.5ms] over[16ms=42 50ms=0 100ms=0 250ms=0]
05-18 12:33:31.083 11901 11918 I wasm_android_host::pr..: wandr-profile: frame 213180 t+3629859ms  win[N=60 min=14.5ms mean=16.6ms max=20.5ms] over[16ms=43 50ms=0 100ms=0 250ms=0]
05-18 12:33:32.098 11901 11918 I wasm_android_host::pr..: wandr-profile: frame 213240 t+3630873ms  win[N=60 min=11.1ms mean=16.8ms max=37.3ms] over[16ms=43 50ms=0 100ms=0 250ms=0]
05-18 12:33:33.098 11901 11918 I wasm_android_host::pr..: wandr-profile: frame 213300 t+3631874ms  win[N=60 min=13.4ms mean=16.6ms max=20.8ms] over[16ms=48 50ms=0 100ms=0 250ms=0]
05-18 12:33:34.112 11901 11918 I wasm_android_host::pr..: wandr-profile: frame 213360 t+3632888ms  win[N=60 min=13.8ms mean=16.8ms max=34.2ms] over[16ms=40 50ms=0 100ms=0 250ms=0]
05-18 12:33:35.109 11901 11918 I wasm_android_host::pr..: wandr-profile: frame 213420 t+3633885ms  win[N=60 min=14.2ms mean=16.6ms max=20.7ms] over[16ms=41 50ms=0 100ms=0 250ms=0]
05-18 12:33:36.109 11901 11918 I wasm_android_host::pr..: wandr-profile: frame 213480 t+3634885ms  win[N=60 min=14.2ms mean=16.6ms max=20.0ms] over[16ms=44 50ms=0 100ms=0 250ms=0]
05-18 12:33:37.107 11901 11918 I wasm_android_host::pr..: wandr-profile: frame 213540 t+3635883ms  win[N=60 min=13.3ms mean=16.6ms max=21.4ms] over[16ms=41 50ms=0 100ms=0 250ms=0]
05-18 12:33:38.104 11901 11918 I wasm_android_host::pr..: wandr-profile: frame 213600 t+3636880ms  win[N=60 min=14.3ms mean=16.6ms max=18.8ms] over[16ms=47 50ms=0 100ms=0 250ms=0]
05-18 12:33:39.103 11901 11918 I wasm_android_host::pr..: wandr-profile: frame 213660 t+3637878ms  win[N=60 min=13.3ms mean=16.6ms max=19.8ms] over[16ms=43 50ms=0 100ms=0 250ms=0]
05-18 12:33:40.101 11901 11918 I wasm_android_host::pr..: wandr-profile: frame 213720 t+3638877ms  win[N=60 min=14.2ms mean=16.6ms max=20.2ms] over[16ms=44 50ms=0 100ms=0 250ms=0]
05-18 12:33:41.099 11901 11918 I wasm_android_host::pr..: wandr-profile: frame 213780 t+3639875ms  win[N=60 min=12.6ms mean=16.6ms max=20.8ms] over[16ms=43 50ms=0 100ms=0 250ms=0]
05-18 12:33:42.098 11901 11918 I wasm_android_host::pr..: wandr-profile: frame 213840 t+3640873ms  win[N=60 min=14.1ms mean=16.6ms max=20.3ms] over[16ms=45 50ms=0 100ms=0 250ms=0]
05-18 12:33:43.113 11901 11918 I wasm_android_host::pr..: wandr-profile: frame 213900 t+3641888ms  win[N=60 min=11.1ms mean=16.9ms max=28.8ms] over[16ms=41 50ms=0 100ms=0 250ms=0]
05-18 12:33:44.113 11901 11918 I wasm_android_host::pr..: wandr-profile: frame 213960 t+3642888ms  win[N=60 min=13.7ms mean=16.6ms max=20.0ms] over[16ms=44 50ms=0 100ms=0 250ms=0]
05-18 12:33:45.111 11901 11918 I wasm_android_host::pr..: wandr-profile: frame 214020 t+3643886ms  win[N=60 min=13.1ms mean=16.6ms max=20.1ms] over[16ms=39 50ms=0 100ms=0 250ms=0]
05-18 12:33:46.109 11901 11918 I wasm_android_host::pr..: wandr-profile: frame 214080 t+3644885ms  win[N=60 min=13.7ms mean=16.6ms max=19.9ms] over[16ms=44 50ms=0 100ms=0 250ms=0]
05-18 12:33:47.108 11901 11918 I wasm_android_host::pr..: wandr-profile: frame 214140 t+3645883ms  win[N=60 min=14.2ms mean=16.6ms max=20.6ms] over[16ms=45 50ms=0 100ms=0 250ms=0]
05-18 12:33:48.104 11901 11918 I wasm_android_host::pr..: wandr-profile: frame 214200 t+3646880ms  win[N=60 min=13.4ms mean=16.5ms max=19.7ms] over[16ms=43 50ms=0 100ms=0 250ms=0]
05-18 12:33:49.103 11901 11918 I wasm_android_host::pr..: wandr-profile: frame 214260 t+3647879ms  win[N=60 min=13.1ms mean=16.6ms max=20.1ms] over[16ms=40 50ms=0 100ms=0 250ms=0]
05-18 12:33:50.118 11901 11918 I wasm_android_host::pr..: wandr-profile: frame 214320 t+3648894ms  win[N=60 min=13.8ms mean=16.9ms max=32.8ms] over[16ms=48 50ms=0 100ms=0 250ms=0]
05-18 12:33:51.133 11901 11918 I wasm_android_host::pr..: wandr-profile: frame 214380 t+3649908ms  win[N=60 min=14.6ms mean=16.8ms max=33.9ms] over[16ms=44 50ms=0 100ms=0 250ms=0]
05-18 12:33:52.132 11901 11918 I wasm_android_host::pr..: wandr-profile: frame 214440 t+3650908ms  win[N=60 min=13.9ms mean=16.6ms max=20.2ms] over[16ms=48 50ms=0 100ms=0 250ms=0]
05-18 12:33:53.131 11901 11918 I wasm_android_host::pr..: wandr-profile: frame 214500 t+3651907ms  win[N=60 min=14.2ms mean=16.6ms max=18.8ms] over[16ms=47 50ms=0 100ms=0 250ms=0]
05-18 12:33:54.129 11901 11918 I wasm_android_host::pr..: wandr-profile: frame 214560 t+3652905ms  win[N=60 min=14.2ms mean=16.6ms max=20.2ms] over[16ms=46 50ms=0 100ms=0 250ms=0]
05-18 12:33:55.126 11901 11918 I wasm_android_host::pr..: wandr-profile: frame 214620 t+3653902ms  win[N=60 min=14.3ms mean=16.5ms max=20.7ms] over[16ms=42 50ms=0 100ms=0 250ms=0]
05-18 12:33:56.124 11901 11918 I wasm_android_host::pr..: wandr-profile: frame 214680 t+3654900ms  win[N=60 min=13.6ms mean=16.6ms max=20.4ms] over[16ms=43 50ms=0 100ms=0 250ms=0]
05-18 12:33:57.122 11901 11918 I wasm_android_host::pr..: wandr-profile: frame 214740 t+3655898ms  win[N=60 min=13.1ms mean=16.6ms max=20.1ms] over[16ms=43 50ms=0 100ms=0 250ms=0]
05-18 12:33:58.121 11901 11918 I wasm_android_host::pr..: wandr-profile: frame 214800 t+3656897ms  win[N=60 min=13.6ms mean=16.6ms max=20.4ms] over[16ms=44 50ms=0 100ms=0 250ms=0]
05-18 12:33:59.159 11901 11918 I wasm_android_host::pr..: wandr-profile: frame 214860 t+3657935ms  win[N=60 min=12.4ms mean=17.2ms max=37.3ms] over[16ms=45 50ms=0 100ms=0 250ms=0]
05-18 12:34:00.134 11901 11918 I wasm_android_host::pr..: wandr-profile: frame 214920 t+3658910ms  win[N=60 min=10.9ms mean=16.2ms max=19.7ms] over[16ms=40 50ms=0 100ms=0 250ms=0]
05-18 12:34:01.134 11901 11918 I wasm_android_host::pr..: wandr-profile: frame 214980 t+3659910ms  win[N=60 min=14.0ms mean=16.6ms max=19.4ms] over[16ms=45 50ms=0 100ms=0 250ms=0]
05-18 12:34:02.132 11901 11918 I wasm_android_host::pr..: wandr-profile: frame 215040 t+3660908ms  win[N=60 min=14.0ms mean=16.6ms max=21.0ms] over[16ms=43 50ms=0 100ms=0 250ms=0]
05-18 12:34:03.147 11901 11918 I wasm_android_host::pr..: wandr-profile: frame 215100 t+3661923ms  win[N=60 min=14.5ms mean=16.9ms max=35.4ms] over[16ms=43 50ms=0 100ms=0 250ms=0]
05-18 12:34:04.144 11901 11918 I wasm_android_host::pr..: wandr-profile: frame 215160 t+3662920ms  win[N=60 min=13.9ms mean=16.6ms max=20.1ms] over[16ms=44 50ms=0 100ms=0 250ms=0]
05-18 12:34:05.159 11901 11918 I wasm_android_host::pr..: wandr-profile: frame 215220 t+3663935ms  win[N=60 min=11.3ms mean=16.9ms max=35.6ms] over[16ms=42 50ms=0 100ms=0 250ms=0]
05-18 12:34:06.157 11901 11918 I wasm_android_host::pr..: wandr-profile: frame 215280 t+3664933ms  win[N=60 min=14.7ms mean=16.6ms max=18.5ms] over[16ms=49 50ms=0 100ms=0 250ms=0]
05-18 12:34:07.155 11901 11918 I wasm_android_host::pr..: wandr-profile: frame 215340 t+3665931ms  win[N=60 min=13.0ms mean=16.6ms max=20.4ms] over[16ms=44 50ms=0 100ms=0 250ms=0]
05-18 12:34:08.154 11901 11918 I wasm_android_host::pr..: wandr-profile: frame 215400 t+3666930ms  win[N=60 min=13.4ms mean=16.6ms max=20.3ms] over[16ms=42 50ms=0 100ms=0 250ms=0]
05-18 12:34:09.152 11901 11918 I wasm_android_host::pr..: wandr-profile: frame 215460 t+3667928ms  win[N=60 min=12.6ms mean=16.6ms max=20.7ms] over[16ms=46 50ms=0 100ms=0 250ms=0]
05-18 12:34:10.152 11901 11918 I wasm_android_host::pr..: wandr-profile: frame 215520 t+3668928ms  win[N=60 min=12.8ms mean=16.6ms max=20.4ms] over[16ms=45 50ms=0 100ms=0 250ms=0]
05-18 12:34:11.150 11901 11918 I wasm_android_host::pr..: wandr-profile: frame 215580 t+3669926ms  win[N=60 min=14.6ms mean=16.6ms max=19.2ms] over[16ms=41 50ms=0 100ms=0 250ms=0]
05-18 12:34:12.149 11901 11918 I wasm_android_host::pr..: wandr-profile: frame 215640 t+3670924ms  win[N=60 min=14.0ms mean=16.6ms max=20.5ms] over[16ms=44 50ms=0 100ms=0 250ms=0]
05-18 12:34:13.147 11901 11918 I wasm_android_host::pr..: wandr-profile: frame 215700 t+3671923ms  win[N=60 min=14.6ms mean=16.6ms max=19.6ms] over[16ms=45 50ms=0 100ms=0 250ms=0]
05-18 12:34:14.144 11901 11918 I wasm_android_host::pr..: wandr-profile: frame 215760 t+3672920ms  win[N=60 min=14.6ms mean=16.6ms max=20.6ms] over[16ms=43 50ms=0 100ms=0 250ms=0]
05-18 12:34:15.142 11901 11918 I wasm_android_host::pr..: wandr-profile: frame 215820 t+3673918ms  win[N=60 min=14.2ms mean=16.6ms max=19.4ms] over[16ms=43 50ms=0 100ms=0 250ms=0]
05-18 12:34:16.141 11901 11918 I wasm_android_host::pr..: wandr-profile: frame 215880 t+3674916ms  win[N=60 min=13.1ms mean=16.6ms max=20.4ms] over[16ms=44 50ms=0 100ms=0 250ms=0]
05-18 12:34:17.139 11901 11918 I wasm_android_host::pr..: wandr-profile: frame 215940 t+3675914ms  win[N=60 min=14.5ms mean=16.6ms max=19.2ms] over[16ms=44 50ms=0 100ms=0 250ms=0]
05-18 12:34:18.138 11901 11918 I wasm_android_host::pr..: wandr-profile: frame 216000 t+3676914ms  win[N=60 min=13.7ms mean=16.6ms max=20.5ms] over[16ms=45 50ms=0 100ms=0 250ms=0]
05-18 12:34:19.139 11901 11918 I wasm_android_host::pr..: wandr-profile: frame 216060 t+3677914ms  win[N=60 min=13.9ms mean=16.6ms max=20.0ms] over[16ms=40 50ms=0 100ms=0 250ms=0]
05-18 12:34:20.134 11901 11918 I wasm_android_host::pr..: wandr-profile: frame 216120 t+3678909ms  win[N=60 min=13.8ms mean=16.5ms max=20.4ms] over[16ms=41 50ms=0 100ms=0 250ms=0]
05-18 12:34:21.133 11901 11918 I wasm_android_host::pr..: wandr-profile: frame 216180 t+3679908ms  win[N=60 min=14.1ms mean=16.6ms max=19.5ms] over[16ms=45 50ms=0 100ms=0 250ms=0]
05-18 12:34:22.134 11901 11918 I wasm_android_host::pr..: wandr-profile: frame 216240 t+3680910ms  win[N=60 min=13.2ms mean=16.6ms max=20.4ms] over[16ms=41 50ms=0 100ms=0 250ms=0]
05-18 12:34:23.132 11901 11918 I wasm_android_host::pr..: wandr-profile: frame 216300 t+3681908ms  win[N=60 min=13.4ms mean=16.6ms max=19.7ms] over[16ms=41 50ms=0 100ms=0 250ms=0]
05-18 12:34:24.129 11901 11918 I wasm_android_host::pr..: wandr-profile: frame 216360 t+3682904ms  win[N=60 min=14.3ms mean=16.5ms max=20.3ms] over[16ms=47 50ms=0 100ms=0 250ms=0]
05-18 12:34:25.127 11901 11918 I wasm_android_host::pr..: wandr-profile: frame 216420 t+3683902ms  win[N=60 min=14.0ms mean=16.6ms max=18.8ms] over[16ms=44 50ms=0 100ms=0 250ms=0]
05-18 12:34:26.124 11901 11918 I wasm_android_host::pr..: wandr-profile: frame 216480 t+3684899ms  win[N=60 min=12.4ms mean=16.6ms max=20.6ms] over[16ms=42 50ms=0 100ms=0 250ms=0]
05-18 12:34:27.122 11901 11918 I wasm_android_host::pr..: wandr-profile: frame 216540 t+3685898ms  win[N=60 min=14.2ms mean=16.6ms max=18.9ms] over[16ms=47 50ms=0 100ms=0 250ms=0]
05-18 12:34:28.120 11901 11918 I wasm_android_host::pr..: wandr-profile: frame 216600 t+3686896ms  win[N=60 min=14.0ms mean=16.6ms max=20.1ms] over[16ms=46 50ms=0 100ms=0 250ms=0]
05-18 12:34:29.119 11901 11918 I wasm_android_host::pr..: wandr-profile: frame 216660 t+3687894ms  win[N=60 min=14.3ms mean=16.6ms max=19.1ms] over[16ms=47 50ms=0 100ms=0 250ms=0]
05-18 12:34:30.117 11901 11918 I wasm_android_host::pr..: wandr-profile: frame 216720 t+3688893ms  win[N=60 min=14.4ms mean=16.6ms max=20.3ms] over[16ms=46 50ms=0 100ms=0 250ms=0]
05-18 12:34:31.115 11901 11918 I wasm_android_host::pr..: wandr-profile: frame 216780 t+3689891ms  win[N=60 min=14.2ms mean=16.6ms max=19.0ms] over[16ms=43 50ms=0 100ms=0 250ms=0]
05-18 12:34:32.114 11901 11918 I wasm_android_host::pr..: wandr-profile: frame 216840 t+3690890ms  win[N=60 min=14.4ms mean=16.6ms max=20.5ms] over[16ms=46 50ms=0 100ms=0 250ms=0]
05-18 12:34:33.114 11901 11918 I wasm_android_host::pr..: wandr-profile: frame 216900 t+3691889ms  win[N=60 min=14.8ms mean=16.6ms max=19.5ms] over[16ms=45 50ms=0 100ms=0 250ms=0]
05-18 12:34:34.112 11901 11918 I wasm_android_host::pr..: wandr-profile: frame 216960 t+3692887ms  win[N=60 min=14.2ms mean=16.6ms max=20.4ms] over[16ms=45 50ms=0 100ms=0 250ms=0]
05-18 12:34:35.112 11901 11918 I wasm_android_host::pr..: wandr-profile: frame 217020 t+3693888ms  win[N=60 min=14.7ms mean=16.6ms max=19.1ms] over[16ms=47 50ms=0 100ms=0 250ms=0]
05-18 12:34:36.108 11901 11918 I wasm_android_host::pr..: wandr-profile: frame 217080 t+3694884ms  win[N=60 min=13.5ms mean=16.5ms max=20.2ms] over[16ms=42 50ms=0 100ms=0 250ms=0]
05-18 12:34:37.105 11901 11918 I wasm_android_host::pr..: wandr-profile: frame 217140 t+3695881ms  win[N=60 min=14.3ms mean=16.6ms max=19.7ms] over[16ms=43 50ms=0 100ms=0 250ms=0]
05-18 12:34:38.104 11901 11918 I wasm_android_host::pr..: wandr-profile: frame 217200 t+3696879ms  win[N=60 min=13.0ms mean=16.6ms max=20.3ms] over[16ms=40 50ms=0 100ms=0 250ms=0]
05-18 12:34:39.102 11901 11918 I wasm_android_host::pr..: wandr-profile: frame 217260 t+3697878ms  win[N=60 min=14.4ms mean=16.6ms max=19.6ms] over[16ms=44 50ms=0 100ms=0 250ms=0]
05-18 12:34:40.100 11901 11918 I wasm_android_host::pr..: wandr-profile: frame 217320 t+3698876ms  win[N=60 min=14.2ms mean=16.6ms max=20.5ms] over[16ms=46 50ms=0 100ms=0 250ms=0]
05-18 12:34:41.115 11901 11918 I wasm_android_host::pr..: wandr-profile: frame 217380 t+3699891ms  win[N=60 min=10.9ms mean=16.8ms max=37.3ms] over[16ms=41 50ms=0 100ms=0 250ms=0]
05-18 12:34:42.114 11901 11918 I wasm_android_host::pr..: wandr-profile: frame 217440 t+3700889ms  win[N=60 min=13.2ms mean=16.6ms max=20.3ms] over[16ms=44 50ms=0 100ms=0 250ms=0]
05-18 12:34:43.113 11901 11918 I wasm_android_host::pr..: wandr-profile: frame 217500 t+3701889ms  win[N=60 min=14.3ms mean=16.6ms max=20.1ms] over[16ms=40 50ms=0 100ms=0 250ms=0]
05-18 12:34:44.112 11901 11918 I wasm_android_host::pr..: wandr-profile: frame 217560 t+3702887ms  win[N=60 min=14.7ms mean=16.6ms max=20.3ms] over[16ms=47 50ms=0 100ms=0 250ms=0]
05-18 12:34:45.110 11901 11918 I wasm_android_host::pr..: wandr-profile: frame 217620 t+3703886ms  win[N=60 min=14.3ms mean=16.6ms max=19.4ms] over[16ms=46 50ms=0 100ms=0 250ms=0]
05-18 12:34:46.107 11901 11918 I wasm_android_host::pr..: wandr-profile: frame 217680 t+3704883ms  win[N=60 min=13.3ms mean=16.5ms max=20.7ms] over[16ms=41 50ms=0 100ms=0 250ms=0]
05-18 12:34:47.122 11901 11918 I wasm_android_host::pr..: wandr-profile: frame 217740 t+3705898ms  win[N=60 min=14.6ms mean=16.9ms max=33.3ms] over[16ms=46 50ms=0 100ms=0 250ms=0]
05-18 12:34:48.120 11901 11918 I wasm_android_host::pr..: wandr-profile: frame 217800 t+3706896ms  win[N=60 min=13.4ms mean=16.6ms max=20.2ms] over[16ms=45 50ms=0 100ms=0 250ms=0]
05-18 12:34:49.118 11901 11918 I wasm_android_host::pr..: wandr-profile: frame 217860 t+3707894ms  win[N=60 min=14.2ms mean=16.6ms max=19.1ms] over[16ms=47 50ms=0 100ms=0 250ms=0]
05-18 12:34:50.117 11901 11918 I wasm_android_host::pr..: wandr-profile: frame 217920 t+3708892ms  win[N=60 min=14.5ms mean=16.6ms max=20.5ms] over[16ms=47 50ms=0 100ms=0 250ms=0]
05-18 12:34:51.115 11901 11918 I wasm_android_host::pr..: wandr-profile: frame 217980 t+3709891ms  win[N=60 min=14.1ms mean=16.6ms max=19.6ms] over[16ms=44 50ms=0 100ms=0 250ms=0]
05-18 12:34:52.114 11901 11918 I wasm_android_host::pr..: wandr-profile: frame 218040 t+3710889ms  win[N=60 min=14.1ms mean=16.6ms max=20.5ms] over[16ms=42 50ms=0 100ms=0 250ms=0]
05-18 12:34:53.130 11901 11918 I wasm_android_host::pr..: wandr-profile: frame 218100 t+3711906ms  win[N=60 min=11.3ms mean=16.9ms max=31.5ms] over[16ms=42 50ms=0 100ms=0 250ms=0]
05-18 12:34:54.128 11901 11918 I wasm_android_host::pr..: wandr-profile: frame 218160 t+3712904ms  win[N=60 min=13.2ms mean=16.6ms max=20.3ms] over[16ms=46 50ms=0 100ms=0 250ms=0]
05-18 12:34:55.126 11901 11918 I wasm_android_host::pr..: wandr-profile: frame 218220 t+3713902ms  win[N=60 min=14.7ms mean=16.6ms max=19.3ms] over[16ms=46 50ms=0 100ms=0 250ms=0]
05-18 12:34:56.123 11901 11918 I wasm_android_host::pr..: wandr-profile: frame 218280 t+3714899ms  win[N=60 min=14.0ms mean=16.6ms max=21.0ms] over[16ms=42 50ms=0 100ms=0 250ms=0]
05-18 12:34:57.138 11901 11918 I wasm_android_host::pr..: wandr-profile: frame 218340 t+3715914ms  win[N=60 min=11.2ms mean=16.8ms max=33.3ms] over[16ms=44 50ms=0 100ms=0 250ms=0]
05-18 12:34:58.138 11901 11918 I wasm_android_host::pr..: wandr-profile: frame 218400 t+3716914ms  win[N=60 min=13.0ms mean=16.6ms max=20.6ms] over[16ms=44 50ms=0 100ms=0 250ms=0]
05-18 12:34:59.135 11901 11918 I wasm_android_host::pr..: wandr-profile: frame 218460 t+3717911ms  win[N=60 min=14.0ms mean=16.5ms max=20.0ms] over[16ms=42 50ms=0 100ms=0 250ms=0]
05-18 12:35:00.133 11901 11918 I wasm_android_host::pr..: wandr-profile: frame 218520 t+3718909ms  win[N=60 min=13.5ms mean=16.6ms max=20.3ms] over[16ms=43 50ms=0 100ms=0 250ms=0]
05-18 12:35:01.132 11901 11918 I wasm_android_host::pr..: wandr-profile: frame 218580 t+3719908ms  win[N=60 min=13.9ms mean=16.6ms max=19.7ms] over[16ms=46 50ms=0 100ms=0 250ms=0]
05-18 12:35:02.131 11901 11918 I wasm_android_host::pr..: wandr-profile: frame 218640 t+3720907ms  win[N=60 min=14.4ms mean=16.6ms max=21.1ms] over[16ms=44 50ms=0 100ms=0 250ms=0]
05-18 12:35:03.145 11901 11918 I wasm_android_host::pr..: wandr-profile: frame 218700 t+3721920ms  win[N=60 min=11.3ms mean=16.8ms max=35.4ms] over[16ms=39 50ms=0 100ms=0 250ms=0]
05-18 12:35:04.143 11901 11918 I wasm_android_host::pr..: wandr-profile: frame 218760 t+3722918ms  win[N=60 min=14.3ms mean=16.6ms max=21.2ms] over[16ms=41 50ms=0 100ms=0 250ms=0]
05-18 12:35:05.141 11901 11918 I wasm_android_host::pr..: wandr-profile: frame 218820 t+3723917ms  win[N=60 min=13.8ms mean=16.6ms max=20.0ms] over[16ms=47 50ms=0 100ms=0 250ms=0]
05-18 12:35:06.139 11901 11918 I wasm_android_host::pr..: wandr-profile: frame 218880 t+3724915ms  win[N=60 min=14.2ms mean=16.6ms max=20.6ms] over[16ms=43 50ms=0 100ms=0 250ms=0]
05-18 12:35:07.158 11901 11918 I wasm_android_host::pr..: wandr-profile: frame 218940 t+3725934ms  win[N=60 min=10.9ms mean=16.9ms max=37.3ms] over[16ms=44 50ms=0 100ms=0 250ms=0]
05-18 12:35:08.153 11901 11918 I wasm_android_host::pr..: wandr-profile: frame 219000 t+3726928ms  win[N=60 min=14.3ms mean=16.5ms max=19.1ms] over[16ms=41 50ms=0 100ms=0 250ms=0]
05-18 12:35:09.153 11901 11918 I wasm_android_host::pr..: wandr-profile: frame 219060 t+3727928ms  win[N=60 min=14.0ms mean=16.6ms max=20.4ms] over[16ms=44 50ms=0 100ms=0 250ms=0]
05-18 12:35:10.151 11901 11918 I wasm_android_host::pr..: wandr-profile: frame 219120 t+3728927ms  win[N=60 min=13.8ms mean=16.6ms max=20.3ms] over[16ms=40 50ms=0 100ms=0 250ms=0]
05-18 12:35:11.149 11901 11918 I wasm_android_host::pr..: wandr-profile: frame 219180 t+3729924ms  win[N=60 min=13.1ms mean=16.6ms max=20.4ms] over[16ms=43 50ms=0 100ms=0 250ms=0]
05-18 12:35:12.163 11901 11918 I wasm_android_host::pr..: wandr-profile: frame 219240 t+3730938ms  win[N=60 min=14.3ms mean=16.8ms max=32.7ms] over[16ms=43 50ms=0 100ms=0 250ms=0]
05-18 12:35:13.178 11901 11918 I wasm_android_host::pr..: wandr-profile: frame 219300 t+3731953ms  win[N=60 min=11.2ms mean=16.9ms max=35.5ms] over[16ms=42 50ms=0 100ms=0 250ms=0]
05-18 12:35:14.178 11901 11918 I wasm_android_host::pr..: wandr-profile: frame 219360 t+3732954ms  win[N=60 min=14.9ms mean=16.6ms max=19.5ms] over[16ms=43 50ms=0 100ms=0 250ms=0]
05-18 12:35:15.174 11901 11918 I wasm_android_host::pr..: wandr-profile: frame 219420 t+3733950ms  win[N=60 min=13.3ms mean=16.5ms max=20.2ms] over[16ms=46 50ms=0 100ms=0 250ms=0]
05-18 12:35:16.173 11901 11918 I wasm_android_host::pr..: wandr-profile: frame 219480 t+3734948ms  win[N=60 min=13.5ms mean=16.6ms max=21.6ms] over[16ms=39 50ms=0 100ms=0 250ms=0]
05-18 12:35:17.172 11901 11918 I wasm_android_host::pr..: wandr-profile: frame 219540 t+3735948ms  win[N=60 min=13.3ms mean=16.6ms max=20.2ms] over[16ms=42 50ms=0 100ms=0 250ms=0]
05-18 12:35:18.170 11901 11918 I wasm_android_host::pr..: wandr-profile: frame 219600 t+3736946ms  win[N=60 min=14.6ms mean=16.6ms max=18.9ms] over[16ms=43 50ms=0 100ms=0 250ms=0]
05-18 12:35:19.169 11901 11918 I wasm_android_host::pr..: wandr-profile: frame 219660 t+3737945ms  win[N=60 min=14.5ms mean=16.6ms max=20.4ms] over[16ms=46 50ms=0 100ms=0 250ms=0]
05-18 12:35:20.182 11901 11918 I wasm_android_host::pr..: wandr-profile: frame 219720 t+3738958ms  win[N=60 min=14.0ms mean=16.8ms max=33.0ms] over[16ms=45 50ms=0 100ms=0 250ms=0]
05-18 12:35:21.181 11901 11918 I wasm_android_host::pr..: wandr-profile: frame 219780 t+3739956ms  win[N=60 min=13.1ms mean=16.6ms max=20.8ms] over[16ms=47 50ms=0 100ms=0 250ms=0]
05-18 12:35:22.179 11901 11918 I wasm_android_host::pr..: wandr-profile: frame 219840 t+3740955ms  win[N=60 min=14.1ms mean=16.6ms max=20.7ms] over[16ms=40 50ms=0 100ms=0 250ms=0]
05-18 12:35:23.177 11901 11918 I wasm_android_host::pr..: wandr-profile: frame 219900 t+3741953ms  win[N=60 min=14.0ms mean=16.6ms max=20.5ms] over[16ms=41 50ms=0 100ms=0 250ms=0]
05-18 12:35:24.175 11901 11918 I wasm_android_host::pr..: wandr-profile: frame 219960 t+3742951ms  win[N=60 min=14.5ms mean=16.6ms max=18.8ms] over[16ms=46 50ms=0 100ms=0 250ms=0]
05-18 12:35:25.174 11901 11918 I wasm_android_host::pr..: wandr-profile: frame 220020 t+3743950ms  win[N=60 min=13.5ms mean=16.6ms max=20.1ms] over[16ms=46 50ms=0 100ms=0 250ms=0]
05-18 12:35:26.189 11901 11918 I wasm_android_host::pr..: wandr-profile: frame 220080 t+3744965ms  win[N=60 min=14.7ms mean=16.8ms max=33.0ms] over[16ms=44 50ms=0 100ms=0 250ms=0]
05-18 12:35:27.189 11901 11918 I wasm_android_host::pr..: wandr-profile: frame 220140 t+3745965ms  win[N=60 min=14.1ms mean=16.6ms max=20.1ms] over[16ms=46 50ms=0 100ms=0 250ms=0]
05-18 12:35:28.188 11901 11918 I wasm_android_host::pr..: wandr-profile: frame 220200 t+3746963ms  win[N=60 min=13.3ms mean=16.6ms max=20.2ms] over[16ms=44 50ms=0 100ms=0 250ms=0]
05-18 12:35:29.184 11901 11918 I wasm_android_host::pr..: wandr-profile: frame 220260 t+3747960ms  win[N=60 min=13.8ms mean=16.5ms max=19.9ms] over[16ms=41 50ms=0 100ms=0 250ms=0]
05-18 12:35:30.183 11901 11918 I wasm_android_host::pr..: wandr-profile: frame 220320 t+3748959ms  win[N=60 min=14.4ms mean=16.6ms max=18.7ms] over[16ms=46 50ms=0 100ms=0 250ms=0]
05-18 12:35:31.181 11901 11918 I wasm_android_host::pr..: wandr-profile: frame 220380 t+3749957ms  win[N=60 min=13.7ms mean=16.6ms max=19.9ms] over[16ms=45 50ms=0 100ms=0 250ms=0]
05-18 12:35:32.179 11901 11918 I wasm_android_host::pr..: wandr-profile: frame 220440 t+3750955ms  win[N=60 min=14.5ms mean=16.6ms max=19.8ms] over[16ms=41 50ms=0 100ms=0 250ms=0]
05-18 12:35:33.179 11901 11918 I wasm_android_host::pr..: wandr-profile: frame 220500 t+3751954ms  win[N=60 min=13.3ms mean=16.6ms max=20.1ms] over[16ms=48 50ms=0 100ms=0 250ms=0]
05-18 12:35:34.176 11901 11918 I wasm_android_host::pr..: wandr-profile: frame 220560 t+3752952ms  win[N=60 min=14.8ms mean=16.6ms max=19.0ms] over[16ms=47 50ms=0 100ms=0 250ms=0]
05-18 12:35:35.176 11901 11918 I wasm_android_host::pr..: wandr-profile: frame 220620 t+3753952ms  win[N=60 min=14.2ms mean=16.6ms max=19.9ms] over[16ms=45 50ms=0 100ms=0 250ms=0]
05-18 12:35:36.191 11901 11918 I wasm_android_host::pr..: wandr-profile: frame 220680 t+3754967ms  win[N=60 min=11.1ms mean=16.8ms max=35.7ms] over[16ms=40 50ms=0 100ms=0 250ms=0]
05-18 12:35:37.204 11901 11918 I wasm_android_host::pr..: wandr-profile: frame 220740 t+3755980ms  win[N=60 min=14.2ms mean=16.8ms max=33.4ms] over[16ms=45 50ms=0 100ms=0 250ms=0]
05-18 12:35:38.202 11901 11918 I wasm_android_host::pr..: wandr-profile: frame 220800 t+3756978ms  win[N=60 min=14.4ms mean=16.6ms max=18.7ms] over[16ms=45 50ms=0 100ms=0 250ms=0]
05-18 12:35:39.201 11901 11918 I wasm_android_host::pr..: wandr-profile: frame 220860 t+3757977ms  win[N=60 min=13.7ms mean=16.6ms max=20.4ms] over[16ms=45 50ms=0 100ms=0 250ms=0]
05-18 12:35:40.199 11901 11918 I wasm_android_host::pr..: wandr-profile: frame 220920 t+3758975ms  win[N=60 min=14.3ms mean=16.6ms max=18.7ms] over[16ms=44 50ms=0 100ms=0 250ms=0]
05-18 12:35:41.214 11901 11918 I wasm_android_host::pr..: wandr-profile: frame 220980 t+3759990ms  win[N=60 min=14.1ms mean=16.9ms max=34.4ms] over[16ms=43 50ms=0 100ms=0 250ms=0]
05-18 12:35:42.213 11901 11918 I wasm_android_host::pr..: wandr-profile: frame 221040 t+3760988ms  win[N=60 min=14.6ms mean=16.6ms max=20.4ms] over[16ms=43 50ms=0 100ms=0 250ms=0]
05-18 12:35:43.212 11901 11918 I wasm_android_host::pr..: wandr-profile: frame 221100 t+3761988ms  win[N=60 min=14.5ms mean=16.6ms max=19.1ms] over[16ms=48 50ms=0 100ms=0 250ms=0]
05-18 12:35:44.211 11901 11918 I wasm_android_host::pr..: wandr-profile: frame 221160 t+3762987ms  win[N=60 min=14.6ms mean=16.6ms max=19.1ms] over[16ms=45 50ms=0 100ms=0 250ms=0]
05-18 12:35:45.209 11901 11918 I wasm_android_host::pr..: wandr-profile: frame 221220 t+3763985ms  win[N=60 min=14.1ms mean=16.6ms max=20.0ms] over[16ms=46 50ms=0 100ms=0 250ms=0]
05-18 12:35:46.207 11901 11918 I wasm_android_host::pr..: wandr-profile: frame 221280 t+3764983ms  win[N=60 min=14.7ms mean=16.6ms max=19.8ms] over[16ms=44 50ms=0 100ms=0 250ms=0]
05-18 12:35:47.204 11901 11918 I wasm_android_host::pr..: wandr-profile: frame 221340 t+3765980ms  win[N=60 min=14.3ms mean=16.6ms max=20.5ms] over[16ms=44 50ms=0 100ms=0 250ms=0]
05-18 12:35:48.222 11901 11918 I wasm_android_host::pr..: wandr-profile: frame 221400 t+3766998ms  win[N=60 min=14.3ms mean=16.9ms max=34.7ms] over[16ms=46 50ms=0 100ms=0 250ms=0]
05-18 12:35:49.218 11901 11918 I wasm_android_host::pr..: wandr-profile: frame 221460 t+3767993ms  win[N=60 min=11.3ms mean=16.5ms max=20.2ms] over[16ms=44 50ms=0 100ms=0 250ms=0]
05-18 12:35:50.218 11901 11918 I wasm_android_host::pr..: wandr-profile: frame 221520 t+3768994ms  win[N=60 min=13.7ms mean=16.6ms max=21.2ms] over[16ms=42 50ms=0 100ms=0 250ms=0]
05-18 12:35:51.214 11901 11918 I wasm_android_host::pr..: wandr-profile: frame 221580 t+3769990ms  win[N=60 min=14.5ms mean=16.5ms max=20.5ms] over[16ms=44 50ms=0 100ms=0 250ms=0]
05-18 12:35:52.229 11901 11918 I wasm_android_host::pr..: wandr-profile: frame 221640 t+3771004ms  win[N=60 min=12.7ms mean=16.8ms max=35.7ms] over[16ms=45 50ms=0 100ms=0 250ms=0]
05-18 12:35:53.229 11901 11918 I wasm_android_host::pr..: wandr-profile: frame 221700 t+3772005ms  win[N=60 min=14.5ms mean=16.6ms max=19.9ms] over[16ms=48 50ms=0 100ms=0 250ms=0]
05-18 12:35:54.227 11901 11918 I wasm_android_host::pr..: wandr-profile: frame 221760 t+3773003ms  win[N=60 min=14.4ms mean=16.6ms max=19.5ms] over[16ms=42 50ms=0 100ms=0 250ms=0]
05-18 12:35:55.224 11901 11918 I wasm_android_host::pr..: wandr-profile: frame 221820 t+3774000ms  win[N=60 min=13.6ms mean=16.6ms max=19.9ms] over[16ms=45 50ms=0 100ms=0 250ms=0]
05-18 12:35:56.239 11901 11918 I wasm_android_host::pr..: wandr-profile: frame 221880 t+3775015ms  win[N=60 min=12.5ms mean=16.8ms max=33.5ms] over[16ms=45 50ms=0 100ms=0 250ms=0]
05-18 12:35:57.237 11901 11918 I wasm_android_host::pr..: wandr-profile: frame 221940 t+3776013ms  win[N=60 min=13.3ms mean=16.6ms max=20.2ms] over[16ms=47 50ms=0 100ms=0 250ms=0]
05-18 12:35:58.236 11901 11918 I wasm_android_host::pr..: wandr-profile: frame 222000 t+3777012ms  win[N=60 min=14.2ms mean=16.6ms max=19.1ms] over[16ms=39 50ms=0 100ms=0 250ms=0]
05-18 12:35:59.234 11901 11918 I wasm_android_host::pr..: wandr-profile: frame 222060 t+3778009ms  win[N=60 min=13.5ms mean=16.6ms max=20.2ms] over[16ms=41 50ms=0 100ms=0 250ms=0]
05-18 12:36:00.232 11901 11918 I wasm_android_host::pr..: wandr-profile: frame 222120 t+3779008ms  win[N=60 min=14.8ms mean=16.6ms max=19.0ms] over[16ms=40 50ms=0 100ms=0 250ms=0]
05-18 12:36:01.232 11901 11918 I wasm_android_host::pr..: wandr-profile: frame 222180 t+3780008ms  win[N=60 min=13.3ms mean=16.6ms max=20.0ms] over[16ms=45 50ms=0 100ms=0 250ms=0]
05-18 12:36:02.230 11901 11918 I wasm_android_host::pr..: wandr-profile: frame 222240 t+3781006ms  win[N=60 min=14.7ms mean=16.6ms max=19.0ms] over[16ms=44 50ms=0 100ms=0 250ms=0]
05-18 12:36:03.229 11901 11918 I wasm_android_host::pr..: wandr-profile: frame 222300 t+3782005ms  win[N=60 min=14.4ms mean=16.6ms max=20.9ms] over[16ms=46 50ms=0 100ms=0 250ms=0]
05-18 12:36:04.225 11901 11918 I wasm_android_host::pr..: wandr-profile: frame 222360 t+3783001ms  win[N=60 min=14.2ms mean=16.5ms max=19.9ms] over[16ms=43 50ms=0 100ms=0 250ms=0]
05-18 12:36:05.224 11901 11918 I wasm_android_host::pr..: wandr-profile: frame 222420 t+3784000ms  win[N=60 min=12.7ms mean=16.6ms max=20.4ms] over[16ms=43 50ms=0 100ms=0 250ms=0]
05-18 12:36:06.222 11901 11918 I wasm_android_host::pr..: wandr-profile: frame 222480 t+3784998ms  win[N=60 min=12.5ms mean=16.6ms max=20.8ms] over[16ms=43 50ms=0 100ms=0 250ms=0]
05-18 12:36:07.221 11901 11918 I wasm_android_host::pr..: wandr-profile: frame 222540 t+3785996ms  win[N=60 min=13.6ms mean=16.6ms max=19.8ms] over[16ms=46 50ms=0 100ms=0 250ms=0]
05-18 12:36:08.219 11901 11918 I wasm_android_host::pr..: wandr-profile: frame 222600 t+3786994ms  win[N=60 min=14.0ms mean=16.6ms max=19.3ms] over[16ms=44 50ms=0 100ms=0 250ms=0]
05-18 12:36:09.217 11901 11918 I wasm_android_host::pr..: wandr-profile: frame 222660 t+3787993ms  win[N=60 min=14.0ms mean=16.6ms max=20.0ms] over[16ms=45 50ms=0 100ms=0 250ms=0]
05-18 12:36:10.218 11901 11918 I wasm_android_host::pr..: wandr-profile: frame 222720 t+3788994ms  win[N=60 min=14.6ms mean=16.6ms max=19.3ms] over[16ms=38 50ms=0 100ms=0 250ms=0]
05-18 12:36:11.214 11901 11918 I wasm_android_host::pr..: wandr-profile: frame 222780 t+3789990ms  win[N=60 min=14.7ms mean=16.5ms max=20.4ms] over[16ms=45 50ms=0 100ms=0 250ms=0]
05-18 12:36:12.214 11901 11918 I wasm_android_host::pr..: wandr-profile: frame 222840 t+3790990ms  win[N=60 min=14.8ms mean=16.6ms max=19.2ms] over[16ms=47 50ms=0 100ms=0 250ms=0]
05-18 12:36:13.212 11901 11918 I wasm_android_host::pr..: wandr-profile: frame 222900 t+3791988ms  win[N=60 min=13.9ms mean=16.6ms max=20.8ms] over[16ms=46 50ms=0 100ms=0 250ms=0]
05-18 12:36:14.227 11901 11918 I wasm_android_host::pr..: wandr-profile: frame 222960 t+3793003ms  win[N=60 min=14.3ms mean=16.9ms max=32.2ms] over[16ms=38 50ms=0 100ms=0 250ms=0]
05-18 12:36:15.224 11901 11918 I wasm_android_host::pr..: wandr-profile: frame 223020 t+3793999ms  win[N=60 min=14.3ms mean=16.5ms max=20.8ms] over[16ms=42 50ms=0 100ms=0 250ms=0]
05-18 12:36:16.222 11901 11918 I wasm_android_host::pr..: wandr-profile: frame 223080 t+3794998ms  win[N=60 min=12.7ms mean=16.6ms max=20.9ms] over[16ms=42 50ms=0 100ms=0 250ms=0]
05-18 12:36:17.220 11901 11918 I wasm_android_host::pr..: wandr-profile: frame 223140 t+3795996ms  win[N=60 min=14.1ms mean=16.6ms max=20.3ms] over[16ms=45 50ms=0 100ms=0 250ms=0]
05-18 12:36:18.219 11901 11918 I wasm_android_host::pr..: wandr-profile: frame 223200 t+3796995ms  win[N=60 min=14.5ms mean=16.6ms max=19.4ms] over[16ms=42 50ms=0 100ms=0 250ms=0]
05-18 12:36:19.218 11901 11918 I wasm_android_host::pr..: wandr-profile: frame 223260 t+3797993ms  win[N=60 min=14.1ms mean=16.6ms max=19.7ms] over[16ms=45 50ms=0 100ms=0 250ms=0]
05-18 12:36:20.234 11901 11918 I wasm_android_host::pr..: wandr-profile: frame 223320 t+3799010ms  win[N=60 min=14.1ms mean=16.9ms max=31.6ms] over[16ms=48 50ms=0 100ms=0 250ms=0]
05-18 12:36:21.233 11901 11918 I wasm_android_host::pr..: wandr-profile: frame 223380 t+3800008ms  win[N=60 min=14.0ms mean=16.6ms max=20.7ms] over[16ms=46 50ms=0 100ms=0 250ms=0]
05-18 12:36:22.231 11901 11918 I wasm_android_host::pr..: wandr-profile: frame 223440 t+3801006ms  win[N=60 min=14.8ms mean=16.6ms max=18.8ms] over[16ms=44 50ms=0 100ms=0 250ms=0]
05-18 12:36:23.229 11901 11918 I wasm_android_host::pr..: wandr-profile: frame 223500 t+3802005ms  win[N=60 min=14.2ms mean=16.6ms max=20.5ms] over[16ms=44 50ms=0 100ms=0 250ms=0]
05-18 12:36:24.227 11901 11918 I wasm_android_host::pr..: wandr-profile: frame 223560 t+3803003ms  win[N=60 min=14.4ms mean=16.6ms max=19.3ms] over[16ms=42 50ms=0 100ms=0 250ms=0]
05-18 12:36:25.224 11901 11918 I wasm_android_host::pr..: wandr-profile: frame 223620 t+3804000ms  win[N=60 min=13.8ms mean=16.6ms max=19.4ms] over[16ms=44 50ms=0 100ms=0 250ms=0]
05-18 12:36:26.239 11901 11918 I wasm_android_host::pr..: wandr-profile: frame 223680 t+3805014ms  win[N=60 min=11.3ms mean=16.9ms max=35.9ms] over[16ms=44 50ms=0 100ms=0 250ms=0]
05-18 12:36:27.237 11901 11918 I wasm_android_host::pr..: wandr-profile: frame 223740 t+3806013ms  win[N=60 min=13.9ms mean=16.6ms max=20.4ms] over[16ms=44 50ms=0 100ms=0 250ms=0]
05-18 12:36:28.253 11901 11918 I wasm_android_host::pr..: wandr-profile: frame 223800 t+3807028ms  win[N=60 min=11.4ms mean=16.9ms max=30.4ms] over[16ms=42 50ms=0 100ms=0 250ms=0]
05-18 12:36:29.252 11901 11918 I wasm_android_host::pr..: wandr-profile: frame 223860 t+3808028ms  win[N=60 min=13.5ms mean=16.6ms max=20.6ms] over[16ms=42 50ms=0 100ms=0 250ms=0]
05-18 12:36:30.267 11901 11918 I wasm_android_host::pr..: wandr-profile: frame 223920 t+3809043ms  win[N=60 min=14.1ms mean=16.9ms max=34.9ms] over[16ms=41 50ms=0 100ms=0 250ms=0]
05-18 12:36:31.264 11901 11918 I wasm_android_host::pr..: wandr-profile: frame 223980 t+3810040ms  win[N=60 min=13.6ms mean=16.5ms max=20.9ms] over[16ms=42 50ms=0 100ms=0 250ms=0]
05-18 12:36:32.262 11901 11918 I wasm_android_host::pr..: wandr-profile: frame 224040 t+3811038ms  win[N=60 min=14.8ms mean=16.6ms max=19.6ms] over[16ms=47 50ms=0 100ms=0 250ms=0]
05-18 12:36:33.260 11901 11918 I wasm_android_host::pr..: wandr-profile: frame 224100 t+3812036ms  win[N=60 min=14.0ms mean=16.6ms max=20.5ms] over[16ms=44 50ms=0 100ms=0 250ms=0]
05-18 12:36:34.259 11901 11918 I wasm_android_host::pr..: wandr-profile: frame 224160 t+3813035ms  win[N=60 min=14.7ms mean=16.6ms max=19.0ms] over[16ms=44 50ms=0 100ms=0 250ms=0]
05-18 12:36:35.257 11901 11918 I wasm_android_host::pr..: wandr-profile: frame 224220 t+3814033ms  win[N=60 min=14.4ms mean=16.6ms max=19.3ms] over[16ms=50 50ms=0 100ms=0 250ms=0]
05-18 12:36:36.274 11901 11918 I wasm_android_host::pr..: wandr-profile: frame 224280 t+3815049ms  win[N=60 min=14.4ms mean=16.9ms max=32.1ms] over[16ms=47 50ms=0 100ms=0 250ms=0]
05-18 12:36:37.272 11901 11918 I wasm_android_host::pr..: wandr-profile: frame 224340 t+3816048ms  win[N=60 min=12.7ms mean=16.6ms max=20.4ms] over[16ms=44 50ms=0 100ms=0 250ms=0]
05-18 12:36:38.270 11901 11918 I wasm_android_host::pr..: wandr-profile: frame 224400 t+3817046ms  win[N=60 min=14.7ms mean=16.6ms max=19.1ms] over[16ms=44 50ms=0 100ms=0 250ms=0]
05-18 12:36:39.269 11901 11918 I wasm_android_host::pr..: wandr-profile: frame 224460 t+3818045ms  win[N=60 min=13.8ms mean=16.6ms max=20.1ms] over[16ms=45 50ms=0 100ms=0 250ms=0]
05-18 12:36:40.267 11901 11918 I wasm_android_host::pr..: wandr-profile: frame 224520 t+3819043ms  win[N=60 min=13.9ms mean=16.6ms max=19.5ms] over[16ms=44 50ms=0 100ms=0 250ms=0]
05-18 12:36:41.265 11901 11918 I wasm_android_host::pr..: wandr-profile: frame 224580 t+3820041ms  win[N=60 min=14.0ms mean=16.6ms max=20.3ms] over[16ms=42 50ms=0 100ms=0 250ms=0]
05-18 12:36:42.263 11901 11918 I wasm_android_host::pr..: wandr-profile: frame 224640 t+3821038ms  win[N=60 min=13.6ms mean=16.6ms max=20.4ms] over[16ms=38 50ms=0 100ms=0 250ms=0]
05-18 12:36:43.260 11901 11918 I wasm_android_host::pr..: wandr-profile: frame 224700 t+3822036ms  win[N=60 min=14.5ms mean=16.6ms max=20.3ms] over[16ms=44 50ms=0 100ms=0 250ms=0]
05-18 12:36:44.285 11901 11918 I wasm_android_host::pr..: wandr-profile: frame 224760 t+3823060ms  win[N=60 min=11.2ms mean=17.0ms max=35.8ms] over[16ms=42 50ms=0 100ms=0 250ms=0]
05-18 12:36:45.278 11901 11918 I wasm_android_host::pr..: wandr-profile: frame 224820 t+3824053ms  win[N=60 min=10.9ms mean=16.5ms max=20.5ms] over[16ms=40 50ms=0 100ms=0 250ms=0]
05-18 12:36:46.275 11901 11918 I wasm_android_host::pr..: wandr-profile: frame 224880 t+3825051ms  win[N=60 min=14.8ms mean=16.6ms max=19.7ms] over[16ms=43 50ms=0 100ms=0 250ms=0]
05-18 12:36:47.272 11901 11918 I wasm_android_host::pr..: wandr-profile: frame 224940 t+3826047ms  win[N=60 min=14.4ms mean=16.5ms max=20.1ms] over[16ms=42 50ms=0 100ms=0 250ms=0]
05-18 12:36:48.271 11901 11918 I wasm_android_host::pr..: wandr-profile: frame 225000 t+3827046ms  win[N=60 min=14.6ms mean=16.6ms max=18.6ms] over[16ms=47 50ms=0 100ms=0 250ms=0]
05-18 12:36:49.268 11901 11918 I wasm_android_host::pr..: wandr-profile: frame 225060 t+3828044ms  win[N=60 min=14.5ms mean=16.6ms max=20.0ms] over[16ms=46 50ms=0 100ms=0 250ms=0]
05-18 12:36:50.267 11901 11918 I wasm_android_host::pr..: wandr-profile: frame 225120 t+3829043ms  win[N=60 min=14.1ms mean=16.6ms max=19.2ms] over[16ms=43 50ms=0 100ms=0 250ms=0]
05-18 12:36:51.264 11901 11918 I wasm_android_host::pr..: wandr-profile: frame 225180 t+3830040ms  win[N=60 min=14.6ms mean=16.6ms max=20.4ms] over[16ms=42 50ms=0 100ms=0 250ms=0]
05-18 12:36:52.264 11901 11918 I wasm_android_host::pr..: wandr-profile: frame 225240 t+3831039ms  win[N=60 min=14.4ms mean=16.6ms max=18.7ms] over[16ms=45 50ms=0 100ms=0 250ms=0]
05-18 12:36:53.260 11901 11918 I wasm_android_host::pr..: wandr-profile: frame 225300 t+3832036ms  win[N=60 min=13.4ms mean=16.5ms max=20.7ms] over[16ms=45 50ms=0 100ms=0 250ms=0]
05-18 12:36:54.259 11901 11918 I wasm_android_host::pr..: wandr-profile: frame 225360 t+3833035ms  win[N=60 min=14.4ms mean=16.6ms max=19.8ms] over[16ms=47 50ms=0 100ms=0 250ms=0]
05-18 12:36:55.258 11901 11918 I wasm_android_host::pr..: wandr-profile: frame 225420 t+3834033ms  win[N=60 min=13.9ms mean=16.6ms max=20.2ms] over[16ms=43 50ms=0 100ms=0 250ms=0]
05-18 12:36:56.258 11901 11918 I wasm_android_host::pr..: wandr-profile: frame 225480 t+3835034ms  win[N=60 min=14.8ms mean=16.6ms max=18.9ms] over[16ms=49 50ms=0 100ms=0 250ms=0]
05-18 12:36:57.254 11901 11918 I wasm_android_host::pr..: wandr-profile: frame 225540 t+3836030ms  win[N=60 min=13.4ms mean=16.5ms max=20.1ms] over[16ms=44 50ms=0 100ms=0 250ms=0]
05-18 12:36:58.253 11901 11918 I wasm_android_host::pr..: wandr-profile: frame 225600 t+3837029ms  win[N=60 min=14.5ms mean=16.6ms max=20.3ms] over[16ms=41 50ms=0 100ms=0 250ms=0]
05-18 12:36:59.252 11901 11918 I wasm_android_host::pr..: wandr-profile: frame 225660 t+3838028ms  win[N=60 min=13.7ms mean=16.6ms max=19.6ms] over[16ms=42 50ms=0 100ms=0 250ms=0]
05-18 12:37:00.251 11901 11918 I wasm_android_host::pr..: wandr-profile: frame 225720 t+3839026ms  win[N=60 min=14.5ms mean=16.6ms max=18.9ms] over[16ms=45 50ms=0 100ms=0 250ms=0]
05-18 12:37:01.249 11901 11918 I wasm_android_host::pr..: wandr-profile: frame 225780 t+3840025ms  win[N=60 min=14.0ms mean=16.6ms max=19.6ms] over[16ms=45 50ms=0 100ms=0 250ms=0]
05-18 12:37:02.248 11901 11918 I wasm_android_host::pr..: wandr-profile: frame 225840 t+3841024ms  win[N=60 min=14.5ms mean=16.6ms max=20.6ms] over[16ms=46 50ms=0 100ms=0 250ms=0]
05-18 12:37:03.245 11901 11918 I wasm_android_host::pr..: wandr-profile: frame 225900 t+3842020ms  win[N=60 min=13.8ms mean=16.5ms max=20.3ms] over[16ms=43 50ms=0 100ms=0 250ms=0]
05-18 12:37:04.243 11901 11918 I wasm_android_host::pr..: wandr-profile: frame 225960 t+3843019ms  win[N=60 min=14.3ms mean=16.6ms max=20.4ms] over[16ms=43 50ms=0 100ms=0 250ms=0]
05-18 12:37:05.258 11901 11918 I wasm_android_host::pr..: wandr-profile: frame 226020 t+3844034ms  win[N=60 min=11.2ms mean=16.9ms max=34.0ms] over[16ms=40 50ms=0 100ms=0 250ms=0]
05-18 12:37:06.256 11901 11918 I wasm_android_host::pr..: wandr-profile: frame 226080 t+3845032ms  win[N=60 min=14.8ms mean=16.6ms max=18.8ms] over[16ms=48 50ms=0 100ms=0 250ms=0]
05-18 12:37:07.273 11901 11918 I wasm_android_host::pr..: wandr-profile: frame 226140 t+3846049ms  win[N=60 min=11.2ms mean=16.9ms max=34.2ms] over[16ms=44 50ms=0 100ms=0 250ms=0]
05-18 12:37:08.271 11901 11918 I wasm_android_host::pr..: wandr-profile: frame 226200 t+3847047ms  win[N=60 min=14.5ms mean=16.6ms max=18.5ms] over[16ms=46 50ms=0 100ms=0 250ms=0]
05-18 12:37:09.270 11901 11918 I wasm_android_host::pr..: wandr-profile: frame 226260 t+3848045ms  win[N=60 min=14.1ms mean=16.6ms max=20.2ms] over[16ms=42 50ms=0 100ms=0 250ms=0]
05-18 12:37:10.267 11901 11918 I wasm_android_host::pr..: wandr-profile: frame 226320 t+3849043ms  win[N=60 min=14.7ms mean=16.6ms max=18.6ms] over[16ms=45 50ms=0 100ms=0 250ms=0]
05-18 12:37:11.265 11901 11918 I wasm_android_host::pr..: wandr-profile: frame 226380 t+3850041ms  win[N=60 min=14.7ms mean=16.6ms max=20.0ms] over[16ms=47 50ms=0 100ms=0 250ms=0]
05-18 12:37:12.263 11901 11918 I wasm_android_host::pr..: wandr-profile: frame 226440 t+3851039ms  win[N=60 min=14.0ms mean=16.6ms max=20.6ms] over[16ms=47 50ms=0 100ms=0 250ms=0]
05-18 12:37:13.278 11901 11918 I wasm_android_host::pr..: wandr-profile: frame 226500 t+3852053ms  win[N=60 min=14.0ms mean=16.8ms max=31.0ms] over[16ms=46 50ms=0 100ms=0 250ms=0]
05-18 12:37:14.277 11901 11918 I wasm_android_host::pr..: wandr-profile: frame 226560 t+3853052ms  win[N=60 min=12.8ms mean=16.6ms max=20.3ms] over[16ms=48 50ms=0 100ms=0 250ms=0]
05-18 12:37:15.275 11901 11918 I wasm_android_host::pr..: wandr-profile: frame 226620 t+3854051ms  win[N=60 min=14.5ms mean=16.6ms max=18.7ms] over[16ms=45 50ms=0 100ms=0 250ms=0]
05-18 12:37:16.273 11901 11918 I wasm_android_host::pr..: wandr-profile: frame 226680 t+3855049ms  win[N=60 min=13.1ms mean=16.6ms max=20.1ms] over[16ms=45 50ms=0 100ms=0 250ms=0]
05-18 12:37:17.273 11901 11918 I wasm_android_host::pr..: wandr-profile: frame 226740 t+3856049ms  win[N=60 min=14.1ms mean=16.6ms max=19.8ms] over[16ms=41 50ms=0 100ms=0 250ms=0]
05-18 12:37:18.271 11901 11918 I wasm_android_host::pr..: wandr-profile: frame 226800 t+3857047ms  win[N=60 min=14.1ms mean=16.6ms max=20.8ms] over[16ms=45 50ms=0 100ms=0 250ms=0]
05-18 12:37:19.269 11901 11918 I wasm_android_host::pr..: wandr-profile: frame 226860 t+3858045ms  win[N=60 min=14.1ms mean=16.6ms max=19.5ms] over[16ms=40 50ms=0 100ms=0 250ms=0]
05-18 12:37:20.268 11901 11918 I wasm_android_host::pr..: wandr-profile: frame 226920 t+3859044ms  win[N=60 min=12.5ms mean=16.6ms max=20.3ms] over[16ms=49 50ms=0 100ms=0 250ms=0]
05-18 12:37:21.265 11901 11918 I wasm_android_host::pr..: wandr-profile: frame 226980 t+3860041ms  win[N=60 min=13.5ms mean=16.6ms max=19.7ms] over[16ms=43 50ms=0 100ms=0 250ms=0]
05-18 12:37:22.263 11901 11918 I wasm_android_host::pr..: wandr-profile: frame 227040 t+3861039ms  win[N=60 min=13.1ms mean=16.6ms max=20.8ms] over[16ms=42 50ms=0 100ms=0 250ms=0]
05-18 12:37:23.278 11901 11918 I wasm_android_host::pr..: wandr-profile: frame 227100 t+3862054ms  win[N=60 min=12.9ms mean=16.9ms max=34.2ms] over[16ms=46 50ms=0 100ms=0 250ms=0]
05-18 12:37:24.277 11901 11918 I wasm_android_host::pr..: wandr-profile: frame 227160 t+3863052ms  win[N=60 min=13.4ms mean=16.6ms max=19.9ms] over[16ms=43 50ms=0 100ms=0 250ms=0]
05-18 12:37:25.275 11901 11918 I wasm_android_host::pr..: wandr-profile: frame 227220 t+3864051ms  win[N=60 min=14.2ms mean=16.6ms max=20.4ms] over[16ms=44 50ms=0 100ms=0 250ms=0]
05-18 12:37:26.274 11901 11918 I wasm_android_host::pr..: wandr-profile: frame 227280 t+3865049ms  win[N=60 min=14.4ms mean=16.6ms max=20.4ms] over[16ms=45 50ms=0 100ms=0 250ms=0]
05-18 12:37:27.290 11901 11918 I wasm_android_host::pr..: wandr-profile: frame 227340 t+3866066ms  win[N=60 min=14.3ms mean=16.9ms max=33.9ms] over[16ms=48 50ms=0 100ms=0 250ms=0]
05-18 12:37:28.288 11901 11918 I wasm_android_host::pr..: wandr-profile: frame 227400 t+3867064ms  win[N=60 min=13.4ms mean=16.6ms max=20.0ms] over[16ms=43 50ms=0 100ms=0 250ms=0]
05-18 12:37:29.285 11901 11918 I wasm_android_host::pr..: wandr-profile: frame 227460 t+3868061ms  win[N=60 min=14.1ms mean=16.5ms max=19.1ms] over[16ms=42 50ms=0 100ms=0 250ms=0]
05-18 12:37:30.284 11901 11918 I wasm_android_host::pr..: wandr-profile: frame 227520 t+3869059ms  win[N=60 min=14.4ms mean=16.6ms max=20.1ms] over[16ms=44 50ms=0 100ms=0 250ms=0]
05-18 12:37:31.298 11901 11918 I wasm_android_host::pr..: wandr-profile: frame 227580 t+3870074ms  win[N=60 min=11.7ms mean=16.8ms max=36.4ms] over[16ms=40 50ms=0 100ms=0 250ms=0]
05-18 12:37:32.297 11901 11918 I wasm_android_host::pr..: wandr-profile: frame 227640 t+3871073ms  win[N=60 min=14.3ms mean=16.6ms max=20.4ms] over[16ms=45 50ms=0 100ms=0 250ms=0]
05-18 12:37:33.295 11901 11918 I wasm_android_host::pr..: wandr-profile: frame 227700 t+3872071ms  win[N=60 min=13.9ms mean=16.6ms max=19.8ms] over[16ms=44 50ms=0 100ms=0 250ms=0]
05-18 12:37:34.294 11901 11918 I wasm_android_host::pr..: wandr-profile: frame 227760 t+3873070ms  win[N=60 min=14.4ms mean=16.6ms max=20.6ms] over[16ms=49 50ms=0 100ms=0 250ms=0]
05-18 12:37:35.295 11901 11918 I wasm_android_host::pr..: wandr-profile: frame 227820 t+3874071ms  win[N=60 min=14.0ms mean=16.6ms max=20.2ms] over[16ms=40 50ms=0 100ms=0 250ms=0]
05-18 12:37:36.293 11901 11918 I wasm_android_host::pr..: wandr-profile: frame 227880 t+3875068ms  win[N=60 min=13.8ms mean=16.6ms max=20.6ms] over[16ms=41 50ms=0 100ms=0 250ms=0]
05-18 12:37:37.291 11901 11918 I wasm_android_host::pr..: wandr-profile: frame 227940 t+3876067ms  win[N=60 min=12.7ms mean=16.6ms max=20.4ms] over[16ms=45 50ms=0 100ms=0 250ms=0]
05-18 12:37:38.289 11901 11918 I wasm_android_host::pr..: wandr-profile: frame 228000 t+3877064ms  win[N=60 min=13.3ms mean=16.6ms max=19.5ms] over[16ms=44 50ms=0 100ms=0 250ms=0]
05-18 12:37:39.288 11901 11918 I wasm_android_host::pr..: wandr-profile: frame 228060 t+3878063ms  win[N=60 min=14.7ms mean=16.6ms max=20.7ms] over[16ms=45 50ms=0 100ms=0 250ms=0]
05-18 12:37:40.301 11901 11918 I wasm_android_host::pr..: wandr-profile: frame 228120 t+3879077ms  win[N=60 min=11.1ms mean=16.8ms max=37.2ms] over[16ms=37 50ms=0 100ms=0 250ms=0]
05-18 12:37:41.300 11901 11918 I wasm_android_host::pr..: wandr-profile: frame 228180 t+3880075ms  win[N=60 min=14.9ms mean=16.6ms max=20.2ms] over[16ms=44 50ms=0 100ms=0 250ms=0]
05-18 12:37:42.298 11901 11918 I wasm_android_host::pr..: wandr-profile: frame 228240 t+3881074ms  win[N=60 min=14.2ms mean=16.6ms max=20.1ms] over[16ms=43 50ms=0 100ms=0 250ms=0]
05-18 12:37:43.298 11901 11918 I wasm_android_host::pr..: wandr-profile: frame 228300 t+3882074ms  win[N=60 min=14.7ms mean=16.6ms max=19.1ms] over[16ms=47 50ms=0 100ms=0 250ms=0]
05-18 12:37:44.295 11901 11918 I wasm_android_host::pr..: wandr-profile: frame 228360 t+3883071ms  win[N=60 min=14.4ms mean=16.5ms max=20.2ms] over[16ms=44 50ms=0 100ms=0 250ms=0]
05-18 12:37:45.295 11901 11918 I wasm_android_host::pr..: wandr-profile: frame 228420 t+3884071ms  win[N=60 min=14.7ms mean=16.6ms max=18.8ms] over[16ms=48 50ms=0 100ms=0 250ms=0]
05-18 12:37:46.310 11901 11918 I wasm_android_host::pr..: wandr-profile: frame 228480 t+3885086ms  win[N=60 min=11.1ms mean=16.8ms max=37.5ms] over[16ms=44 50ms=0 100ms=0 250ms=0]
05-18 12:37:47.308 11901 11918 I wasm_android_host::pr..: wandr-profile: frame 228540 t+3886084ms  win[N=60 min=13.4ms mean=16.6ms max=19.5ms] over[16ms=46 50ms=0 100ms=0 250ms=0]
05-18 12:37:48.305 11901 11918 I wasm_android_host::pr..: wandr-profile: frame 228600 t+3887081ms  win[N=60 min=13.6ms mean=16.5ms max=19.4ms] over[16ms=41 50ms=0 100ms=0 250ms=0]
05-18 12:37:49.303 11901 11918 I wasm_android_host::pr..: wandr-profile: frame 228660 t+3888079ms  win[N=60 min=14.2ms mean=16.6ms max=20.9ms] over[16ms=44 50ms=0 100ms=0 250ms=0]
05-18 12:37:50.319 11901 11918 I wasm_android_host::pr..: wandr-profile: frame 228720 t+3889094ms  win[N=60 min=11.3ms mean=16.9ms max=32.7ms] over[16ms=39 50ms=0 100ms=0 250ms=0]
05-18 12:37:51.318 11901 11918 I wasm_android_host::pr..: wandr-profile: frame 228780 t+3890094ms  win[N=60 min=13.2ms mean=16.6ms max=20.1ms] over[16ms=45 50ms=0 100ms=0 250ms=0]
05-18 12:37:52.318 11901 11918 I wasm_android_host::pr..: wandr-profile: frame 228840 t+3891094ms  win[N=60 min=14.5ms mean=16.6ms max=19.4ms] over[16ms=43 50ms=0 100ms=0 250ms=0]
05-18 12:37:53.314 11901 11918 I wasm_android_host::pr..: wandr-profile: frame 228900 t+3892090ms  win[N=60 min=14.1ms mean=16.5ms max=20.7ms] over[16ms=45 50ms=0 100ms=0 250ms=0]
05-18 12:37:54.313 11901 11918 I wasm_android_host::pr..: wandr-profile: frame 228960 t+3893088ms  win[N=60 min=14.4ms mean=16.6ms max=20.8ms] over[16ms=39 50ms=0 100ms=0 250ms=0]
05-18 12:37:55.312 11901 11918 I wasm_android_host::pr..: wandr-profile: frame 229020 t+3894088ms  win[N=60 min=13.6ms mean=16.6ms max=20.2ms] over[16ms=43 50ms=0 100ms=0 250ms=0]
05-18 12:37:56.309 11901 11918 I wasm_android_host::pr..: wandr-profile: frame 229080 t+3895084ms  win[N=60 min=14.7ms mean=16.5ms max=18.7ms] over[16ms=45 50ms=0 100ms=0 250ms=0]
05-18 12:37:57.309 11901 11918 I wasm_android_host::pr..: wandr-profile: frame 229140 t+3896084ms  win[N=60 min=14.4ms mean=16.6ms max=20.7ms] over[16ms=44 50ms=0 100ms=0 250ms=0]
05-18 12:37:58.307 11901 11918 I wasm_android_host::pr..: wandr-profile: frame 229200 t+3897082ms  win[N=60 min=14.3ms mean=16.6ms max=20.5ms] over[16ms=46 50ms=0 100ms=0 250ms=0]
05-18 12:37:59.304 11901 11918 I wasm_android_host::pr..: wandr-profile: frame 229260 t+3898079ms  win[N=60 min=13.6ms mean=16.6ms max=20.3ms] over[16ms=45 50ms=0 100ms=0 250ms=0]
05-18 12:38:00.302 11901 11918 I wasm_android_host::pr..: wandr-profile: frame 229320 t+3899078ms  win[N=60 min=13.8ms mean=16.6ms max=20.3ms] over[16ms=40 50ms=0 100ms=0 250ms=0]
05-18 12:38:01.300 11901 11918 I wasm_android_host::pr..: wandr-profile: frame 229380 t+3900076ms  win[N=60 min=13.8ms mean=16.6ms max=20.6ms] over[16ms=38 50ms=0 100ms=0 250ms=0]
05-18 12:38:02.299 11901 11918 I wasm_android_host::pr..: wandr-profile: frame 229440 t+3901075ms  win[N=60 min=14.4ms mean=16.6ms max=19.1ms] over[16ms=40 50ms=0 100ms=0 250ms=0]
05-18 12:38:03.298 11901 11918 I wasm_android_host::pr..: wandr-profile: frame 229500 t+3902074ms  win[N=60 min=13.5ms mean=16.6ms max=20.4ms] over[16ms=45 50ms=0 100ms=0 250ms=0]
05-18 12:38:04.296 11901 11918 I wasm_android_host::pr..: wandr-profile: frame 229560 t+3903072ms  win[N=60 min=14.0ms mean=16.6ms max=19.4ms] over[16ms=43 50ms=0 100ms=0 250ms=0]
05-18 12:38:05.294 11901 11918 I wasm_android_host::pr..: wandr-profile: frame 229620 t+3904070ms  win[N=60 min=14.3ms mean=16.6ms max=20.4ms] over[16ms=45 50ms=0 100ms=0 250ms=0]
05-18 12:38:06.292 11901 11918 I wasm_android_host::pr..: wandr-profile: frame 229680 t+3905068ms  win[N=60 min=13.9ms mean=16.6ms max=19.5ms] over[16ms=43 50ms=0 100ms=0 250ms=0]
05-18 12:38:07.292 11901 11918 I wasm_android_host::pr..: wandr-profile: frame 229740 t+3906068ms  win[N=60 min=13.2ms mean=16.6ms max=20.0ms] over[16ms=42 50ms=0 100ms=0 250ms=0]
05-18 12:38:08.290 11901 11918 I wasm_android_host::pr..: wandr-profile: frame 229800 t+3907066ms  win[N=60 min=14.4ms mean=16.6ms max=19.6ms] over[16ms=42 50ms=0 100ms=0 250ms=0]
05-18 12:38:09.289 11901 11918 I wasm_android_host::pr..: wandr-profile: frame 229860 t+3908064ms  win[N=60 min=13.1ms mean=16.6ms max=20.5ms] over[16ms=45 50ms=0 100ms=0 250ms=0]
05-18 12:38:10.285 11901 11918 I wasm_android_host::pr..: wandr-profile: frame 229920 t+3909061ms  win[N=60 min=14.6ms mean=16.5ms max=19.0ms] over[16ms=48 50ms=0 100ms=0 250ms=0]
05-18 12:38:11.284 11901 11918 I wasm_android_host::pr..: wandr-profile: frame 229980 t+3910060ms  win[N=60 min=13.3ms mean=16.6ms max=20.4ms] over[16ms=46 50ms=0 100ms=0 250ms=0]
05-18 12:38:12.282 11901 11918 I wasm_android_host::pr..: wandr-profile: frame 230040 t+3911058ms  win[N=60 min=14.4ms mean=16.6ms max=18.6ms] over[16ms=44 50ms=0 100ms=0 250ms=0]
05-18 12:38:13.280 11901 11918 I wasm_android_host::pr..: wandr-profile: frame 230100 t+3912056ms  win[N=60 min=14.1ms mean=16.6ms max=20.6ms] over[16ms=46 50ms=0 100ms=0 250ms=0]
05-18 12:38:14.279 11901 11918 I wasm_android_host::pr..: wandr-profile: frame 230160 t+3913054ms  win[N=60 min=14.6ms mean=16.6ms max=18.9ms] over[16ms=43 50ms=0 100ms=0 250ms=0]
05-18 12:38:15.278 11901 11918 I wasm_android_host::pr..: wandr-profile: frame 230220 t+3914054ms  win[N=60 min=14.2ms mean=16.6ms max=20.6ms] over[16ms=43 50ms=0 100ms=0 250ms=0]
05-18 12:38:16.293 11901 11918 I wasm_android_host::pr..: wandr-profile: frame 230280 t+3915068ms  win[N=60 min=13.9ms mean=16.8ms max=31.4ms] over[16ms=44 50ms=0 100ms=0 250ms=0]
05-18 12:38:17.291 11901 11918 I wasm_android_host::pr..: wandr-profile: frame 230340 t+3916067ms  win[N=60 min=14.2ms mean=16.6ms max=20.4ms] over[16ms=47 50ms=0 100ms=0 250ms=0]
05-18 12:38:18.305 11901 11918 I wasm_android_host::pr..: wandr-profile: frame 230400 t+3917081ms  win[N=60 min=11.3ms mean=16.8ms max=31.4ms] over[16ms=40 50ms=0 100ms=0 250ms=0]
05-18 12:38:19.304 11901 11918 I wasm_android_host::pr..: wandr-profile: frame 230460 t+3918079ms  win[N=60 min=14.6ms mean=16.6ms max=19.6ms] over[16ms=46 50ms=0 100ms=0 250ms=0]
05-18 12:38:20.302 11901 11918 I wasm_android_host::pr..: wandr-profile: frame 230520 t+3919078ms  win[N=60 min=14.8ms mean=16.6ms max=18.7ms] over[16ms=45 50ms=0 100ms=0 250ms=0]
05-18 12:38:21.300 11901 11918 I wasm_android_host::pr..: wandr-profile: frame 230580 t+3920076ms  win[N=60 min=13.6ms mean=16.6ms max=20.3ms] over[16ms=43 50ms=0 100ms=0 250ms=0]
05-18 12:38:22.299 11901 11918 I wasm_android_host::pr..: wandr-profile: frame 230640 t+3921074ms  win[N=60 min=14.7ms mean=16.6ms max=19.7ms] over[16ms=42 50ms=0 100ms=0 250ms=0]
05-18 12:38:23.297 11901 11918 I wasm_android_host::pr..: wandr-profile: frame 230700 t+3922073ms  win[N=60 min=13.4ms mean=16.6ms max=20.6ms] over[16ms=43 50ms=0 100ms=0 250ms=0]
05-18 12:38:24.295 11901 11918 I wasm_android_host::pr..: wandr-profile: frame 230760 t+3923071ms  win[N=60 min=14.7ms mean=16.6ms max=20.7ms] over[16ms=42 50ms=0 100ms=0 250ms=0]
05-18 12:38:25.294 11901 11918 I wasm_android_host::pr..: wandr-profile: frame 230820 t+3924069ms  win[N=60 min=14.7ms mean=16.6ms max=20.2ms] over[16ms=45 50ms=0 100ms=0 250ms=0]
05-18 12:38:26.294 11901 11918 I wasm_android_host::pr..: wandr-profile: frame 230880 t+3925069ms  win[N=60 min=14.7ms mean=16.6ms max=20.1ms] over[16ms=44 50ms=0 100ms=0 250ms=0]
05-18 12:38:27.292 11901 11918 I wasm_android_host::pr..: wandr-profile: frame 230940 t+3926068ms  win[N=60 min=13.4ms mean=16.6ms max=21.1ms] over[16ms=40 50ms=0 100ms=0 250ms=0]
05-18 12:38:28.290 11901 11918 I wasm_android_host::pr..: wandr-profile: frame 231000 t+3927066ms  win[N=60 min=14.6ms mean=16.6ms max=19.7ms] over[16ms=46 50ms=0 100ms=0 250ms=0]
05-18 12:38:29.288 11901 11918 I wasm_android_host::pr..: wandr-profile: frame 231060 t+3928064ms  win[N=60 min=15.0ms mean=16.6ms max=19.7ms] over[16ms=44 50ms=0 100ms=0 250ms=0]
05-18 12:38:30.302 11901 11918 I wasm_android_host::pr..: wandr-profile: frame 231120 t+3929078ms  win[N=60 min=14.3ms mean=16.8ms max=32.0ms] over[16ms=43 50ms=0 100ms=0 250ms=0]
05-18 12:38:31.300 11901 11918 I wasm_android_host::pr..: wandr-profile: frame 231180 t+3930076ms  win[N=60 min=13.4ms mean=16.6ms max=20.5ms] over[16ms=42 50ms=0 100ms=0 250ms=0]
05-18 12:38:32.299 11901 11918 I wasm_android_host::pr..: wandr-profile: frame 231240 t+3931074ms  win[N=60 min=14.4ms mean=16.6ms max=18.8ms] over[16ms=44 50ms=0 100ms=0 250ms=0]
05-18 12:38:33.298 11901 11918 I wasm_android_host::pr..: wandr-profile: frame 231300 t+3932074ms  win[N=60 min=13.5ms mean=16.6ms max=19.8ms] over[16ms=45 50ms=0 100ms=0 250ms=0]
05-18 12:38:34.295 11901 11918 I wasm_android_host::pr..: wandr-profile: frame 231360 t+3933071ms  win[N=60 min=14.2ms mean=16.6ms max=19.8ms] over[16ms=44 50ms=0 100ms=0 250ms=0]
05-18 12:38:35.293 11901 11918 I wasm_android_host::pr..: wandr-profile: frame 231420 t+3934069ms  win[N=60 min=13.6ms mean=16.6ms max=20.3ms] over[16ms=46 50ms=0 100ms=0 250ms=0]
05-18 12:38:36.292 11901 11918 I wasm_android_host::pr..: wandr-profile: frame 231480 t+3935068ms  win[N=60 min=13.6ms mean=16.6ms max=20.9ms] over[16ms=42 50ms=0 100ms=0 250ms=0]
05-18 12:38:37.291 11901 11918 I wasm_android_host::pr..: wandr-profile: frame 231540 t+3936067ms  win[N=60 min=13.5ms mean=16.6ms max=19.8ms] over[16ms=42 50ms=0 100ms=0 250ms=0]
05-18 12:38:38.305 11901 11918 I wasm_android_host::pr..: wandr-profile: frame 231600 t+3937081ms  win[N=60 min=10.9ms mean=16.8ms max=35.4ms] over[16ms=43 50ms=0 100ms=0 250ms=0]
05-18 12:38:39.303 11901 11918 I wasm_android_host::pr..: wandr-profile: frame 231660 t+3938079ms  win[N=60 min=12.7ms mean=16.6ms max=20.5ms] over[16ms=45 50ms=0 100ms=0 250ms=0]
05-18 12:38:40.318 11901 11918 I wasm_android_host::pr..: wandr-profile: frame 231720 t+3939094ms  win[N=60 min=11.0ms mean=16.8ms max=34.1ms] over[16ms=43 50ms=0 100ms=0 250ms=0]
05-18 12:38:41.317 11901 11918 I wasm_android_host::pr..: wandr-profile: frame 231780 t+3940093ms  win[N=60 min=14.9ms mean=16.6ms max=19.9ms] over[16ms=46 50ms=0 100ms=0 250ms=0]
05-18 12:38:42.317 11901 11918 I wasm_android_host::pr..: wandr-profile: frame 231840 t+3941092ms  win[N=60 min=14.9ms mean=16.6ms max=19.7ms] over[16ms=39 50ms=0 100ms=0 250ms=0]
05-18 12:38:43.314 11901 11918 I wasm_android_host::pr..: wandr-profile: frame 231900 t+3942089ms  win[N=60 min=14.0ms mean=16.6ms max=19.8ms] over[16ms=45 50ms=0 100ms=0 250ms=0]
05-18 12:38:44.314 11901 11918 I wasm_android_host::pr..: wandr-profile: frame 231960 t+3943090ms  win[N=60 min=14.4ms mean=16.6ms max=19.3ms] over[16ms=41 50ms=0 100ms=0 250ms=0]
05-18 12:38:45.312 11901 11918 I wasm_android_host::pr..: wandr-profile: frame 232020 t+3944087ms  win[N=60 min=13.3ms mean=16.6ms max=19.9ms] over[16ms=45 50ms=0 100ms=0 250ms=0]
05-18 12:38:46.310 11901 11918 I wasm_android_host::pr..: wandr-profile: frame 232080 t+3945086ms  win[N=60 min=14.1ms mean=16.6ms max=19.4ms] over[16ms=47 50ms=0 100ms=0 250ms=0]
05-18 12:38:47.308 11901 11918 I wasm_android_host::pr..: wandr-profile: frame 232140 t+3946084ms  win[N=60 min=14.6ms mean=16.6ms max=20.3ms] over[16ms=43 50ms=0 100ms=0 250ms=0]
05-18 12:38:48.322 11901 11918 I wasm_android_host::pr..: wandr-profile: frame 232200 t+3947097ms  win[N=60 min=11.7ms mean=16.8ms max=34.0ms] over[16ms=44 50ms=0 100ms=0 250ms=0]
05-18 12:38:49.320 11901 11918 I wasm_android_host::pr..: wandr-profile: frame 232260 t+3948096ms  win[N=60 min=12.9ms mean=16.6ms max=20.4ms] over[16ms=45 50ms=0 100ms=0 250ms=0]
05-18 12:38:50.318 11901 11918 I wasm_android_host::pr..: wandr-profile: frame 232320 t+3949094ms  win[N=60 min=14.5ms mean=16.6ms max=19.7ms] over[16ms=41 50ms=0 100ms=0 250ms=0]
05-18 12:38:51.318 11901 11918 I wasm_android_host::pr..: wandr-profile: frame 232380 t+3950094ms  win[N=60 min=14.9ms mean=16.6ms max=18.3ms] over[16ms=49 50ms=0 100ms=0 250ms=0]
05-18 12:38:52.334 11901 11918 I wasm_android_host::pr..: wandr-profile: frame 232440 t+3951109ms  win[N=60 min=11.8ms mean=16.9ms max=30.5ms] over[16ms=43 50ms=0 100ms=0 250ms=0]
05-18 12:38:53.332 11901 11918 I wasm_android_host::pr..: wandr-profile: frame 232500 t+3952108ms  win[N=60 min=14.8ms mean=16.6ms max=20.4ms] over[16ms=44 50ms=0 100ms=0 250ms=0]
05-18 12:38:54.331 11901 11918 I wasm_android_host::pr..: wandr-profile: frame 232560 t+3953106ms  win[N=60 min=14.6ms mean=16.6ms max=19.4ms] over[16ms=43 50ms=0 100ms=0 250ms=0]
05-18 12:38:55.329 11901 11918 I wasm_android_host::pr..: wandr-profile: frame 232620 t+3954104ms  win[N=60 min=13.4ms mean=16.6ms max=20.0ms] over[16ms=44 50ms=0 100ms=0 250ms=0]
05-18 12:38:56.327 11901 11918 I wasm_android_host::pr..: wandr-profile: frame 232680 t+3955102ms  win[N=60 min=14.1ms mean=16.6ms max=19.4ms] over[16ms=46 50ms=0 100ms=0 250ms=0]
05-18 12:38:57.324 11901 11918 I wasm_android_host::pr..: wandr-profile: frame 232740 t+3956099ms  win[N=60 min=13.6ms mean=16.6ms max=20.5ms] over[16ms=42 50ms=0 100ms=0 250ms=0]
05-18 12:38:58.322 11901 11918 I wasm_android_host::pr..: wandr-profile: frame 232800 t+3957097ms  win[N=60 min=14.0ms mean=16.6ms max=21.3ms] over[16ms=44 50ms=0 100ms=0 250ms=0]
05-18 12:38:59.320 11901 11918 I wasm_android_host::pr..: wandr-profile: frame 232860 t+3958096ms  win[N=60 min=14.8ms mean=16.6ms max=20.7ms] over[16ms=46 50ms=0 100ms=0 250ms=0]
05-18 12:39:00.319 11901 11918 I wasm_android_host::pr..: wandr-profile: frame 232920 t+3959094ms  win[N=60 min=14.6ms mean=16.6ms max=18.5ms] over[16ms=47 50ms=0 100ms=0 250ms=0]
05-18 12:39:01.317 11901 11918 I wasm_android_host::pr..: wandr-profile: frame 232980 t+3960093ms  win[N=60 min=14.0ms mean=16.6ms max=19.4ms] over[16ms=48 50ms=0 100ms=0 250ms=0]
05-18 12:39:02.315 11901 11918 I wasm_android_host::pr..: wandr-profile: frame 233040 t+3961091ms  win[N=60 min=14.5ms mean=16.6ms max=19.0ms] over[16ms=42 50ms=0 100ms=0 250ms=0]
05-18 12:39:03.314 11901 11918 I wasm_android_host::pr..: wandr-profile: frame 233100 t+3962089ms  win[N=60 min=14.5ms mean=16.6ms max=20.0ms] over[16ms=43 50ms=0 100ms=0 250ms=0]
05-18 12:39:04.312 11901 11918 I wasm_android_host::pr..: wandr-profile: frame 233160 t+3963088ms  win[N=60 min=14.4ms mean=16.6ms max=19.3ms] over[16ms=42 50ms=0 100ms=0 250ms=0]
05-18 12:39:05.312 11901 11918 I wasm_android_host::pr..: wandr-profile: frame 233220 t+3964088ms  win[N=60 min=13.2ms mean=16.6ms max=20.1ms] over[16ms=45 50ms=0 100ms=0 250ms=0]
05-18 12:39:06.309 11901 11918 I wasm_android_host::pr..: wandr-profile: frame 233280 t+3965085ms  win[N=60 min=14.2ms mean=16.6ms max=19.1ms] over[16ms=45 50ms=0 100ms=0 250ms=0]
05-18 12:39:07.309 11901 11918 I wasm_android_host::pr..: wandr-profile: frame 233340 t+3966084ms  win[N=60 min=13.8ms mean=16.6ms max=20.4ms] over[16ms=47 50ms=0 100ms=0 250ms=0]
05-18 12:39:08.307 11901 11918 I wasm_android_host::pr..: wandr-profile: frame 233400 t+3967083ms  win[N=60 min=12.9ms mean=16.6ms max=19.3ms] over[16ms=46 50ms=0 100ms=0 250ms=0]
05-18 12:39:09.304 11901 11918 I wasm_android_host::pr..: wandr-profile: frame 233460 t+3968080ms  win[N=60 min=14.7ms mean=16.5ms max=20.0ms] over[16ms=42 50ms=0 100ms=0 250ms=0]
05-18 12:39:10.302 11901 11918 I wasm_android_host::pr..: wandr-profile: frame 233520 t+3969078ms  win[N=60 min=13.7ms mean=16.6ms max=19.4ms] over[16ms=42 50ms=0 100ms=0 250ms=0]
05-18 12:39:11.300 11901 11918 I wasm_android_host::pr..: wandr-profile: frame 233580 t+3970076ms  win[N=60 min=13.8ms mean=16.6ms max=20.9ms] over[16ms=45 50ms=0 100ms=0 250ms=0]
05-18 12:39:12.301 11901 11918 I wasm_android_host::pr..: wandr-profile: frame 233640 t+3971077ms  win[N=60 min=14.4ms mean=16.6ms max=19.7ms] over[16ms=43 50ms=0 100ms=0 250ms=0]
05-18 12:39:13.297 11901 11918 I wasm_android_host::pr..: wandr-profile: frame 233700 t+3972073ms  win[N=60 min=13.9ms mean=16.5ms max=20.1ms] over[16ms=40 50ms=0 100ms=0 250ms=0]
05-18 12:39:14.298 11901 11918 I wasm_android_host::pr..: wandr-profile: frame 233760 t+3973074ms  win[N=60 min=14.6ms mean=16.6ms max=20.3ms] over[16ms=43 50ms=0 100ms=0 250ms=0]
05-18 12:39:15.294 11901 11918 I wasm_android_host::pr..: wandr-profile: frame 233820 t+3974070ms  win[N=60 min=13.0ms mean=16.5ms max=20.5ms] over[16ms=39 50ms=0 100ms=0 250ms=0]
05-18 12:39:16.309 11901 11918 I wasm_android_host::pr..: wandr-profile: frame 233880 t+3975085ms  win[N=60 min=11.4ms mean=16.9ms max=30.6ms] over[16ms=44 50ms=0 100ms=0 250ms=0]
05-18 12:39:17.309 11901 11918 I wasm_android_host::pr..: wandr-profile: frame 233940 t+3976084ms  win[N=60 min=14.0ms mean=16.6ms max=20.1ms] over[16ms=47 50ms=0 100ms=0 250ms=0]
05-18 12:39:18.307 11901 11918 I wasm_android_host::pr..: wandr-profile: frame 234000 t+3977083ms  win[N=60 min=13.0ms mean=16.6ms max=20.8ms] over[16ms=42 50ms=0 100ms=0 250ms=0]
05-18 12:39:19.304 11901 11918 I wasm_android_host::pr..: wandr-profile: frame 234060 t+3978080ms  win[N=60 min=14.0ms mean=16.5ms max=20.9ms] over[16ms=42 50ms=0 100ms=0 250ms=0]
05-18 12:39:20.347 11901 11918 I wasm_android_host::pr..: wandr-profile: frame 234120 t+3979123ms  win[N=60 min=14.6ms mean=17.3ms max=37.2ms] over[16ms=46 50ms=0 100ms=0 250ms=0]
05-18 12:39:21.317 11901 11918 I wasm_android_host::pr..: wandr-profile: frame 234180 t+3980093ms  win[N=60 min=11.1ms mean=16.1ms max=19.9ms] over[16ms=42 50ms=0 100ms=0 250ms=0]
05-18 12:39:22.318 11901 11918 I wasm_android_host::pr..: wandr-profile: frame 234240 t+3981094ms  win[N=60 min=14.1ms mean=16.6ms max=19.5ms] over[16ms=45 50ms=0 100ms=0 250ms=0]
05-18 12:39:23.314 11901 11918 I wasm_android_host::pr..: wandr-profile: frame 234300 t+3982090ms  win[N=60 min=14.1ms mean=16.5ms max=20.8ms] over[16ms=45 50ms=0 100ms=0 250ms=0]
05-18 12:39:24.312 11901 11918 I wasm_android_host::pr..: wandr-profile: frame 234360 t+3983088ms  win[N=60 min=14.2ms mean=16.6ms max=21.0ms] over[16ms=44 50ms=0 100ms=0 250ms=0]
05-18 12:39:25.313 11901 11918 I wasm_android_host::pr..: wandr-profile: frame 234420 t+3984088ms  win[N=60 min=14.2ms mean=16.6ms max=20.5ms] over[16ms=43 50ms=0 100ms=0 250ms=0]
05-18 12:39:26.310 11901 11918 I wasm_android_host::pr..: wandr-profile: frame 234480 t+3985085ms  win[N=60 min=14.7ms mean=16.6ms max=20.1ms] over[16ms=46 50ms=0 100ms=0 250ms=0]
05-18 12:39:27.309 11901 11918 I wasm_android_host::pr..: wandr-profile: frame 234540 t+3986085ms  win[N=60 min=13.6ms mean=16.6ms max=20.4ms] over[16ms=46 50ms=0 100ms=0 250ms=0]
05-18 12:39:28.307 11901 11918 I wasm_android_host::pr..: wandr-profile: frame 234600 t+3987083ms  win[N=60 min=14.6ms mean=16.6ms max=19.1ms] over[16ms=45 50ms=0 100ms=0 250ms=0]
05-18 12:39:29.304 11901 11918 I wasm_android_host::pr..: wandr-profile: frame 234660 t+3988080ms  win[N=60 min=13.6ms mean=16.6ms max=20.5ms] over[16ms=45 50ms=0 100ms=0 250ms=0]
05-18 12:39:30.302 11901 11918 I wasm_android_host::pr..: wandr-profile: frame 234720 t+3989078ms  win[N=60 min=13.0ms mean=16.6ms max=20.3ms] over[16ms=41 50ms=0 100ms=0 250ms=0]
05-18 12:39:31.301 11901 11918 I wasm_android_host::pr..: wandr-profile: frame 234780 t+3990077ms  win[N=60 min=14.5ms mean=16.6ms max=19.0ms] over[16ms=47 50ms=0 100ms=0 250ms=0]
05-18 12:39:32.300 11901 11918 I wasm_android_host::pr..: wandr-profile: frame 234840 t+3991075ms  win[N=60 min=14.0ms mean=16.6ms max=20.8ms] over[16ms=43 50ms=0 100ms=0 250ms=0]
05-18 12:39:33.314 11901 11918 I wasm_android_host::pr..: wandr-profile: frame 234900 t+3992090ms  win[N=60 min=12.0ms mean=16.8ms max=33.2ms] over[16ms=43 50ms=0 100ms=0 250ms=0]
05-18 12:39:34.313 11901 11918 I wasm_android_host::pr..: wandr-profile: frame 234960 t+3993089ms  win[N=60 min=14.6ms mean=16.6ms max=18.5ms] over[16ms=50 50ms=0 100ms=0 250ms=0]
05-18 12:39:35.312 11901 11918 I wasm_android_host::pr..: wandr-profile: frame 235020 t+3994088ms  win[N=60 min=14.5ms mean=16.6ms max=20.2ms] over[16ms=47 50ms=0 100ms=0 250ms=0]
05-18 12:39:36.311 11901 11918 I wasm_android_host::pr..: wandr-profile: frame 235080 t+3995087ms  win[N=60 min=14.7ms mean=16.6ms max=19.8ms] over[16ms=45 50ms=0 100ms=0 250ms=0]
05-18 12:39:37.309 11901 11918 I wasm_android_host::pr..: wandr-profile: frame 235140 t+3996085ms  win[N=60 min=13.8ms mean=16.6ms max=19.3ms] over[16ms=48 50ms=0 100ms=0 250ms=0]
05-18 12:39:38.308 11901 11918 I wasm_android_host::pr..: wandr-profile: frame 235200 t+3997083ms  win[N=60 min=12.7ms mean=16.6ms max=20.3ms] over[16ms=44 50ms=0 100ms=0 250ms=0]
05-18 12:39:39.305 11901 11918 I wasm_android_host::pr..: wandr-profile: frame 235260 t+3998080ms  win[N=60 min=14.6ms mean=16.6ms max=19.6ms] over[16ms=42 50ms=0 100ms=0 250ms=0]
05-18 12:39:40.303 11901 11918 I wasm_android_host::pr..: wandr-profile: frame 235320 t+3999078ms  win[N=60 min=14.9ms mean=16.6ms max=18.9ms] over[16ms=45 50ms=0 100ms=0 250ms=0]
05-18 12:39:41.301 11901 11918 I wasm_android_host::pr..: wandr-profile: frame 235380 t+4000077ms  win[N=60 min=14.1ms mean=16.6ms max=20.2ms] over[16ms=42 50ms=0 100ms=0 250ms=0]
05-18 12:39:42.299 11901 11918 I wasm_android_host::pr..: wandr-profile: frame 235440 t+4001075ms  win[N=60 min=13.3ms mean=16.6ms max=20.0ms] over[16ms=45 50ms=0 100ms=0 250ms=0]
05-18 12:39:43.298 11901 11918 I wasm_android_host::pr..: wandr-profile: frame 235500 t+4002074ms  win[N=60 min=14.5ms mean=16.6ms max=19.6ms] over[16ms=45 50ms=0 100ms=0 250ms=0]
05-18 12:39:44.298 11901 11918 I wasm_android_host::pr..: wandr-profile: frame 235560 t+4003074ms  win[N=60 min=13.3ms mean=16.6ms max=20.5ms] over[16ms=45 50ms=0 100ms=0 250ms=0]
05-18 12:39:45.295 11901 11918 I wasm_android_host::pr..: wandr-profile: frame 235620 t+4004071ms  win[N=60 min=14.7ms mean=16.6ms max=19.6ms] over[16ms=45 50ms=0 100ms=0 250ms=0]
05-18 12:39:46.293 11901 11918 I wasm_android_host::pr..: wandr-profile: frame 235680 t+4005069ms  win[N=60 min=12.6ms mean=16.6ms max=20.8ms] over[16ms=43 50ms=0 100ms=0 250ms=0]
05-18 12:39:47.292 11901 11918 I wasm_android_host::pr..: wandr-profile: frame 235740 t+4006067ms  win[N=60 min=11.7ms mean=16.6ms max=21.6ms] over[16ms=43 50ms=0 100ms=0 250ms=0]
05-18 12:39:48.292 11901 11918 I wasm_android_host::pr..: wandr-profile: frame 235800 t+4007068ms  win[N=60 min=12.6ms mean=16.6ms max=20.7ms] over[16ms=41 50ms=0 100ms=0 250ms=0]
05-18 12:39:49.290 11901 11918 I wasm_android_host::pr..: wandr-profile: frame 235860 t+4008066ms  win[N=60 min=14.5ms mean=16.6ms max=18.8ms] over[16ms=44 50ms=0 100ms=0 250ms=0]
05-18 12:39:50.288 11901 11918 I wasm_android_host::pr..: wandr-profile: frame 235920 t+4009064ms  win[N=60 min=13.5ms mean=16.6ms max=20.0ms] over[16ms=45 50ms=0 100ms=0 250ms=0]
05-18 12:39:51.285 11901 11918 I wasm_android_host::pr..: wandr-profile: frame 235980 t+4010061ms  win[N=60 min=14.0ms mean=16.5ms max=19.7ms] over[16ms=45 50ms=0 100ms=0 250ms=0]
05-18 12:39:52.284 11901 11918 I wasm_android_host::pr..: wandr-profile: frame 236040 t+4011059ms  win[N=60 min=13.7ms mean=16.6ms max=20.8ms] over[16ms=42 50ms=0 100ms=0 250ms=0]
05-18 12:39:53.281 11901 11918 I wasm_android_host::pr..: wandr-profile: frame 236100 t+4012057ms  win[N=60 min=14.5ms mean=16.6ms max=19.7ms] over[16ms=43 50ms=0 100ms=0 250ms=0]
05-18 12:39:54.280 11901 11918 I wasm_android_host::pr..: wandr-profile: frame 236160 t+4013056ms  win[N=60 min=13.4ms mean=16.6ms max=20.3ms] over[16ms=44 50ms=0 100ms=0 250ms=0]
05-18 12:39:55.279 11901 11918 I wasm_android_host::pr..: wandr-profile: frame 236220 t+4014054ms  win[N=60 min=13.8ms mean=16.6ms max=19.4ms] over[16ms=46 50ms=0 100ms=0 250ms=0]
05-18 12:39:56.277 11901 11918 I wasm_android_host::pr..: wandr-profile: frame 236280 t+4015053ms  win[N=60 min=13.4ms mean=16.6ms max=20.4ms] over[16ms=44 50ms=0 100ms=0 250ms=0]
05-18 12:39:57.277 11901 11918 I wasm_android_host::pr..: wandr-profile: frame 236340 t+4016053ms  win[N=60 min=14.8ms mean=16.6ms max=18.7ms] over[16ms=47 50ms=0 100ms=0 250ms=0]
05-18 12:39:58.275 11901 11918 I wasm_android_host::pr..: wandr-profile: frame 236400 t+4017051ms  win[N=60 min=14.8ms mean=16.6ms max=20.1ms] over[16ms=43 50ms=0 100ms=0 250ms=0]
05-18 12:39:59.274 11901 11918 I wasm_android_host::pr..: wandr-profile: frame 236460 t+4018049ms  win[N=60 min=14.7ms mean=16.6ms max=19.8ms] over[16ms=45 50ms=0 100ms=0 250ms=0]
05-18 12:40:00.271 11901 11918 I wasm_android_host::pr..: wandr-profile: frame 236520 t+4019047ms  win[N=60 min=13.1ms mean=16.6ms max=20.1ms] over[16ms=44 50ms=0 100ms=0 250ms=0]
05-18 12:40:01.269 11901 11918 I wasm_android_host::pr..: wandr-profile: frame 236580 t+4020044ms  win[N=60 min=11.7ms mean=16.6ms max=21.7ms] over[16ms=46 50ms=0 100ms=0 250ms=0]
05-18 12:40:02.303 11901 11918 I wasm_android_host::pr..: wandr-profile: frame 236640 t+4021078ms  win[N=60 min=13.7ms mean=17.2ms max=33.6ms] over[16ms=48 50ms=0 100ms=0 250ms=0]
05-18 12:40:03.282 11901 11918 I wasm_android_host::pr..: wandr-profile: frame 236700 t+4022057ms  win[N=60 min=11.2ms mean=16.3ms max=20.8ms] over[16ms=41 50ms=0 100ms=0 250ms=0]
05-18 12:40:04.280 11901 11918 I wasm_android_host::pr..: wandr-profile: frame 236760 t+4023056ms  win[N=60 min=14.4ms mean=16.6ms max=20.1ms] over[16ms=43 50ms=0 100ms=0 250ms=0]
05-18 12:40:05.279 11901 11918 I wasm_android_host::pr..: wandr-profile: frame 236820 t+4024055ms  win[N=60 min=14.2ms mean=16.6ms max=19.7ms] over[16ms=42 50ms=0 100ms=0 250ms=0]
05-18 12:40:06.279 11901 11918 I wasm_android_host::pr..: wandr-profile: frame 236880 t+4025054ms  win[N=60 min=12.5ms mean=16.6ms max=20.6ms] over[16ms=47 50ms=0 100ms=0 250ms=0]
05-18 12:40:07.275 11901 11918 I wasm_android_host::pr..: wandr-profile: frame 236940 t+4026051ms  win[N=60 min=14.6ms mean=16.5ms max=19.2ms] over[16ms=45 50ms=0 100ms=0 250ms=0]
05-18 12:40:08.276 11901 11918 I wasm_android_host::pr..: wandr-profile: frame 237000 t+4027051ms  win[N=60 min=14.0ms mean=16.6ms max=20.0ms] over[16ms=43 50ms=0 100ms=0 250ms=0]
05-18 12:40:09.274 11901 11918 I wasm_android_host::pr..: wandr-profile: frame 237060 t+4028050ms  win[N=60 min=14.4ms mean=16.6ms max=18.7ms] over[16ms=44 50ms=0 100ms=0 250ms=0]
05-18 12:40:10.272 11901 11918 I wasm_android_host::pr..: wandr-profile: frame 237120 t+4029048ms  win[N=60 min=13.7ms mean=16.6ms max=19.5ms] over[16ms=44 50ms=0 100ms=0 250ms=0]
05-18 12:40:11.271 11901 11918 I wasm_android_host::pr..: wandr-profile: frame 237180 t+4030047ms  win[N=60 min=14.7ms mean=16.6ms max=19.3ms] over[16ms=44 50ms=0 100ms=0 250ms=0]
05-18 12:40:12.269 11901 11918 I wasm_android_host::pr..: wandr-profile: frame 237240 t+4031045ms  win[N=60 min=14.7ms mean=16.6ms max=19.8ms] over[16ms=47 50ms=0 100ms=0 250ms=0]
05-18 12:40:13.267 11901 11918 I wasm_android_host::pr..: wandr-profile: frame 237300 t+4032043ms  win[N=60 min=14.6ms mean=16.6ms max=19.2ms] over[16ms=41 50ms=0 100ms=0 250ms=0]
05-18 12:40:14.264 11901 11918 I wasm_android_host::pr..: wandr-profile: frame 237360 t+4033040ms  win[N=60 min=13.8ms mean=16.6ms max=19.9ms] over[16ms=42 50ms=0 100ms=0 250ms=0]
05-18 12:40:15.263 11901 11918 I wasm_android_host::pr..: wandr-profile: frame 237420 t+4034039ms  win[N=60 min=14.9ms mean=16.6ms max=18.9ms] over[16ms=47 50ms=0 100ms=0 250ms=0]
05-18 12:40:16.261 11901 11918 I wasm_android_host::pr..: wandr-profile: frame 237480 t+4035037ms  win[N=60 min=14.3ms mean=16.6ms max=19.7ms] over[16ms=45 50ms=0 100ms=0 250ms=0]
05-18 12:40:17.260 11901 11918 I wasm_android_host::pr..: wandr-profile: frame 237540 t+4036035ms  win[N=60 min=12.5ms mean=16.6ms max=20.6ms] over[16ms=45 50ms=0 100ms=0 250ms=0]
05-18 12:40:18.275 11901 11918 I wasm_android_host::pr..: wandr-profile: frame 237600 t+4037051ms  win[N=60 min=13.9ms mean=16.9ms max=34.0ms] over[16ms=47 50ms=0 100ms=0 250ms=0]
05-18 12:40:19.273 11901 11918 I wasm_android_host::pr..: wandr-profile: frame 237660 t+4038049ms  win[N=60 min=13.1ms mean=16.6ms max=20.9ms] over[16ms=42 50ms=0 100ms=0 250ms=0]
05-18 12:40:20.274 11901 11918 I wasm_android_host::pr..: wandr-profile: frame 237720 t+4039049ms  win[N=60 min=13.8ms mean=16.6ms max=19.2ms] over[16ms=45 50ms=0 100ms=0 250ms=0]
05-18 12:40:21.272 11901 11918 I wasm_android_host::pr..: wandr-profile: frame 237780 t+4040048ms  win[N=60 min=13.5ms mean=16.6ms max=20.2ms] over[16ms=40 50ms=0 100ms=0 250ms=0]
05-18 12:40:22.270 11901 11918 I wasm_android_host::pr..: wandr-profile: frame 237840 t+4041046ms  win[N=60 min=14.5ms mean=16.6ms max=19.3ms] over[16ms=46 50ms=0 100ms=0 250ms=0]
05-18 12:40:23.268 11901 11918 I wasm_android_host::pr..: wandr-profile: frame 237900 t+4042044ms  win[N=60 min=12.9ms mean=16.6ms max=20.5ms] over[16ms=42 50ms=0 100ms=0 250ms=0]
05-18 12:40:24.267 11901 11918 I wasm_android_host::pr..: wandr-profile: frame 237960 t+4043043ms  win[N=60 min=14.6ms mean=16.6ms max=18.7ms] over[16ms=44 50ms=0 100ms=0 250ms=0]
05-18 12:40:25.264 11901 11918 I wasm_android_host::pr..: wandr-profile: frame 238020 t+4044040ms  win[N=60 min=14.6ms mean=16.5ms max=20.2ms] over[16ms=45 50ms=0 100ms=0 250ms=0]
05-18 12:40:26.262 11901 11918 I wasm_android_host::pr..: wandr-profile: frame 238080 t+4045038ms  win[N=60 min=14.6ms mean=16.6ms max=20.5ms] over[16ms=42 50ms=0 100ms=0 250ms=0]
05-18 12:40:27.261 11901 11918 I wasm_android_host::pr..: wandr-profile: frame 238140 t+4046037ms  win[N=60 min=13.8ms mean=16.6ms max=20.7ms] over[16ms=39 50ms=0 100ms=0 250ms=0]
05-18 12:40:28.259 11901 11918 I wasm_android_host::pr..: wandr-profile: frame 238200 t+4047035ms  win[N=60 min=13.2ms mean=16.6ms max=20.0ms] over[16ms=44 50ms=0 100ms=0 250ms=0]
05-18 12:40:29.258 11901 11918 I wasm_android_host::pr..: wandr-profile: frame 238260 t+4048033ms  win[N=60 min=13.4ms mean=16.6ms max=20.1ms] over[16ms=43 50ms=0 100ms=0 250ms=0]
05-18 12:40:30.258 11901 11918 I wasm_android_host::pr..: wandr-profile: frame 238320 t+4049034ms  win[N=60 min=14.5ms mean=16.6ms max=18.8ms] over[16ms=45 50ms=0 100ms=0 250ms=0]
05-18 12:40:31.254 11901 11918 I wasm_android_host::pr..: wandr-profile: frame 238380 t+4050030ms  win[N=60 min=14.7ms mean=16.5ms max=19.6ms] over[16ms=46 50ms=0 100ms=0 250ms=0]
05-18 12:40:32.253 11901 11918 I wasm_android_host::pr..: wandr-profile: frame 238440 t+4051028ms  win[N=60 min=13.3ms mean=16.6ms max=20.1ms] over[16ms=47 50ms=0 100ms=0 250ms=0]
05-18 12:40:33.269 11901 11918 I wasm_android_host::pr..: wandr-profile: frame 238500 t+4052044ms  win[N=60 min=11.9ms mean=16.9ms max=32.4ms] over[16ms=42 50ms=0 100ms=0 250ms=0]
05-18 12:40:34.268 11901 11918 I wasm_android_host::pr..: wandr-profile: frame 238560 t+4053043ms  win[N=60 min=14.8ms mean=16.6ms max=19.1ms] over[16ms=46 50ms=0 100ms=0 250ms=0]
05-18 12:40:35.264 11901 11918 I wasm_android_host::pr..: wandr-profile: frame 238620 t+4054040ms  win[N=60 min=12.1ms mean=16.5ms max=21.3ms] over[16ms=44 50ms=0 100ms=0 250ms=0]
05-18 12:40:36.263 11901 11918 I wasm_android_host::pr..: wandr-profile: frame 238680 t+4055039ms  win[N=60 min=13.4ms mean=16.6ms max=19.9ms] over[16ms=39 50ms=0 100ms=0 250ms=0]
05-18 12:40:37.261 11901 11918 I wasm_android_host::pr..: wandr-profile: frame 238740 t+4056037ms  win[N=60 min=13.5ms mean=16.6ms max=19.7ms] over[16ms=40 50ms=0 100ms=0 250ms=0]
05-18 12:40:38.259 11901 11918 I wasm_android_host::pr..: wandr-profile: frame 238800 t+4057035ms  win[N=60 min=13.1ms mean=16.6ms max=20.5ms] over[16ms=47 50ms=0 100ms=0 250ms=0]
05-18 12:40:39.258 11901 11918 I wasm_android_host::pr..: wandr-profile: frame 238860 t+4058033ms  win[N=60 min=14.7ms mean=16.6ms max=19.5ms] over[16ms=42 50ms=0 100ms=0 250ms=0]
05-18 12:40:40.256 11901 11918 I wasm_android_host::pr..: wandr-profile: frame 238920 t+4059032ms  win[N=60 min=13.6ms mean=16.6ms max=20.4ms] over[16ms=43 50ms=0 100ms=0 250ms=0]
05-18 12:40:41.255 11901 11918 I wasm_android_host::pr..: wandr-profile: frame 238980 t+4060030ms  win[N=60 min=14.5ms mean=16.6ms max=19.9ms] over[16ms=45 50ms=0 100ms=0 250ms=0]
05-18 12:40:42.253 11901 11918 I wasm_android_host::pr..: wandr-profile: frame 239040 t+4061028ms  win[N=60 min=14.7ms mean=16.6ms max=18.6ms] over[16ms=47 50ms=0 100ms=0 250ms=0]
05-18 12:40:43.252 11901 11918 I wasm_android_host::pr..: wandr-profile: frame 239100 t+4062028ms  win[N=60 min=13.8ms mean=16.6ms max=20.4ms] over[16ms=40 50ms=0 100ms=0 250ms=0]
05-18 12:40:44.252 11901 11918 I wasm_android_host::pr..: wandr-profile: frame 239160 t+4063028ms  win[N=60 min=12.9ms mean=16.6ms max=20.2ms] over[16ms=42 50ms=0 100ms=0 250ms=0]
05-18 12:40:45.249 11901 11918 I wasm_android_host::pr..: wandr-profile: frame 239220 t+4064025ms  win[N=60 min=14.3ms mean=16.6ms max=20.3ms] over[16ms=40 50ms=0 100ms=0 250ms=0]
05-18 12:40:46.248 11901 11918 I wasm_android_host::pr..: wandr-profile: frame 239280 t+4065023ms  win[N=60 min=13.4ms mean=16.6ms max=20.1ms] over[16ms=43 50ms=0 100ms=0 250ms=0]
05-18 12:40:47.245 11901 11918 I wasm_android_host::pr..: wandr-profile: frame 239340 t+4066020ms  win[N=60 min=14.0ms mean=16.6ms max=19.9ms] over[16ms=41 50ms=0 100ms=0 250ms=0]
05-18 12:40:48.243 11901 11918 I wasm_android_host::pr..: wandr-profile: frame 239400 t+4067019ms  win[N=60 min=13.2ms mean=16.6ms max=20.3ms] over[16ms=42 50ms=0 100ms=0 250ms=0]
05-18 12:40:49.241 11901 11918 I wasm_android_host::pr..: wandr-profile: frame 239460 t+4068017ms  win[N=60 min=11.4ms mean=16.6ms max=21.9ms] over[16ms=47 50ms=0 100ms=0 250ms=0]
05-18 12:40:50.240 11901 11918 I wasm_android_host::pr..: wandr-profile: frame 239520 t+4069016ms  win[N=60 min=12.5ms mean=16.6ms max=21.5ms] over[16ms=46 50ms=0 100ms=0 250ms=0]
05-18 12:40:51.238 11901 11918 I wasm_android_host::pr..: wandr-profile: frame 239580 t+4070013ms  win[N=60 min=14.2ms mean=16.6ms max=19.0ms] over[16ms=45 50ms=0 100ms=0 250ms=0]
05-18 12:40:52.238 11901 11918 I wasm_android_host::pr..: wandr-profile: frame 239640 t+4071014ms  win[N=60 min=13.5ms mean=16.6ms max=20.5ms] over[16ms=49 50ms=0 100ms=0 250ms=0]
05-18 12:40:53.253 11901 11918 I wasm_android_host::pr..: wandr-profile: frame 239700 t+4072029ms  win[N=60 min=13.9ms mean=16.8ms max=34.0ms] over[16ms=38 50ms=0 100ms=0 250ms=0]
05-18 12:40:54.252 11901 11918 I wasm_android_host::pr..: wandr-profile: frame 239760 t+4073028ms  win[N=60 min=13.5ms mean=16.6ms max=21.0ms] over[16ms=41 50ms=0 100ms=0 250ms=0]
05-18 12:40:55.265 11901 11918 I wasm_android_host::pr..: wandr-profile: frame 239820 t+4074041ms  win[N=60 min=14.2ms mean=16.8ms max=34.4ms] over[16ms=45 50ms=0 100ms=0 250ms=0]
05-18 12:40:56.263 11901 11918 I wasm_android_host::pr..: wandr-profile: frame 239880 t+4075039ms  win[N=60 min=13.8ms mean=16.6ms max=20.5ms] over[16ms=43 50ms=0 100ms=0 250ms=0]
05-18 12:40:57.261 11901 11918 I wasm_android_host::pr..: wandr-profile: frame 239940 t+4076037ms  win[N=60 min=14.1ms mean=16.6ms max=19.7ms] over[16ms=40 50ms=0 100ms=0 250ms=0]
05-18 12:40:58.260 11901 11918 I wasm_android_host::pr..: wandr-profile: frame 240000 t+4077035ms  win[N=60 min=12.8ms mean=16.6ms max=20.7ms] over[16ms=39 50ms=0 100ms=0 250ms=0]
05-18 12:40:59.258 11901 11918 I wasm_android_host::pr..: wandr-profile: frame 240060 t+4078034ms  win[N=60 min=14.4ms mean=16.6ms max=19.7ms] over[16ms=42 50ms=0 100ms=0 250ms=0]
05-18 12:41:00.256 11901 11918 I wasm_android_host::pr..: wandr-profile: frame 240120 t+4079031ms  win[N=60 min=13.0ms mean=16.6ms max=20.2ms] over[16ms=45 50ms=0 100ms=0 250ms=0]
05-18 12:41:01.257 11901 11918 I wasm_android_host::pr..: wandr-profile: frame 240180 t+4080032ms  win[N=60 min=14.7ms mean=16.6ms max=18.9ms] over[16ms=48 50ms=0 100ms=0 250ms=0]
05-18 12:41:02.253 11901 11918 I wasm_android_host::pr..: wandr-profile: frame 240240 t+4081029ms  win[N=60 min=13.5ms mean=16.5ms max=21.2ms] over[16ms=44 50ms=0 100ms=0 250ms=0]
05-18 12:41:03.254 11901 11918 I wasm_android_host::pr..: wandr-profile: frame 240300 t+4082029ms  win[N=60 min=14.1ms mean=16.6ms max=20.5ms] over[16ms=46 50ms=0 100ms=0 250ms=0]
05-18 12:41:04.252 11901 11918 I wasm_android_host::pr..: wandr-profile: frame 240360 t+4083028ms  win[N=60 min=13.3ms mean=16.6ms max=20.2ms] over[16ms=48 50ms=0 100ms=0 250ms=0]
05-18 12:41:05.250 11901 11918 I wasm_android_host::pr..: wandr-profile: frame 240420 t+4084026ms  win[N=60 min=14.0ms mean=16.6ms max=19.4ms] over[16ms=43 50ms=0 100ms=0 250ms=0]
05-18 12:41:06.247 11901 11918 I wasm_android_host::pr..: wandr-profile: frame 240480 t+4085023ms  win[N=60 min=13.6ms mean=16.5ms max=20.4ms] over[16ms=42 50ms=0 100ms=0 250ms=0]
05-18 12:41:07.247 11901 11918 I wasm_android_host::pr..: wandr-profile: frame 240540 t+4086023ms  win[N=60 min=14.0ms mean=16.6ms max=19.4ms] over[16ms=45 50ms=0 100ms=0 250ms=0]
05-18 12:41:08.244 11901 11918 I wasm_android_host::pr..: wandr-profile: frame 240600 t+4087020ms  win[N=60 min=14.4ms mean=16.6ms max=20.6ms] over[16ms=45 50ms=0 100ms=0 250ms=0]
05-18 12:41:09.243 11901 11918 I wasm_android_host::pr..: wandr-profile: frame 240660 t+4088018ms  win[N=60 min=14.6ms mean=16.6ms max=18.9ms] over[16ms=40 50ms=0 100ms=0 250ms=0]
05-18 12:41:10.241 11901 11918 I wasm_android_host::pr..: wandr-profile: frame 240720 t+4089017ms  win[N=60 min=14.6ms mean=16.6ms max=20.3ms] over[16ms=43 50ms=0 100ms=0 250ms=0]
05-18 12:41:11.240 11901 11918 I wasm_android_host::pr..: wandr-profile: frame 240780 t+4090015ms  win[N=60 min=14.7ms mean=16.6ms max=21.0ms] over[16ms=44 50ms=0 100ms=0 250ms=0]
05-18 12:41:12.238 11901 11918 I wasm_android_host::pr..: wandr-profile: frame 240840 t+4091014ms  win[N=60 min=14.0ms mean=16.6ms max=19.8ms] over[16ms=43 50ms=0 100ms=0 250ms=0]
05-18 12:41:13.237 11901 11918 I wasm_android_host::pr..: wandr-profile: frame 240900 t+4092013ms  win[N=60 min=12.5ms mean=16.6ms max=20.5ms] over[16ms=45 50ms=0 100ms=0 250ms=0]
05-18 12:41:14.253 11901 11918 I wasm_android_host::pr..: wandr-profile: frame 240960 t+4093028ms  win[N=60 min=11.0ms mean=16.9ms max=37.7ms] over[16ms=42 50ms=0 100ms=0 250ms=0]
05-18 12:41:15.252 11901 11918 I wasm_android_host::pr..: wandr-profile: frame 241020 t+4094028ms  win[N=60 min=13.6ms mean=16.6ms max=19.6ms] over[16ms=47 50ms=0 100ms=0 250ms=0]
05-18 12:41:16.250 11901 11918 I wasm_android_host::pr..: wandr-profile: frame 241080 t+4095026ms  win[N=60 min=14.8ms mean=16.6ms max=19.7ms] over[16ms=46 50ms=0 100ms=0 250ms=0]
05-18 12:41:17.249 11901 11918 I wasm_android_host::pr..: wandr-profile: frame 241140 t+4096024ms  win[N=60 min=13.1ms mean=16.6ms max=19.9ms] over[16ms=43 50ms=0 100ms=0 250ms=0]
05-18 12:41:18.246 11901 11918 I wasm_android_host::pr..: wandr-profile: frame 241200 t+4097021ms  win[N=60 min=14.5ms mean=16.6ms max=18.9ms] over[16ms=44 50ms=0 100ms=0 250ms=0]
05-18 12:41:19.244 11901 11918 I wasm_android_host::pr..: wandr-profile: frame 241260 t+4098020ms  win[N=60 min=14.4ms mean=16.6ms max=19.8ms] over[16ms=48 50ms=0 100ms=0 250ms=0]
05-18 12:41:20.243 11901 11918 I wasm_android_host::pr..: wandr-profile: frame 241320 t+4099018ms  win[N=60 min=14.2ms mean=16.6ms max=19.7ms] over[16ms=41 50ms=0 100ms=0 250ms=0]
05-18 12:41:21.241 11901 11918 I wasm_android_host::pr..: wandr-profile: frame 241380 t+4100016ms  win[N=60 min=13.9ms mean=16.6ms max=20.0ms] over[16ms=44 50ms=0 100ms=0 250ms=0]
05-18 12:41:22.239 11901 11918 I wasm_android_host::pr..: wandr-profile: frame 241440 t+4101015ms  win[N=60 min=13.0ms mean=16.6ms max=20.4ms] over[16ms=45 50ms=0 100ms=0 250ms=0]
05-18 12:41:23.238 11901 11918 I wasm_android_host::pr..: wandr-profile: frame 241500 t+4102014ms  win[N=60 min=13.6ms mean=16.6ms max=21.1ms] over[16ms=45 50ms=0 100ms=0 250ms=0]
05-18 12:41:24.238 11901 11918 I wasm_android_host::pr..: wandr-profile: frame 241560 t+4103014ms  win[N=60 min=14.6ms mean=16.6ms max=20.0ms] over[16ms=43 50ms=0 100ms=0 250ms=0]
05-18 12:41:25.238 11901 11918 I wasm_android_host::pr..: wandr-profile: frame 241620 t+4104014ms  win[N=60 min=13.8ms mean=16.6ms max=20.0ms] over[16ms=40 50ms=0 100ms=0 250ms=0]
05-18 12:41:26.233 11901 11918 I wasm_android_host::pr..: wandr-profile: frame 241680 t+4105009ms  win[N=60 min=14.8ms mean=16.5ms max=18.9ms] over[16ms=47 50ms=0 100ms=0 250ms=0]
05-18 12:41:27.233 11901 11918 I wasm_android_host::pr..: wandr-profile: frame 241740 t+4106009ms  win[N=60 min=13.7ms mean=16.6ms max=19.8ms] over[16ms=47 50ms=0 100ms=0 250ms=0]
05-18 12:41:28.231 11901 11918 I wasm_android_host::pr..: wandr-profile: frame 241800 t+4107007ms  win[N=60 min=13.4ms mean=16.6ms max=20.7ms] over[16ms=44 50ms=0 100ms=0 250ms=0]
05-18 12:41:29.230 11901 11918 I wasm_android_host::pr..: wandr-profile: frame 241860 t+4108006ms  win[N=60 min=13.9ms mean=16.6ms max=19.8ms] over[16ms=43 50ms=0 100ms=0 250ms=0]
05-18 12:41:30.230 11901 11918 I wasm_android_host::pr..: wandr-profile: frame 241920 t+4109005ms  win[N=60 min=13.4ms mean=16.6ms max=21.0ms] over[16ms=44 50ms=0 100ms=0 250ms=0]
05-18 12:41:31.226 11901 11918 I wasm_android_host::pr..: wandr-profile: frame 241980 t+4110001ms  win[N=60 min=11.8ms mean=16.5ms max=20.6ms] over[16ms=47 50ms=0 100ms=0 250ms=0]
05-18 12:41:32.224 11901 11918 I wasm_android_host::pr..: wandr-profile: frame 242040 t+4110999ms  win[N=60 min=14.2ms mean=16.6ms max=20.4ms] over[16ms=44 50ms=0 100ms=0 250ms=0]
05-18 12:41:33.223 11901 11918 I wasm_android_host::pr..: wandr-profile: frame 242100 t+4111998ms  win[N=60 min=14.2ms mean=16.6ms max=20.1ms] over[16ms=46 50ms=0 100ms=0 250ms=0]
05-18 12:41:34.221 11901 11918 I wasm_android_host::pr..: wandr-profile: frame 242160 t+4112996ms  win[N=60 min=13.6ms mean=16.6ms max=21.3ms] over[16ms=41 50ms=0 100ms=0 250ms=0]
05-18 12:41:35.219 11901 11918 I wasm_android_host::pr..: wandr-profile: frame 242220 t+4113995ms  win[N=60 min=13.2ms mean=16.6ms max=20.1ms] over[16ms=44 50ms=0 100ms=0 250ms=0]
05-18 12:41:36.217 11901 11918 I wasm_android_host::pr..: wandr-profile: frame 242280 t+4114993ms  win[N=60 min=14.6ms mean=16.6ms max=20.0ms] over[16ms=45 50ms=0 100ms=0 250ms=0]
05-18 12:41:37.216 11901 11918 I wasm_android_host::pr..: wandr-profile: frame 242340 t+4115991ms  win[N=60 min=12.6ms mean=16.6ms max=20.8ms] over[16ms=41 50ms=0 100ms=0 250ms=0]
05-18 12:41:38.216 11901 11918 I wasm_android_host::pr..: wandr-profile: frame 242400 t+4116992ms  win[N=60 min=13.4ms mean=16.6ms max=20.1ms] over[16ms=42 50ms=0 100ms=0 250ms=0]
05-18 12:41:39.213 11901 11918 I wasm_android_host::pr..: wandr-profile: frame 242460 t+4117988ms  win[N=60 min=14.1ms mean=16.5ms max=19.2ms] over[16ms=43 50ms=0 100ms=0 250ms=0]
05-18 12:41:40.229 11901 11918 I wasm_android_host::pr..: wandr-profile: frame 242520 t+4119005ms  win[N=60 min=10.9ms mean=16.9ms max=33.5ms] over[16ms=40 50ms=0 100ms=0 250ms=0]
05-18 12:41:41.228 11901 11918 I wasm_android_host::pr..: wandr-profile: frame 242580 t+4120003ms  win[N=60 min=14.3ms mean=16.6ms max=20.3ms] over[16ms=44 50ms=0 100ms=0 250ms=0]
05-18 12:41:42.224 11901 11918 I wasm_android_host::pr..: wandr-profile: frame 242640 t+4121000ms  win[N=60 min=13.4ms mean=16.5ms max=19.7ms] over[16ms=43 50ms=0 100ms=0 250ms=0]
05-18 12:41:43.223 11901 11918 I wasm_android_host::pr..: wandr-profile: frame 242700 t+4121999ms  win[N=60 min=13.6ms mean=16.6ms max=20.3ms] over[16ms=37 50ms=0 100ms=0 250ms=0]
05-18 12:41:44.221 11901 11918 I wasm_android_host::pr..: wandr-profile: frame 242760 t+4122997ms  win[N=60 min=14.6ms mean=16.6ms max=20.0ms] over[16ms=45 50ms=0 100ms=0 250ms=0]
05-18 12:41:45.220 11901 11918 I wasm_android_host::pr..: wandr-profile: frame 242820 t+4123995ms  win[N=60 min=14.3ms mean=16.6ms max=20.4ms] over[16ms=47 50ms=0 100ms=0 250ms=0]
05-18 12:41:46.218 11901 11918 I wasm_android_host::pr..: wandr-profile: frame 242880 t+4124994ms  win[N=60 min=11.5ms mean=16.6ms max=21.4ms] over[16ms=45 50ms=0 100ms=0 250ms=0]
05-18 12:41:47.218 11901 11918 I wasm_android_host::pr..: wandr-profile: frame 242940 t+4125994ms  win[N=60 min=13.6ms mean=16.6ms max=20.8ms] over[16ms=45 50ms=0 100ms=0 250ms=0]
05-18 12:41:48.215 11901 11918 I wasm_android_host::pr..: wandr-profile: frame 243000 t+4126990ms  win[N=60 min=14.1ms mean=16.5ms max=20.8ms] over[16ms=46 50ms=0 100ms=0 250ms=0]
05-18 12:41:49.213 11901 11918 I wasm_android_host::pr..: wandr-profile: frame 243060 t+4127988ms  win[N=60 min=12.3ms mean=16.6ms max=20.9ms] over[16ms=41 50ms=0 100ms=0 250ms=0]
05-18 12:41:50.213 11901 11918 I wasm_android_host::pr..: wandr-profile: frame 243120 t+4128989ms  win[N=60 min=14.5ms mean=16.6ms max=19.9ms] over[16ms=44 50ms=0 100ms=0 250ms=0]
05-18 12:41:51.212 11901 11918 I wasm_android_host::pr..: wandr-profile: frame 243180 t+4129988ms  win[N=60 min=14.8ms mean=16.6ms max=20.1ms] over[16ms=43 50ms=0 100ms=0 250ms=0]
05-18 12:41:52.209 11901 11918 I wasm_android_host::pr..: wandr-profile: frame 243240 t+4130985ms  win[N=60 min=13.8ms mean=16.6ms max=19.7ms] over[16ms=45 50ms=0 100ms=0 250ms=0]
05-18 12:41:53.207 11901 11918 I wasm_android_host::pr..: wandr-profile: frame 243300 t+4131983ms  win[N=60 min=13.3ms mean=16.6ms max=20.5ms] over[16ms=44 50ms=0 100ms=0 250ms=0]
05-18 12:41:54.206 11901 11918 I wasm_android_host::pr..: wandr-profile: frame 243360 t+4132982ms  win[N=60 min=14.1ms mean=16.6ms max=20.1ms] over[16ms=45 50ms=0 100ms=0 250ms=0]
05-18 12:41:55.203 11901 11918 I wasm_android_host::pr..: wandr-profile: frame 243420 t+4133979ms  win[N=60 min=14.6ms mean=16.5ms max=20.3ms] over[16ms=43 50ms=0 100ms=0 250ms=0]
05-18 12:41:56.218 11901 11918 I wasm_android_host::pr..: wandr-profile: frame 243480 t+4134994ms  win[N=60 min=14.4ms mean=16.9ms max=31.2ms] over[16ms=43 50ms=0 100ms=0 250ms=0]
05-18 12:41:57.217 11901 11918 I wasm_android_host::pr..: wandr-profile: frame 243540 t+4135993ms  win[N=60 min=13.4ms mean=16.6ms max=20.6ms] over[16ms=45 50ms=0 100ms=0 250ms=0]
05-18 12:41:58.233 11901 11918 I wasm_android_host::pr..: wandr-profile: frame 243600 t+4137009ms  win[N=60 min=14.3ms mean=16.9ms max=32.0ms] over[16ms=44 50ms=0 100ms=0 250ms=0]
05-18 12:41:59.247 11901 11918 I wasm_android_host::pr..: wandr-profile: frame 243660 t+4138023ms  win[N=60 min=11.0ms mean=16.8ms max=33.0ms] over[16ms=41 50ms=0 100ms=0 250ms=0]
05-18 12:42:00.246 11901 11918 I wasm_android_host::pr..: wandr-profile: frame 243720 t+4139022ms  win[N=60 min=14.1ms mean=16.6ms max=20.5ms] over[16ms=43 50ms=0 100ms=0 250ms=0]
05-18 12:42:01.243 11901 11918 I wasm_android_host::pr..: wandr-profile: frame 243780 t+4140019ms  win[N=60 min=12.6ms mean=16.6ms max=21.0ms] over[16ms=39 50ms=0 100ms=0 250ms=0]
05-18 12:42:02.258 11901 11918 I wasm_android_host::pr..: wandr-profile: frame 243840 t+4141034ms  win[N=60 min=11.2ms mean=16.8ms max=34.6ms] over[16ms=44 50ms=0 100ms=0 250ms=0]
05-18 12:42:03.258 11901 11918 I wasm_android_host::pr..: wandr-profile: frame 243900 t+4142034ms  win[N=60 min=14.6ms mean=16.6ms max=20.3ms] over[16ms=46 50ms=0 100ms=0 250ms=0]
05-18 12:42:04.273 11901 11918 I wasm_android_host::pr..: wandr-profile: frame 243960 t+4143049ms  win[N=60 min=11.4ms mean=16.8ms max=34.7ms] over[16ms=42 50ms=0 100ms=0 250ms=0]
05-18 12:42:05.272 11901 11918 I wasm_android_host::pr..: wandr-profile: frame 244020 t+4144047ms  win[N=60 min=13.7ms mean=16.6ms max=20.6ms] over[16ms=42 50ms=0 100ms=0 250ms=0]
05-18 12:42:06.270 11901 11918 I wasm_android_host::pr..: wandr-profile: frame 244080 t+4145046ms  win[N=60 min=14.2ms mean=16.6ms max=19.5ms] over[16ms=43 50ms=0 100ms=0 250ms=0]
05-18 12:42:07.268 11901 11918 I wasm_android_host::pr..: wandr-profile: frame 244140 t+4146044ms  win[N=60 min=13.2ms mean=16.6ms max=20.4ms] over[16ms=42 50ms=0 100ms=0 250ms=0]
05-18 12:42:08.266 11901 11918 I wasm_android_host::pr..: wandr-profile: frame 244200 t+4147042ms  win[N=60 min=14.7ms mean=16.6ms max=18.9ms] over[16ms=46 50ms=0 100ms=0 250ms=0]
05-18 12:42:09.264 11901 11918 I wasm_android_host::pr..: wandr-profile: frame 244260 t+4148039ms  win[N=60 min=13.5ms mean=16.6ms max=20.1ms] over[16ms=47 50ms=0 100ms=0 250ms=0]
05-18 12:42:10.262 11901 11918 I wasm_android_host::pr..: wandr-profile: frame 244320 t+4149038ms  win[N=60 min=14.3ms mean=16.6ms max=20.8ms] over[16ms=44 50ms=0 100ms=0 250ms=0]
05-18 12:42:11.261 11901 11918 I wasm_android_host::pr..: wandr-profile: frame 244380 t+4150036ms  win[N=60 min=13.7ms mean=16.6ms max=20.2ms] over[16ms=40 50ms=0 100ms=0 250ms=0]
05-18 12:42:12.259 11901 11918 I wasm_android_host::pr..: wandr-profile: frame 244440 t+4151034ms  win[N=60 min=14.0ms mean=16.6ms max=19.4ms] over[16ms=42 50ms=0 100ms=0 250ms=0]
05-18 12:42:13.257 11901 11918 I wasm_android_host::pr..: wandr-profile: frame 244500 t+4152033ms  win[N=60 min=13.4ms mean=16.6ms max=20.0ms] over[16ms=45 50ms=0 100ms=0 250ms=0]
05-18 12:42:14.256 11901 11918 I wasm_android_host::pr..: wandr-profile: frame 244560 t+4153032ms  win[N=60 min=13.5ms mean=16.6ms max=20.2ms] over[16ms=43 50ms=0 100ms=0 250ms=0]
05-18 12:42:15.258 11901 11918 I wasm_android_host::pr..: wandr-profile: frame 244620 t+4154034ms  win[N=60 min=13.8ms mean=16.6ms max=20.6ms] over[16ms=46 50ms=0 100ms=0 250ms=0]
05-18 12:42:16.253 11901 11918 I wasm_android_host::pr..: wandr-profile: frame 244680 t+4155029ms  win[N=60 min=14.3ms mean=16.5ms max=19.6ms] over[16ms=43 50ms=0 100ms=0 250ms=0]
05-18 12:42:17.253 11901 11918 I wasm_android_host::pr..: wandr-profile: frame 244740 t+4156029ms  win[N=60 min=13.2ms mean=16.6ms max=19.9ms] over[16ms=44 50ms=0 100ms=0 250ms=0]
05-18 12:42:18.250 11901 11918 I wasm_android_host::pr..: wandr-profile: frame 244800 t+4157026ms  win[N=60 min=14.4ms mean=16.6ms max=20.9ms] over[16ms=40 50ms=0 100ms=0 250ms=0]
05-18 12:42:19.265 11901 11918 I wasm_android_host::pr..: wandr-profile: frame 244860 t+4158041ms  win[N=60 min=10.8ms mean=16.9ms max=36.3ms] over[16ms=40 50ms=0 100ms=0 250ms=0]
05-18 12:42:20.291 11901 11918 I wasm_android_host::pr..: wandr-profile: frame 244920 t+4159066ms  win[N=60 min=13.2ms mean=17.0ms max=28.9ms] over[16ms=45 50ms=0 100ms=0 250ms=0]
05-18 12:42:21.278 11901 11918 I wasm_android_host::pr..: wandr-profile: frame 244980 t+4160054ms  win[N=60 min=11.2ms mean=16.4ms max=19.2ms] over[16ms=44 50ms=0 100ms=0 250ms=0]
05-18 12:42:22.281 11901 11918 I wasm_android_host::pr..: wandr-profile: frame 245040 t+4161057ms  win[N=60 min=12.9ms mean=16.6ms max=20.8ms] over[16ms=43 50ms=0 100ms=0 250ms=0]
05-18 12:42:23.275 11901 11918 I wasm_android_host::pr..: wandr-profile: frame 245100 t+4162051ms  win[N=60 min=12.7ms mean=16.5ms max=18.9ms] over[16ms=43 50ms=0 100ms=0 250ms=0]
05-18 12:42:24.276 11901 11918 I wasm_android_host::pr..: wandr-profile: frame 245160 t+4163052ms  win[N=60 min=13.6ms mean=16.6ms max=21.0ms] over[16ms=42 50ms=0 100ms=0 250ms=0]
05-18 12:42:25.291 11901 11918 I wasm_android_host::pr..: wandr-profile: frame 245220 t+4164067ms  win[N=60 min=13.0ms mean=16.8ms max=32.5ms] over[16ms=42 50ms=0 100ms=0 250ms=0]
05-18 12:42:26.289 11901 11918 I wasm_android_host::pr..: wandr-profile: frame 245280 t+4165065ms  win[N=60 min=13.4ms mean=16.6ms max=19.9ms] over[16ms=44 50ms=0 100ms=0 250ms=0]
05-18 12:42:27.287 11901 11918 I wasm_android_host::pr..: wandr-profile: frame 245340 t+4166063ms  win[N=60 min=14.7ms mean=16.6ms max=18.9ms] over[16ms=45 50ms=0 100ms=0 250ms=0]
05-18 12:42:28.284 11901 11918 I wasm_android_host::pr..: wandr-profile: frame 245400 t+4167060ms  win[N=60 min=13.7ms mean=16.5ms max=20.1ms] over[16ms=43 50ms=0 100ms=0 250ms=0]
05-18 12:42:29.283 11901 11918 I wasm_android_host::pr..: wandr-profile: frame 245460 t+4168058ms  win[N=60 min=13.0ms mean=16.6ms max=20.4ms] over[16ms=41 50ms=0 100ms=0 250ms=0]
05-18 12:42:30.281 11901 11918 I wasm_android_host::pr..: wandr-profile: frame 245520 t+4169057ms  win[N=60 min=14.1ms mean=16.6ms max=19.8ms] over[16ms=46 50ms=0 100ms=0 250ms=0]
05-18 12:42:31.280 11901 11918 I wasm_android_host::pr..: wandr-profile: frame 245580 t+4170055ms  win[N=60 min=12.9ms mean=16.6ms max=20.7ms] over[16ms=46 50ms=0 100ms=0 250ms=0]
05-18 12:42:32.278 11901 11918 I wasm_android_host::pr..: wandr-profile: frame 245640 t+4171053ms  win[N=60 min=14.1ms mean=16.6ms max=19.7ms] over[16ms=47 50ms=0 100ms=0 250ms=0]
05-18 12:42:33.276 11901 11918 I wasm_android_host::pr..: wandr-profile: frame 245700 t+4172052ms  win[N=60 min=13.1ms mean=16.6ms max=20.3ms] over[16ms=41 50ms=0 100ms=0 250ms=0]
05-18 12:42:34.276 11901 11918 I wasm_android_host::pr..: wandr-profile: frame 245760 t+4173052ms  win[N=60 min=14.1ms mean=16.6ms max=19.9ms] over[16ms=43 50ms=0 100ms=0 250ms=0]
05-18 12:42:35.273 11901 11918 I wasm_android_host::pr..: wandr-profile: frame 245820 t+4174049ms  win[N=60 min=13.5ms mean=16.5ms max=20.8ms] over[16ms=44 50ms=0 100ms=0 250ms=0]
05-18 12:42:36.273 11901 11918 I wasm_android_host::pr..: wandr-profile: frame 245880 t+4175049ms  win[N=60 min=13.7ms mean=16.6ms max=19.7ms] over[16ms=45 50ms=0 100ms=0 250ms=0]
05-18 12:42:37.272 11901 11918 I wasm_android_host::pr..: wandr-profile: frame 245940 t+4176047ms  win[N=60 min=14.2ms mean=16.6ms max=20.6ms] over[16ms=39 50ms=0 100ms=0 250ms=0]
05-18 12:42:38.269 11901 11918 I wasm_android_host::pr..: wandr-profile: frame 246000 t+4177045ms  win[N=60 min=14.4ms mean=16.6ms max=19.8ms] over[16ms=45 50ms=0 100ms=0 250ms=0]
05-18 12:42:39.268 11901 11918 I wasm_android_host::pr..: wandr-profile: frame 246060 t+4178044ms  win[N=60 min=14.7ms mean=16.6ms max=20.5ms] over[16ms=41 50ms=0 100ms=0 250ms=0]
05-18 12:42:40.265 11901 11918 I wasm_android_host::pr..: wandr-profile: frame 246120 t+4179041ms  win[N=60 min=13.6ms mean=16.6ms max=19.8ms] over[16ms=42 50ms=0 100ms=0 250ms=0]
05-18 12:42:41.263 11901 11918 I wasm_android_host::pr..: wandr-profile: frame 246180 t+4180039ms  win[N=60 min=13.0ms mean=16.6ms max=20.5ms] over[16ms=44 50ms=0 100ms=0 250ms=0]
05-18 12:42:42.262 11901 11918 I wasm_android_host::pr..: wandr-profile: frame 246240 t+4181037ms  win[N=60 min=14.7ms mean=16.6ms max=19.4ms] over[16ms=47 50ms=0 100ms=0 250ms=0]
05-18 12:42:43.260 11901 11918 I wasm_android_host::pr..: wandr-profile: frame 246300 t+4182036ms  win[N=60 min=14.0ms mean=16.6ms max=19.7ms] over[16ms=44 50ms=0 100ms=0 250ms=0]
05-18 12:42:44.258 11901 11918 I wasm_android_host::pr..: wandr-profile: frame 246360 t+4183034ms  win[N=60 min=11.6ms mean=16.6ms max=22.5ms] over[16ms=43 50ms=0 100ms=0 250ms=0]
05-18 12:42:45.257 11901 11918 I wasm_android_host::pr..: wandr-profile: frame 246420 t+4184033ms  win[N=60 min=14.6ms mean=16.6ms max=20.2ms] over[16ms=42 50ms=0 100ms=0 250ms=0]
05-18 12:42:46.258 11901 11918 I wasm_android_host::pr..: wandr-profile: frame 246480 t+4185034ms  win[N=60 min=14.2ms mean=16.6ms max=19.8ms] over[16ms=46 50ms=0 100ms=0 250ms=0]
05-18 12:42:47.254 11901 11918 I wasm_android_host::pr..: wandr-profile: frame 246540 t+4186029ms  win[N=60 min=13.3ms mean=16.5ms max=20.4ms] over[16ms=36 50ms=0 100ms=0 250ms=0]
05-18 12:42:48.254 11901 11918 I wasm_android_host::pr..: wandr-profile: frame 246600 t+4187029ms  win[N=60 min=14.0ms mean=16.6ms max=19.8ms] over[16ms=46 50ms=0 100ms=0 250ms=0]
05-18 12:42:49.251 11901 11918 I wasm_android_host::pr..: wandr-profile: frame 246660 t+4188027ms  win[N=60 min=13.8ms mean=16.6ms max=19.6ms] over[16ms=46 50ms=0 100ms=0 250ms=0]
05-18 12:42:50.251 11901 11918 I wasm_android_host::pr..: wandr-profile: frame 246720 t+4189026ms  win[N=60 min=14.2ms mean=16.6ms max=19.8ms] over[16ms=39 50ms=0 100ms=0 250ms=0]
05-18 12:42:51.248 11901 11918 I wasm_android_host::pr..: wandr-profile: frame 246780 t+4190024ms  win[N=60 min=13.1ms mean=16.6ms max=20.2ms] over[16ms=46 50ms=0 100ms=0 250ms=0]
05-18 12:42:52.247 11901 11918 I wasm_android_host::pr..: wandr-profile: frame 246840 t+4191023ms  win[N=60 min=14.8ms mean=16.6ms max=18.5ms] over[16ms=47 50ms=0 100ms=0 250ms=0]
05-18 12:42:53.244 11901 11918 I wasm_android_host::pr..: wandr-profile: frame 246900 t+4192020ms  win[N=60 min=14.3ms mean=16.6ms max=20.4ms] over[16ms=43 50ms=0 100ms=0 250ms=0]
05-18 12:42:54.243 11901 11918 I wasm_android_host::pr..: wandr-profile: frame 246960 t+4193018ms  win[N=60 min=13.3ms mean=16.6ms max=20.9ms] over[16ms=40 50ms=0 100ms=0 250ms=0]
05-18 12:42:55.241 11901 11918 I wasm_android_host::pr..: wandr-profile: frame 247020 t+4194017ms  win[N=60 min=14.9ms mean=16.6ms max=20.3ms] over[16ms=47 50ms=0 100ms=0 250ms=0]
05-18 12:42:56.239 11901 11918 I wasm_android_host::pr..: wandr-profile: frame 247080 t+4195015ms  win[N=60 min=12.8ms mean=16.6ms max=20.5ms] over[16ms=46 50ms=0 100ms=0 250ms=0]
05-18 12:42:57.238 11901 11918 I wasm_android_host::pr..: wandr-profile: frame 247140 t+4196013ms  win[N=60 min=13.8ms mean=16.6ms max=20.2ms] over[16ms=42 50ms=0 100ms=0 250ms=0]
05-18 12:42:58.238 11901 11918 I wasm_android_host::pr..: wandr-profile: frame 247200 t+4197014ms  win[N=60 min=14.1ms mean=16.6ms max=20.7ms] over[16ms=44 50ms=0 100ms=0 250ms=0]
05-18 12:42:59.235 11901 11918 I wasm_android_host::pr..: wandr-profile: frame 247260 t+4198010ms  win[N=60 min=14.2ms mean=16.5ms max=19.2ms] over[16ms=45 50ms=0 100ms=0 250ms=0]
05-18 12:43:00.233 11901 11918 I wasm_android_host::pr..: wandr-profile: frame 247320 t+4199009ms  win[N=60 min=14.5ms mean=16.6ms max=20.5ms] over[16ms=42 50ms=0 100ms=0 250ms=0]
05-18 12:43:01.233 11901 11918 I wasm_android_host::pr..: wandr-profile: frame 247380 t+4200009ms  win[N=60 min=14.3ms mean=16.6ms max=19.9ms] over[16ms=44 50ms=0 100ms=0 250ms=0]
05-18 12:43:02.232 11901 11918 I wasm_android_host::pr..: wandr-profile: frame 247440 t+4201008ms  win[N=60 min=12.9ms mean=16.6ms max=20.4ms] over[16ms=45 50ms=0 100ms=0 250ms=0]
05-18 12:43:03.230 11901 11918 I wasm_android_host::pr..: wandr-profile: frame 247500 t+4202005ms  win[N=60 min=13.6ms mean=16.6ms max=19.8ms] over[16ms=44 50ms=0 100ms=0 250ms=0]
05-18 12:43:04.228 11901 11918 I wasm_android_host::pr..: wandr-profile: frame 247560 t+4203003ms  win[N=60 min=14.2ms mean=16.6ms max=20.4ms] over[16ms=44 50ms=0 100ms=0 250ms=0]
05-18 12:43:05.241 11901 11918 I wasm_android_host::pr..: wandr-profile: frame 247620 t+4204017ms  win[N=60 min=11.1ms mean=16.8ms max=35.8ms] over[16ms=44 50ms=0 100ms=0 250ms=0]
05-18 12:43:06.240 11901 11918 I wasm_android_host::pr..: wandr-profile: frame 247680 t+4205016ms  win[N=60 min=13.2ms mean=16.6ms max=20.1ms] over[16ms=47 50ms=0 100ms=0 250ms=0]
05-18 12:43:07.238 11901 11918 I wasm_android_host::pr..: wandr-profile: frame 247740 t+4206014ms  win[N=60 min=14.6ms mean=16.6ms max=18.7ms] over[16ms=47 50ms=0 100ms=0 250ms=0]
05-18 12:43:08.237 11901 11918 I wasm_android_host::pr..: wandr-profile: frame 247800 t+4207013ms  win[N=60 min=13.8ms mean=16.6ms max=20.6ms] over[16ms=45 50ms=0 100ms=0 250ms=0]
05-18 12:43:09.235 11901 11918 I wasm_android_host::pr..: wandr-profile: frame 247860 t+4208011ms  win[N=60 min=13.7ms mean=16.6ms max=19.6ms] over[16ms=44 50ms=0 100ms=0 250ms=0]
05-18 12:43:10.234 11901 11918 I wasm_android_host::pr..: wandr-profile: frame 247920 t+4209009ms  win[N=60 min=14.7ms mean=16.6ms max=20.2ms] over[16ms=44 50ms=0 100ms=0 250ms=0]
05-18 12:43:11.232 11901 11918 I wasm_android_host::pr..: wandr-profile: frame 247980 t+4210007ms  win[N=60 min=14.5ms mean=16.6ms max=19.3ms] over[16ms=46 50ms=0 100ms=0 250ms=0]
05-18 12:43:12.232 11901 11918 I wasm_android_host::pr..: wandr-profile: frame 248040 t+4211008ms  win[N=60 min=14.2ms mean=16.6ms max=20.4ms] over[16ms=44 50ms=0 100ms=0 250ms=0]
05-18 12:43:13.246 11901 11918 I wasm_android_host::pr..: wandr-profile: frame 248100 t+4212022ms  win[N=60 min=14.8ms mean=16.8ms max=36.2ms] over[16ms=44 50ms=0 100ms=0 250ms=0]
05-18 12:43:14.244 11901 11918 I wasm_android_host::pr..: wandr-profile: frame 248160 t+4213019ms  win[N=60 min=14.4ms mean=16.6ms max=19.6ms] over[16ms=43 50ms=0 100ms=0 250ms=0]
05-18 12:43:15.242 11901 11918 I wasm_android_host::pr..: wandr-profile: frame 248220 t+4214018ms  win[N=60 min=14.3ms mean=16.6ms max=19.5ms] over[16ms=38 50ms=0 100ms=0 250ms=0]
05-18 12:43:16.240 11901 11918 I wasm_android_host::pr..: wandr-profile: frame 248280 t+4215016ms  win[N=60 min=13.9ms mean=16.6ms max=20.1ms] over[16ms=45 50ms=0 100ms=0 250ms=0]
05-18 12:43:17.239 11901 11918 I wasm_android_host::pr..: wandr-profile: frame 248340 t+4216015ms  win[N=60 min=14.4ms mean=16.6ms max=20.9ms] over[16ms=40 50ms=0 100ms=0 250ms=0]
05-18 12:43:18.238 11901 11918 I wasm_android_host::pr..: wandr-profile: frame 248400 t+4217013ms  win[N=60 min=14.1ms mean=16.6ms max=20.5ms] over[16ms=44 50ms=0 100ms=0 250ms=0]
05-18 12:43:19.236 11901 11918 I wasm_android_host::pr..: wandr-profile: frame 248460 t+4218011ms  win[N=60 min=14.3ms mean=16.6ms max=20.7ms] over[16ms=43 50ms=0 100ms=0 250ms=0]
05-18 12:43:20.234 11901 11918 I wasm_android_host::pr..: wandr-profile: frame 248520 t+4219010ms  win[N=60 min=13.5ms mean=16.6ms max=20.7ms] over[16ms=42 50ms=0 100ms=0 250ms=0]
05-18 12:43:21.234 11901 11918 I wasm_android_host::pr..: wandr-profile: frame 248580 t+4220009ms  win[N=60 min=14.4ms mean=16.6ms max=20.6ms] over[16ms=39 50ms=0 100ms=0 250ms=0]
05-18 12:43:22.232 11901 11918 I wasm_android_host::pr..: wandr-profile: frame 248640 t+4221008ms  win[N=60 min=13.2ms mean=16.6ms max=20.1ms] over[16ms=45 50ms=0 100ms=0 250ms=0]
05-18 12:43:23.231 11901 11918 I wasm_android_host::pr..: wandr-profile: frame 248700 t+4222006ms  win[N=60 min=14.5ms mean=16.6ms max=18.6ms] over[16ms=47 50ms=0 100ms=0 250ms=0]
05-18 12:43:24.229 11901 11918 I wasm_android_host::pr..: wandr-profile: frame 248760 t+4223005ms  win[N=60 min=13.7ms mean=16.6ms max=20.1ms] over[16ms=46 50ms=0 100ms=0 250ms=0]
05-18 12:43:25.227 11901 11918 I wasm_android_host::pr..: wandr-profile: frame 248820 t+4224003ms  win[N=60 min=14.3ms mean=16.6ms max=21.8ms] over[16ms=38 50ms=0 100ms=0 250ms=0]
05-18 12:43:26.241 11901 11918 I wasm_android_host::pr..: wandr-profile: frame 248880 t+4225017ms  win[N=60 min=13.8ms mean=16.8ms max=32.4ms] over[16ms=43 50ms=0 100ms=0 250ms=0]
05-18 12:43:27.239 11901 11918 I wasm_android_host::pr..: wandr-profile: frame 248940 t+4226015ms  win[N=60 min=14.3ms mean=16.6ms max=20.7ms] over[16ms=45 50ms=0 100ms=0 250ms=0]
05-18 12:43:28.237 11901 11918 I wasm_android_host::pr..: wandr-profile: frame 249000 t+4227013ms  win[N=60 min=14.1ms mean=16.6ms max=20.5ms] over[16ms=44 50ms=0 100ms=0 250ms=0]
05-18 12:43:29.238 11901 11918 I wasm_android_host::pr..: wandr-profile: frame 249060 t+4228014ms  win[N=60 min=13.5ms mean=16.6ms max=20.5ms] over[16ms=47 50ms=0 100ms=0 250ms=0]
05-18 12:43:30.234 11901 11918 I wasm_android_host::pr..: wandr-profile: frame 249120 t+4229010ms  win[N=60 min=12.8ms mean=16.5ms max=20.0ms] over[16ms=48 50ms=0 100ms=0 250ms=0]
05-18 12:43:31.233 11901 11918 I wasm_android_host::pr..: wandr-profile: frame 249180 t+4230009ms  win[N=60 min=14.6ms mean=16.6ms max=18.6ms] over[16ms=49 50ms=0 100ms=0 250ms=0]
05-18 12:43:32.235 11901 11918 I wasm_android_host::pr..: wandr-profile: frame 249240 t+4231010ms  win[N=60 min=13.6ms mean=16.6ms max=19.8ms] over[16ms=47 50ms=0 100ms=0 250ms=0]
05-18 12:43:33.231 11901 11918 I wasm_android_host::pr..: wandr-profile: frame 249300 t+4232007ms  win[N=60 min=13.5ms mean=16.6ms max=19.6ms] over[16ms=41 50ms=0 100ms=0 250ms=0]
05-18 12:43:34.229 11901 11918 I wasm_android_host::pr..: wandr-profile: frame 249360 t+4233005ms  win[N=60 min=14.1ms mean=16.6ms max=20.1ms] over[16ms=41 50ms=0 100ms=0 250ms=0]
05-18 12:43:35.228 11901 11918 I wasm_android_host::pr..: wandr-profile: frame 249420 t+4234004ms  win[N=60 min=14.6ms mean=16.6ms max=20.6ms] over[16ms=43 50ms=0 100ms=0 250ms=0]
05-18 12:43:36.225 11901 11918 I wasm_android_host::pr..: wandr-profile: frame 249480 t+4235000ms  win[N=60 min=13.6ms mean=16.6ms max=19.8ms] over[16ms=42 50ms=0 100ms=0 250ms=0]
05-18 12:43:37.223 11901 11918 I wasm_android_host::pr..: wandr-profile: frame 249540 t+4235999ms  win[N=60 min=12.9ms mean=16.6ms max=20.5ms] over[16ms=46 50ms=0 100ms=0 250ms=0]
05-18 12:43:38.221 11901 11918 I wasm_android_host::pr..: wandr-profile: frame 249600 t+4236997ms  win[N=60 min=13.6ms mean=16.6ms max=20.0ms] over[16ms=45 50ms=0 100ms=0 250ms=0]
05-18 12:43:39.220 11901 11918 I wasm_android_host::pr..: wandr-profile: frame 249660 t+4237995ms  win[N=60 min=13.7ms mean=16.6ms max=19.6ms] over[16ms=45 50ms=0 100ms=0 250ms=0]
05-18 12:43:40.218 11901 11918 I wasm_android_host::pr..: wandr-profile: frame 249720 t+4238994ms  win[N=60 min=14.9ms mean=16.6ms max=19.0ms] over[16ms=49 50ms=0 100ms=0 250ms=0]
05-18 12:43:41.217 11901 11918 I wasm_android_host::pr..: wandr-profile: frame 249780 t+4239992ms  win[N=60 min=13.7ms mean=16.6ms max=20.4ms] over[16ms=44 50ms=0 100ms=0 250ms=0]
05-18 12:43:42.218 11901 11918 I wasm_android_host::pr..: wandr-profile: frame 249840 t+4240994ms  win[N=60 min=14.5ms mean=16.6ms max=20.2ms] over[16ms=44 50ms=0 100ms=0 250ms=0]
05-18 12:43:43.213 11901 11918 I wasm_android_host::pr..: wandr-profile: frame 249900 t+4241989ms  win[N=60 min=14.2ms mean=16.5ms max=20.5ms] over[16ms=39 50ms=0 100ms=0 250ms=0]
05-18 12:43:44.212 11901 11918 I wasm_android_host::pr..: wandr-profile: frame 249960 t+4242987ms  win[N=60 min=13.9ms mean=16.5ms max=19.4ms] over[16ms=42 50ms=0 100ms=0 250ms=0]
05-18 12:43:45.212 11901 11918 I wasm_android_host::pr..: wandr-profile: frame 250020 t+4243987ms  win[N=60 min=13.8ms mean=16.6ms max=20.3ms] over[16ms=38 50ms=0 100ms=0 250ms=0]
05-18 12:43:46.212 11901 11918 I wasm_android_host::pr..: wandr-profile: frame 250080 t+4244988ms  win[N=60 min=14.7ms mean=16.6ms max=19.3ms] over[16ms=44 50ms=0 100ms=0 250ms=0]
05-18 12:43:47.208 11901 11918 I wasm_android_host::pr..: wandr-profile: frame 250140 t+4245984ms  win[N=60 min=14.0ms mean=16.5ms max=20.2ms] over[16ms=42 50ms=0 100ms=0 250ms=0]
05-18 12:43:48.207 11901 11918 I wasm_android_host::pr..: wandr-profile: frame 250200 t+4246982ms  win[N=60 min=12.6ms mean=16.6ms max=20.8ms] over[16ms=39 50ms=0 100ms=0 250ms=0]
05-18 12:43:49.204 11901 11918 I wasm_android_host::pr..: wandr-profile: frame 250260 t+4247980ms  win[N=60 min=13.8ms mean=16.6ms max=20.4ms] over[16ms=41 50ms=0 100ms=0 250ms=0]
05-18 12:43:50.202 11901 11918 I wasm_android_host::pr..: wandr-profile: frame 250320 t+4248978ms  win[N=60 min=14.1ms mean=16.6ms max=19.8ms] over[16ms=45 50ms=0 100ms=0 250ms=0]
05-18 12:43:51.200 11901 11918 I wasm_android_host::pr..: wandr-profile: frame 250380 t+4249976ms  win[N=60 min=13.4ms mean=16.6ms max=19.8ms] over[16ms=47 50ms=0 100ms=0 250ms=0]
05-18 12:43:52.199 11901 11918 I wasm_android_host::pr..: wandr-profile: frame 250440 t+4250975ms  win[N=60 min=13.0ms mean=16.6ms max=20.3ms] over[16ms=45 50ms=0 100ms=0 250ms=0]
05-18 12:43:53.197 11901 11918 I wasm_android_host::pr..: wandr-profile: frame 250500 t+4251973ms  win[N=60 min=14.0ms mean=16.6ms max=19.4ms] over[16ms=47 50ms=0 100ms=0 250ms=0]
05-18 12:43:54.195 11901 11918 I wasm_android_host::pr..: wandr-profile: frame 250560 t+4252971ms  win[N=60 min=14.2ms mean=16.6ms max=19.2ms] over[16ms=47 50ms=0 100ms=0 250ms=0]
05-18 12:43:55.198 11901 11918 I wasm_android_host::pr..: wandr-profile: frame 250620 t+4253973ms  win[N=60 min=14.8ms mean=16.6ms max=20.2ms] over[16ms=46 50ms=0 100ms=0 250ms=0]
05-18 12:43:56.194 11901 11918 I wasm_android_host::pr..: wandr-profile: frame 250680 t+4254970ms  win[N=60 min=14.7ms mean=16.5ms max=18.6ms] over[16ms=43 50ms=0 100ms=0 250ms=0]
05-18 12:43:57.192 11901 11918 I wasm_android_host::pr..: wandr-profile: frame 250740 t+4255968ms  win[N=60 min=13.2ms mean=16.6ms max=20.2ms] over[16ms=43 50ms=0 100ms=0 250ms=0]
05-18 12:43:58.190 11901 11918 I wasm_android_host::pr..: wandr-profile: frame 250800 t+4256966ms  win[N=60 min=14.8ms mean=16.6ms max=18.8ms] over[16ms=48 50ms=0 100ms=0 250ms=0]
05-18 12:43:59.189 11901 11918 I wasm_android_host::pr..: wandr-profile: frame 250860 t+4257965ms  win[N=60 min=13.6ms mean=16.6ms max=20.4ms] over[16ms=43 50ms=0 100ms=0 250ms=0]
05-18 12:44:00.204 11901 11918 I wasm_android_host::pr..: wandr-profile: frame 250920 t+4258980ms  win[N=60 min=11.2ms mean=16.8ms max=35.7ms] over[16ms=44 50ms=0 100ms=0 250ms=0]
05-18 12:44:01.201 11901 11918 I wasm_android_host::pr..: wandr-profile: frame 250980 t+4259977ms  win[N=60 min=14.3ms mean=16.6ms max=20.1ms] over[16ms=43 50ms=0 100ms=0 250ms=0]
05-18 12:44:02.199 11901 11918 I wasm_android_host::pr..: wandr-profile: frame 251040 t+4260975ms  win[N=60 min=13.7ms mean=16.6ms max=21.0ms] over[16ms=40 50ms=0 100ms=0 250ms=0]
05-18 12:44:03.201 11901 11918 I wasm_android_host::pr..: wandr-profile: frame 251100 t+4261977ms  win[N=60 min=13.4ms mean=16.6ms max=20.1ms] over[16ms=45 50ms=0 100ms=0 250ms=0]
05-18 12:44:04.196 11901 11918 I wasm_android_host::pr..: wandr-profile: frame 251160 t+4262972ms  win[N=60 min=13.2ms mean=16.5ms max=20.0ms] over[16ms=42 50ms=0 100ms=0 250ms=0]
05-18 12:44:05.196 11901 11918 I wasm_android_host::pr..: wandr-profile: frame 251220 t+4263972ms  win[N=60 min=14.5ms mean=16.6ms max=19.0ms] over[16ms=49 50ms=0 100ms=0 250ms=0]
05-18 12:44:06.193 11901 11918 I wasm_android_host::pr..: wandr-profile: frame 251280 t+4264969ms  win[N=60 min=13.7ms mean=16.5ms max=20.4ms] over[16ms=41 50ms=0 100ms=0 250ms=0]
05-18 12:44:07.193 11901 11918 I wasm_android_host::pr..: wandr-profile: frame 251340 t+4265969ms  win[N=60 min=14.4ms mean=16.6ms max=19.9ms] over[16ms=45 50ms=0 100ms=0 250ms=0]
05-18 12:44:08.191 11901 11918 I wasm_android_host::pr..: wandr-profile: frame 251400 t+4266967ms  win[N=60 min=13.0ms mean=16.6ms max=20.7ms] over[16ms=35 50ms=0 100ms=0 250ms=0]
05-18 12:44:09.190 11901 11918 I wasm_android_host::pr..: wandr-profile: frame 251460 t+4267965ms  win[N=60 min=14.7ms mean=16.6ms max=21.5ms] over[16ms=46 50ms=0 100ms=0 250ms=0]
05-18 12:44:10.187 11901 11918 I wasm_android_host::pr..: wandr-profile: frame 251520 t+4268962ms  win[N=60 min=13.7ms mean=16.6ms max=20.2ms] over[16ms=45 50ms=0 100ms=0 250ms=0]
05-18 12:44:11.185 11901 11918 I wasm_android_host::pr..: wandr-profile: frame 251580 t+4269961ms  win[N=60 min=13.4ms mean=16.6ms max=19.9ms] over[16ms=47 50ms=0 100ms=0 250ms=0]
05-18 12:44:12.184 11901 11918 I wasm_android_host::pr..: wandr-profile: frame 251640 t+4270959ms  win[N=60 min=13.3ms mean=16.6ms max=20.1ms] over[16ms=46 50ms=0 100ms=0 250ms=0]
05-18 12:44:13.182 11901 11918 I wasm_android_host::pr..: wandr-profile: frame 251700 t+4271958ms  win[N=60 min=14.2ms mean=16.6ms max=19.8ms] over[16ms=45 50ms=0 100ms=0 250ms=0]
05-18 12:44:14.180 11901 11918 I wasm_android_host::pr..: wandr-profile: frame 251760 t+4272956ms  win[N=60 min=14.8ms mean=16.6ms max=19.8ms] over[16ms=47 50ms=0 100ms=0 250ms=0]
05-18 12:44:15.181 11901 11918 I wasm_android_host::pr..: wandr-profile: frame 251820 t+4273957ms  win[N=60 min=14.4ms mean=16.6ms max=19.4ms] over[16ms=44 50ms=0 100ms=0 250ms=0]
05-18 12:44:16.177 11901 11918 I wasm_android_host::pr..: wandr-profile: frame 251880 t+4274953ms  win[N=60 min=13.7ms mean=16.5ms max=20.3ms] over[16ms=41 50ms=0 100ms=0 250ms=0]
05-18 12:44:17.179 11901 11918 I wasm_android_host::pr..: wandr-profile: frame 251940 t+4275954ms  win[N=60 min=13.8ms mean=16.6ms max=20.6ms] over[16ms=40 50ms=0 100ms=0 250ms=0]
05-18 12:44:18.174 11901 11918 I wasm_android_host::pr..: wandr-profile: frame 252000 t+4276949ms  win[N=60 min=12.8ms mean=16.5ms max=20.5ms] over[16ms=41 50ms=0 100ms=0 250ms=0]
05-18 12:44:19.172 11901 11918 I wasm_android_host::pr..: wandr-profile: frame 252060 t+4277948ms  win[N=60 min=12.5ms mean=16.6ms max=20.5ms] over[16ms=43 50ms=0 100ms=0 250ms=0]
05-18 12:44:20.174 11901 11918 I wasm_android_host::pr..: wandr-profile: frame 252120 t+4278950ms  win[N=60 min=13.3ms mean=16.6ms max=20.7ms] over[16ms=44 50ms=0 100ms=0 250ms=0]
05-18 12:44:21.171 11901 11918 I wasm_android_host::pr..: wandr-profile: frame 252180 t+4279947ms  win[N=60 min=14.0ms mean=16.5ms max=19.1ms] over[16ms=45 50ms=0 100ms=0 250ms=0]
05-18 12:44:22.169 11901 11918 I wasm_android_host::pr..: wandr-profile: frame 252240 t+4280945ms  win[N=60 min=14.7ms mean=16.6ms max=19.9ms] over[16ms=44 50ms=0 100ms=0 250ms=0]
05-18 12:44:23.167 11901 11918 I wasm_android_host::pr..: wandr-profile: frame 252300 t+4281943ms  win[N=60 min=14.7ms mean=16.6ms max=20.6ms] over[16ms=43 50ms=0 100ms=0 250ms=0]
05-18 12:44:24.164 11901 11918 I wasm_android_host::pr..: wandr-profile: frame 252360 t+4282940ms  win[N=60 min=14.0ms mean=16.6ms max=20.2ms] over[16ms=41 50ms=0 100ms=0 250ms=0]
05-18 12:44:25.163 11901 11918 I wasm_android_host::pr..: wandr-profile: frame 252420 t+4283938ms  win[N=60 min=14.5ms mean=16.6ms max=20.7ms] over[16ms=45 50ms=0 100ms=0 250ms=0]
05-18 12:44:26.178 11901 11918 I wasm_android_host::pr..: wandr-profile: frame 252480 t+4284953ms  win[N=60 min=11.4ms mean=16.9ms max=35.8ms] over[16ms=42 50ms=0 100ms=0 250ms=0]
05-18 12:44:27.178 11901 11918 I wasm_android_host::pr..: wandr-profile: frame 252540 t+4285954ms  win[N=60 min=14.1ms mean=16.6ms max=21.7ms] over[16ms=44 50ms=0 100ms=0 250ms=0]
05-18 12:44:28.175 11901 11918 I wasm_android_host::pr..: wandr-profile: frame 252600 t+4286950ms  win[N=60 min=14.2ms mean=16.5ms max=19.6ms] over[16ms=47 50ms=0 100ms=0 250ms=0]
05-18 12:44:29.173 11901 11918 I wasm_android_host::pr..: wandr-profile: frame 252660 t+4287949ms  win[N=60 min=14.6ms mean=16.6ms max=20.5ms] over[16ms=42 50ms=0 100ms=0 250ms=0]
05-18 12:44:30.172 11901 11918 I wasm_android_host::pr..: wandr-profile: frame 252720 t+4288948ms  win[N=60 min=14.1ms mean=16.6ms max=19.4ms] over[16ms=46 50ms=0 100ms=0 250ms=0]
05-18 12:44:31.170 11901 11918 I wasm_android_host::pr..: wandr-profile: frame 252780 t+4289946ms  win[N=60 min=13.5ms mean=16.6ms max=19.8ms] over[16ms=42 50ms=0 100ms=0 250ms=0]
05-18 12:44:32.169 11901 11918 I wasm_android_host::pr..: wandr-profile: frame 252840 t+4290944ms  win[N=60 min=13.3ms mean=16.6ms max=20.0ms] over[16ms=43 50ms=0 100ms=0 250ms=0]
05-18 12:44:33.168 11901 11918 I wasm_android_host::pr..: wandr-profile: frame 252900 t+4291944ms  win[N=60 min=14.9ms mean=16.6ms max=19.6ms] over[16ms=45 50ms=0 100ms=0 250ms=0]
05-18 12:44:34.166 11901 11918 I wasm_android_host::pr..: wandr-profile: frame 252960 t+4292941ms  win[N=60 min=13.9ms mean=16.6ms max=19.9ms] over[16ms=44 50ms=0 100ms=0 250ms=0]
05-18 12:44:35.163 11901 11918 I wasm_android_host::pr..: wandr-profile: frame 253020 t+4293939ms  win[N=60 min=13.7ms mean=16.6ms max=20.3ms] over[16ms=43 50ms=0 100ms=0 250ms=0]
05-18 12:44:36.161 11901 11918 I wasm_android_host::pr..: wandr-profile: frame 253080 t+4294937ms  win[N=60 min=14.3ms mean=16.6ms max=20.2ms] over[16ms=45 50ms=0 100ms=0 250ms=0]
05-18 12:44:37.160 11901 11918 I wasm_android_host::pr..: wandr-profile: frame 253140 t+4295936ms  win[N=60 min=12.7ms mean=16.6ms max=20.5ms] over[16ms=44 50ms=0 100ms=0 250ms=0]
05-18 12:44:38.158 11901 11918 I wasm_android_host::pr..: wandr-profile: frame 253200 t+4296934ms  win[N=60 min=14.3ms mean=16.6ms max=20.0ms] over[16ms=44 50ms=0 100ms=0 250ms=0]
05-18 12:44:39.157 11901 11918 I wasm_android_host::pr..: wandr-profile: frame 253260 t+4297932ms  win[N=60 min=13.8ms mean=16.6ms max=20.8ms] over[16ms=49 50ms=0 100ms=0 250ms=0]
05-18 12:44:40.155 11901 11918 I wasm_android_host::pr..: wandr-profile: frame 253320 t+4298931ms  win[N=60 min=14.2ms mean=16.6ms max=20.1ms] over[16ms=44 50ms=0 100ms=0 250ms=0]
05-18 12:44:41.153 11901 11918 I wasm_android_host::pr..: wandr-profile: frame 253380 t+4299929ms  win[N=60 min=13.2ms mean=16.6ms max=20.3ms] over[16ms=44 50ms=0 100ms=0 250ms=0]
05-18 12:44:42.154 11901 11918 I wasm_android_host::pr..: wandr-profile: frame 253440 t+4300929ms  win[N=60 min=14.4ms mean=16.6ms max=19.5ms] over[16ms=42 50ms=0 100ms=0 250ms=0]
05-18 12:44:43.152 11901 11918 I wasm_android_host::pr..: wandr-profile: frame 253500 t+4301927ms  win[N=60 min=14.8ms mean=16.6ms max=20.3ms] over[16ms=44 50ms=0 100ms=0 250ms=0]
05-18 12:44:44.150 11901 11918 I wasm_android_host::pr..: wandr-profile: frame 253560 t+4302926ms  win[N=60 min=14.6ms mean=16.6ms max=19.7ms] over[16ms=46 50ms=0 100ms=0 250ms=0]
05-18 12:44:45.149 11901 11918 I wasm_android_host::pr..: wandr-profile: frame 253620 t+4303924ms  win[N=60 min=14.6ms mean=16.6ms max=20.1ms] over[16ms=46 50ms=0 100ms=0 250ms=0]
05-18 12:44:46.147 11901 11918 I wasm_android_host::pr..: wandr-profile: frame 253680 t+4304922ms  win[N=60 min=13.7ms mean=16.6ms max=19.5ms] over[16ms=46 50ms=0 100ms=0 250ms=0]
05-18 12:44:47.144 11901 11918 I wasm_android_host::pr..: wandr-profile: frame 253740 t+4305920ms  win[N=60 min=13.2ms mean=16.6ms max=19.8ms] over[16ms=43 50ms=0 100ms=0 250ms=0]
05-18 12:44:48.142 11901 11918 I wasm_android_host::pr..: wandr-profile: frame 253800 t+4306918ms  win[N=60 min=12.9ms mean=16.6ms max=19.6ms] over[16ms=46 50ms=0 100ms=0 250ms=0]
05-18 12:44:49.141 11901 11918 I wasm_android_host::pr..: wandr-profile: frame 253860 t+4307917ms  win[N=60 min=14.6ms mean=16.6ms max=20.1ms] over[16ms=43 50ms=0 100ms=0 250ms=0]
05-18 12:44:50.139 11901 11918 I wasm_android_host::pr..: wandr-profile: frame 253920 t+4308915ms  win[N=60 min=14.6ms mean=16.6ms max=19.4ms] over[16ms=47 50ms=0 100ms=0 250ms=0]
05-18 12:44:51.137 11901 11918 I wasm_android_host::pr..: wandr-profile: frame 253980 t+4309913ms  win[N=60 min=14.3ms mean=16.6ms max=20.1ms] over[16ms=47 50ms=0 100ms=0 250ms=0]
05-18 12:44:52.136 11901 11918 I wasm_android_host::pr..: wandr-profile: frame 254040 t+4310911ms  win[N=60 min=14.3ms mean=16.6ms max=18.7ms] over[16ms=42 50ms=0 100ms=0 250ms=0]
05-18 12:44:53.136 11901 11918 I wasm_android_host::pr..: wandr-profile: frame 254100 t+4311912ms  win[N=60 min=13.4ms mean=16.6ms max=20.0ms] over[16ms=43 50ms=0 100ms=0 250ms=0]
05-18 12:44:54.133 11901 11918 I wasm_android_host::pr..: wandr-profile: frame 254160 t+4312908ms  win[N=60 min=14.7ms mean=16.6ms max=20.9ms] over[16ms=42 50ms=0 100ms=0 250ms=0]
05-18 12:44:55.132 11901 11918 I wasm_android_host::pr..: wandr-profile: frame 254220 t+4313908ms  win[N=60 min=14.4ms mean=16.6ms max=19.7ms] over[16ms=44 50ms=0 100ms=0 250ms=0]
05-18 12:44:56.131 11901 11918 I wasm_android_host::pr..: wandr-profile: frame 254280 t+4314907ms  win[N=60 min=14.7ms mean=16.6ms max=20.0ms] over[16ms=49 50ms=0 100ms=0 250ms=0]
05-18 12:44:57.129 11901 11918 I wasm_android_host::pr..: wandr-profile: frame 254340 t+4315905ms  win[N=60 min=14.5ms mean=16.6ms max=20.2ms] over[16ms=44 50ms=0 100ms=0 250ms=0]
05-18 12:44:58.128 11901 11918 I wasm_android_host::pr..: wandr-profile: frame 254400 t+4316904ms  win[N=60 min=12.9ms mean=16.6ms max=20.4ms] over[16ms=48 50ms=0 100ms=0 250ms=0]
05-18 12:44:59.125 11901 11918 I wasm_android_host::pr..: wandr-profile: frame 254460 t+4317901ms  win[N=60 min=14.4ms mean=16.6ms max=18.8ms] over[16ms=46 50ms=0 100ms=0 250ms=0]
05-18 12:45:00.124 11901 11918 I wasm_android_host::pr..: wandr-profile: frame 254520 t+4318899ms  win[N=60 min=14.5ms mean=16.6ms max=20.5ms] over[16ms=43 50ms=0 100ms=0 250ms=0]
05-18 12:45:01.122 11901 11918 I wasm_android_host::pr..: wandr-profile: frame 254580 t+4319898ms  win[N=60 min=13.8ms mean=16.6ms max=21.3ms] over[16ms=42 50ms=0 100ms=0 250ms=0]
05-18 12:45:02.120 11901 11918 I wasm_android_host::pr..: wandr-profile: frame 254640 t+4320896ms  win[N=60 min=13.1ms mean=16.6ms max=20.2ms] over[16ms=39 50ms=0 100ms=0 250ms=0]
05-18 12:45:03.119 11901 11918 I wasm_android_host::pr..: wandr-profile: frame 254700 t+4321895ms  win[N=60 min=14.7ms mean=16.6ms max=19.3ms] over[16ms=43 50ms=0 100ms=0 250ms=0]
05-18 12:45:04.117 11901 11918 I wasm_android_host::pr..: wandr-profile: frame 254760 t+4322893ms  win[N=60 min=13.7ms mean=16.6ms max=19.6ms] over[16ms=47 50ms=0 100ms=0 250ms=0]
05-18 12:45:05.116 11901 11918 I wasm_android_host::pr..: wandr-profile: frame 254820 t+4323892ms  win[N=60 min=13.6ms mean=16.6ms max=20.4ms] over[16ms=45 50ms=0 100ms=0 250ms=0]
05-18 12:45:06.114 11901 11918 I wasm_android_host::pr..: wandr-profile: frame 254880 t+4324890ms  win[N=60 min=14.7ms mean=16.6ms max=20.2ms] over[16ms=46 50ms=0 100ms=0 250ms=0]
05-18 12:45:07.113 11901 11918 I wasm_android_host::pr..: wandr-profile: frame 254940 t+4325889ms  win[N=60 min=14.6ms mean=16.6ms max=20.3ms] over[16ms=44 50ms=0 100ms=0 250ms=0]
05-18 12:45:08.130 11901 11918 I wasm_android_host::pr..: wandr-profile: frame 255000 t+4326905ms  win[N=60 min=10.8ms mean=16.9ms max=36.7ms] over[16ms=42 50ms=0 100ms=0 250ms=0]
05-18 12:45:09.128 11901 11918 I wasm_android_host::pr..: wandr-profile: frame 255060 t+4327904ms  win[N=60 min=13.4ms mean=16.6ms max=20.1ms] over[16ms=41 50ms=0 100ms=0 250ms=0]
05-18 12:45:10.125 11901 11918 I wasm_android_host::pr..: wandr-profile: frame 255120 t+4328901ms  win[N=60 min=14.7ms mean=16.6ms max=18.7ms] over[16ms=47 50ms=0 100ms=0 250ms=0]
05-18 12:45:11.124 11901 11918 I wasm_android_host::pr..: wandr-profile: frame 255180 t+4329899ms  win[N=60 min=14.2ms mean=16.6ms max=20.6ms] over[16ms=43 50ms=0 100ms=0 250ms=0]
05-18 12:45:12.139 11901 11918 I wasm_android_host::pr..: wandr-profile: frame 255240 t+4330915ms  win[N=60 min=13.7ms mean=16.9ms max=33.8ms] over[16ms=46 50ms=0 100ms=0 250ms=0]
05-18 12:45:13.137 11901 11918 I wasm_android_host::pr..: wandr-profile: frame 255300 t+4331913ms  win[N=60 min=13.4ms mean=16.6ms max=20.7ms] over[16ms=43 50ms=0 100ms=0 250ms=0]
05-18 12:45:14.136 11901 11918 I wasm_android_host::pr..: wandr-profile: frame 255360 t+4332912ms  win[N=60 min=13.2ms mean=16.6ms max=20.2ms] over[16ms=45 50ms=0 100ms=0 250ms=0]
05-18 12:45:15.136 11901 11918 I wasm_android_host::pr..: wandr-profile: frame 255420 t+4333911ms  win[N=60 min=13.6ms mean=16.6ms max=19.9ms] over[16ms=44 50ms=0 100ms=0 250ms=0]
05-18 12:45:16.135 11901 11918 I wasm_android_host::pr..: wandr-profile: frame 255480 t+4334911ms  win[N=60 min=14.3ms mean=16.6ms max=18.9ms] over[16ms=44 50ms=0 100ms=0 250ms=0]
05-18 12:45:17.133 11901 11918 I wasm_android_host::pr..: wandr-profile: frame 255540 t+4335909ms  win[N=60 min=14.7ms mean=16.6ms max=20.0ms] over[16ms=44 50ms=0 100ms=0 250ms=0]
05-18 12:45:18.131 11901 11918 I wasm_android_host::pr..: wandr-profile: frame 255600 t+4336907ms  win[N=60 min=14.6ms mean=16.6ms max=20.2ms] over[16ms=45 50ms=0 100ms=0 250ms=0]
05-18 12:45:19.129 11901 11918 I wasm_android_host::pr..: wandr-profile: frame 255660 t+4337905ms  win[N=60 min=14.1ms mean=16.6ms max=18.7ms] over[16ms=47 50ms=0 100ms=0 250ms=0]
05-18 12:45:20.128 11901 11918 I wasm_android_host::pr..: wandr-profile: frame 255720 t+4338903ms  win[N=60 min=13.2ms mean=16.6ms max=20.7ms] over[16ms=45 50ms=0 100ms=0 250ms=0]
05-18 12:45:21.125 11901 11918 I wasm_android_host::pr..: wandr-profile: frame 255780 t+4339901ms  win[N=60 min=14.9ms mean=16.6ms max=19.0ms] over[16ms=46 50ms=0 100ms=0 250ms=0]
05-18 12:45:22.123 11901 11918 I wasm_android_host::pr..: wandr-profile: frame 255840 t+4340899ms  win[N=60 min=13.7ms mean=16.6ms max=20.1ms] over[16ms=46 50ms=0 100ms=0 250ms=0]
05-18 12:45:23.122 11901 11918 I wasm_android_host::pr..: wandr-profile: frame 255900 t+4341897ms  win[N=60 min=14.8ms mean=16.6ms max=20.1ms] over[16ms=43 50ms=0 100ms=0 250ms=0]
05-18 12:45:24.120 11901 11918 I wasm_android_host::pr..: wandr-profile: frame 255960 t+4342896ms  win[N=60 min=13.6ms mean=16.6ms max=20.1ms] over[16ms=45 50ms=0 100ms=0 250ms=0]
05-18 12:45:25.118 11901 11918 I wasm_android_host::pr..: wandr-profile: frame 256020 t+4343894ms  win[N=60 min=14.4ms mean=16.6ms max=19.0ms] over[16ms=48 50ms=0 100ms=0 250ms=0]
05-18 12:45:26.117 11901 11918 I wasm_android_host::pr..: wandr-profile: frame 256080 t+4344893ms  win[N=60 min=13.9ms mean=16.6ms max=19.7ms] over[16ms=44 50ms=0 100ms=0 250ms=0]
05-18 12:45:27.115 11901 11918 I wasm_android_host::pr..: wandr-profile: frame 256140 t+4345891ms  win[N=60 min=14.4ms mean=16.6ms max=19.0ms] over[16ms=43 50ms=0 100ms=0 250ms=0]
05-18 12:45:28.116 11901 11918 I wasm_android_host::pr..: wandr-profile: frame 256200 t+4346892ms  win[N=60 min=14.8ms mean=16.6ms max=20.1ms] over[16ms=45 50ms=0 100ms=0 250ms=0]
05-18 12:45:29.112 11901 11918 I wasm_android_host::pr..: wandr-profile: frame 256260 t+4347888ms  win[N=60 min=12.9ms mean=16.5ms max=20.5ms] over[16ms=44 50ms=0 100ms=0 250ms=0]
05-18 12:45:30.112 11901 11918 I wasm_android_host::pr..: wandr-profile: frame 256320 t+4348888ms  win[N=60 min=13.6ms mean=16.6ms max=19.9ms] over[16ms=44 50ms=0 100ms=0 250ms=0]
05-18 12:45:31.111 11901 11918 I wasm_android_host::pr..: wandr-profile: frame 256380 t+4349887ms  win[N=60 min=14.5ms mean=16.6ms max=19.1ms] over[16ms=42 50ms=0 100ms=0 250ms=0]
05-18 12:45:32.109 11901 11918 I wasm_android_host::pr..: wandr-profile: frame 256440 t+4350885ms  win[N=60 min=13.5ms mean=16.6ms max=20.3ms] over[16ms=44 50ms=0 100ms=0 250ms=0]
05-18 12:45:33.108 11901 11918 I wasm_android_host::pr..: wandr-profile: frame 256500 t+4351883ms  win[N=60 min=13.1ms mean=16.6ms max=20.9ms] over[16ms=46 50ms=0 100ms=0 250ms=0]
05-18 12:45:34.121 11901 11918 I wasm_android_host::pr..: wandr-profile: frame 256560 t+4352897ms  win[N=60 min=11.7ms mean=16.8ms max=36.6ms] over[16ms=40 50ms=0 100ms=0 250ms=0]
05-18 12:45:35.119 11901 11918 I wasm_android_host::pr..: wandr-profile: frame 256620 t+4353895ms  win[N=60 min=12.4ms mean=16.6ms max=20.3ms] over[16ms=43 50ms=0 100ms=0 250ms=0]
05-18 12:45:36.118 11901 11918 I wasm_android_host::pr..: wandr-profile: frame 256680 t+4354893ms  win[N=60 min=13.4ms mean=16.6ms max=20.1ms] over[16ms=45 50ms=0 100ms=0 250ms=0]
05-18 12:45:37.116 11901 11918 I wasm_android_host::pr..: wandr-profile: frame 256740 t+4355892ms  win[N=60 min=14.1ms mean=16.6ms max=20.4ms] over[16ms=44 50ms=0 100ms=0 250ms=0]
05-18 12:45:38.115 11901 11918 I wasm_android_host::pr..: wandr-profile: frame 256800 t+4356890ms  win[N=60 min=14.2ms mean=16.6ms max=19.3ms] over[16ms=45 50ms=0 100ms=0 250ms=0]
05-18 12:45:39.113 11901 11918 I wasm_android_host::pr..: wandr-profile: frame 256860 t+4357889ms  win[N=60 min=14.8ms mean=16.6ms max=19.9ms] over[16ms=45 50ms=0 100ms=0 250ms=0]
05-18 12:45:40.113 11901 11918 I wasm_android_host::pr..: wandr-profile: frame 256920 t+4358889ms  win[N=60 min=14.4ms mean=16.6ms max=19.4ms] over[16ms=46 50ms=0 100ms=0 250ms=0]
05-18 12:45:41.112 11901 11918 I wasm_android_host::pr..: wandr-profile: frame 256980 t+4359887ms  win[N=60 min=14.2ms mean=16.6ms max=20.6ms] over[16ms=45 50ms=0 100ms=0 250ms=0]
05-18 12:45:42.125 11901 11918 I wasm_android_host::pr..: wandr-profile: frame 257040 t+4360901ms  win[N=60 min=11.0ms mean=16.8ms max=32.8ms] over[16ms=43 50ms=0 100ms=0 250ms=0]
05-18 12:45:43.123 11901 11918 I wasm_android_host::pr..: wandr-profile: frame 257100 t+4361899ms  win[N=60 min=13.5ms mean=16.6ms max=20.4ms] over[16ms=43 50ms=0 100ms=0 250ms=0]
05-18 12:45:44.122 11901 11918 I wasm_android_host::pr..: wandr-profile: frame 257160 t+4362897ms  win[N=60 min=14.6ms mean=16.6ms max=19.9ms] over[16ms=45 50ms=0 100ms=0 250ms=0]
05-18 12:45:45.120 11901 11918 I wasm_android_host::pr..: wandr-profile: frame 257220 t+4363896ms  win[N=60 min=13.8ms mean=16.6ms max=20.4ms] over[16ms=44 50ms=0 100ms=0 250ms=0]
05-18 12:45:46.118 11901 11918 I wasm_android_host::pr..: wandr-profile: frame 257280 t+4364894ms  win[N=60 min=13.8ms mean=16.6ms max=19.6ms] over[16ms=45 50ms=0 100ms=0 250ms=0]
05-18 12:45:47.117 11901 11918 I wasm_android_host::pr..: wandr-profile: frame 257340 t+4365893ms  win[N=60 min=13.4ms mean=16.6ms max=19.9ms] over[16ms=45 50ms=0 100ms=0 250ms=0]
05-18 12:45:48.115 11901 11918 I wasm_android_host::pr..: wandr-profile: frame 257400 t+4366891ms  win[N=60 min=14.5ms mean=16.6ms max=18.7ms] over[16ms=46 50ms=0 100ms=0 250ms=0]
05-18 12:45:49.114 11901 11918 I wasm_android_host::pr..: wandr-profile: frame 257460 t+4367890ms  win[N=60 min=13.5ms mean=16.6ms max=19.7ms] over[16ms=46 50ms=0 100ms=0 250ms=0]
05-18 12:45:50.112 11901 11918 I wasm_android_host::pr..: wandr-profile: frame 257520 t+4368888ms  win[N=60 min=14.2ms mean=16.6ms max=19.2ms] over[16ms=42 50ms=0 100ms=0 250ms=0]
05-18 12:45:51.112 11901 11918 I wasm_android_host::pr..: wandr-profile: frame 257580 t+4369888ms  win[N=60 min=14.3ms mean=16.6ms max=19.8ms] over[16ms=46 50ms=0 100ms=0 250ms=0]
05-18 12:45:52.110 11901 11918 I wasm_android_host::pr..: wandr-profile: frame 257640 t+4370886ms  win[N=60 min=14.7ms mean=16.6ms max=18.9ms] over[16ms=45 50ms=0 100ms=0 250ms=0]
05-18 12:45:53.109 11901 11918 I wasm_android_host::pr..: wandr-profile: frame 257700 t+4371885ms  win[N=60 min=13.5ms mean=16.6ms max=19.9ms] over[16ms=45 50ms=0 100ms=0 250ms=0]
05-18 12:45:54.108 11901 11918 I wasm_android_host::pr..: wandr-profile: frame 257760 t+4372883ms  win[N=60 min=14.5ms mean=16.6ms max=18.9ms] over[16ms=45 50ms=0 100ms=0 250ms=0]
05-18 12:45:55.104 11901 11918 I wasm_android_host::pr..: wandr-profile: frame 257820 t+4373880ms  win[N=60 min=14.1ms mean=16.5ms max=20.2ms] over[16ms=42 50ms=0 100ms=0 250ms=0]
05-18 12:45:56.103 11901 11918 I wasm_android_host::pr..: wandr-profile: frame 257880 t+4374878ms  win[N=60 min=14.6ms mean=16.6ms max=19.0ms] over[16ms=45 50ms=0 100ms=0 250ms=0]
05-18 12:45:57.118 11901 11918 I wasm_android_host::pr..: wandr-profile: frame 257940 t+4375893ms  win[N=60 min=11.0ms mean=16.9ms max=32.8ms] over[16ms=42 50ms=0 100ms=0 250ms=0]
05-18 12:45:58.116 11901 11918 I wasm_android_host::pr..: wandr-profile: frame 258000 t+4376892ms  win[N=60 min=14.9ms mean=16.6ms max=18.8ms] over[16ms=43 50ms=0 100ms=0 250ms=0]
05-18 12:45:59.114 11901 11918 I wasm_android_host::pr..: wandr-profile: frame 258060 t+4377890ms  win[N=60 min=14.2ms mean=16.6ms max=20.1ms] over[16ms=42 50ms=0 100ms=0 250ms=0]
05-18 12:46:00.113 11901 11918 I wasm_android_host::pr..: wandr-profile: frame 258120 t+4378889ms  win[N=60 min=14.4ms mean=16.6ms max=20.0ms] over[16ms=46 50ms=0 100ms=0 250ms=0]
05-18 12:46:01.112 11901 11918 I wasm_android_host::pr..: wandr-profile: frame 258180 t+4379888ms  win[N=60 min=14.5ms mean=16.6ms max=19.4ms] over[16ms=46 50ms=0 100ms=0 250ms=0]
05-18 12:46:02.111 11901 11918 I wasm_android_host::pr..: wandr-profile: frame 258240 t+4380887ms  win[N=60 min=12.6ms mean=16.6ms max=20.6ms] over[16ms=45 50ms=0 100ms=0 250ms=0]
05-18 12:46:03.110 11901 11918 I wasm_android_host::pr..: wandr-profile: frame 258300 t+4381885ms  win[N=60 min=14.1ms mean=16.6ms max=19.9ms] over[16ms=43 50ms=0 100ms=0 250ms=0]
05-18 12:46:04.108 11901 11918 I wasm_android_host::pr..: wandr-profile: frame 258360 t+4382883ms  win[N=60 min=14.4ms mean=16.6ms max=20.6ms] over[16ms=37 50ms=0 100ms=0 250ms=0]
05-18 12:46:05.105 11901 11918 I wasm_android_host::pr..: wandr-profile: frame 258420 t+4383881ms  win[N=60 min=14.4ms mean=16.6ms max=18.8ms] over[16ms=49 50ms=0 100ms=0 250ms=0]
05-18 12:46:06.104 11901 11918 I wasm_android_host::pr..: wandr-profile: frame 258480 t+4384879ms  win[N=60 min=13.4ms mean=16.6ms max=20.0ms] over[16ms=46 50ms=0 100ms=0 250ms=0]
05-18 12:46:07.102 11901 11918 I wasm_android_host::pr..: wandr-profile: frame 258540 t+4385878ms  win[N=60 min=14.1ms mean=16.6ms max=21.0ms] over[16ms=42 50ms=0 100ms=0 250ms=0]
05-18 12:46:08.101 11901 11918 I wasm_android_host::pr..: wandr-profile: frame 258600 t+4386876ms  win[N=60 min=13.7ms mean=16.6ms max=20.4ms] over[16ms=46 50ms=0 100ms=0 250ms=0]
05-18 12:46:09.099 11901 11918 I wasm_android_host::pr..: wandr-profile: frame 258660 t+4387875ms  win[N=60 min=14.7ms mean=16.6ms max=19.2ms] over[16ms=49 50ms=0 100ms=0 250ms=0]
05-18 12:46:10.116 11901 11918 I wasm_android_host::pr..: wandr-profile: frame 258720 t+4388892ms  win[N=60 min=10.9ms mean=16.9ms max=34.1ms] over[16ms=45 50ms=0 100ms=0 250ms=0]
05-18 12:46:11.113 11901 11918 I wasm_android_host::pr..: wandr-profile: frame 258780 t+4389888ms  win[N=60 min=13.0ms mean=16.5ms max=20.8ms] over[16ms=40 50ms=0 100ms=0 250ms=0]
05-18 12:46:12.129 11901 11918 I wasm_android_host::pr..: wandr-profile: frame 258840 t+4390905ms  win[N=60 min=13.8ms mean=16.9ms max=35.7ms] over[16ms=40 50ms=0 100ms=0 250ms=0]
05-18 12:46:13.127 11901 11918 I wasm_android_host::pr..: wandr-profile: frame 258900 t+4391902ms  win[N=60 min=14.6ms mean=16.6ms max=18.7ms] over[16ms=45 50ms=0 100ms=0 250ms=0]
05-18 12:46:14.124 11901 11918 I wasm_android_host::pr..: wandr-profile: frame 258960 t+4392900ms  win[N=60 min=13.4ms mean=16.6ms max=19.9ms] over[16ms=41 50ms=0 100ms=0 250ms=0]
05-18 12:46:15.123 11901 11918 I wasm_android_host::pr..: wandr-profile: frame 259020 t+4393899ms  win[N=60 min=14.5ms mean=16.6ms max=20.2ms] over[16ms=44 50ms=0 100ms=0 250ms=0]
05-18 12:46:16.121 11901 11918 I wasm_android_host::pr..: wandr-profile: frame 259080 t+4394897ms  win[N=60 min=14.3ms mean=16.6ms max=19.5ms] over[16ms=43 50ms=0 100ms=0 250ms=0]
05-18 12:46:17.120 11901 11918 I wasm_android_host::pr..: wandr-profile: frame 259140 t+4395895ms  win[N=60 min=13.7ms mean=16.6ms max=20.5ms] over[16ms=44 50ms=0 100ms=0 250ms=0]
05-18 12:46:18.118 11901 11918 I wasm_android_host::pr..: wandr-profile: frame 259200 t+4396894ms  win[N=60 min=14.6ms mean=16.6ms max=20.2ms] over[16ms=42 50ms=0 100ms=0 250ms=0]
05-18 12:46:19.117 11901 11918 I wasm_android_host::pr..: wandr-profile: frame 259260 t+4397892ms  win[N=60 min=14.9ms mean=16.6ms max=20.2ms] over[16ms=48 50ms=0 100ms=0 250ms=0]
05-18 12:46:20.115 11901 11918 I wasm_android_host::pr..: wandr-profile: frame 259320 t+4398891ms  win[N=60 min=14.6ms mean=16.6ms max=19.1ms] over[16ms=46 50ms=0 100ms=0 250ms=0]
05-18 12:46:21.114 11901 11918 I wasm_android_host::pr..: wandr-profile: frame 259380 t+4399889ms  win[N=60 min=13.5ms mean=16.6ms max=20.0ms] over[16ms=47 50ms=0 100ms=0 250ms=0]
05-18 12:46:22.113 11901 11918 I wasm_android_host::pr..: wandr-profile: frame 259440 t+4400889ms  win[N=60 min=14.9ms mean=16.6ms max=19.3ms] over[16ms=47 50ms=0 100ms=0 250ms=0]
05-18 12:46:23.112 11901 11918 I wasm_android_host::pr..: wandr-profile: frame 259500 t+4401887ms  win[N=60 min=13.5ms mean=16.6ms max=20.9ms] over[16ms=44 50ms=0 100ms=0 250ms=0]
05-18 12:46:24.110 11901 11918 I wasm_android_host::pr..: wandr-profile: frame 259560 t+4402886ms  win[N=60 min=14.9ms mean=16.6ms max=18.9ms] over[16ms=46 50ms=0 100ms=0 250ms=0]
05-18 12:46:25.108 11901 11918 I wasm_android_host::pr..: wandr-profile: frame 259620 t+4403884ms  win[N=60 min=14.4ms mean=16.6ms max=20.6ms] over[16ms=40 50ms=0 100ms=0 250ms=0]
05-18 12:46:26.107 11901 11918 I wasm_android_host::pr..: wandr-profile: frame 259680 t+4404883ms  win[N=60 min=13.3ms mean=16.6ms max=20.5ms] over[16ms=43 50ms=0 100ms=0 250ms=0]
05-18 12:46:27.104 11901 11918 I wasm_android_host::pr..: wandr-profile: frame 259740 t+4405879ms  win[N=60 min=14.0ms mean=16.5ms max=20.1ms] over[16ms=44 50ms=0 100ms=0 250ms=0]
05-18 12:46:28.102 11901 11918 I wasm_android_host::pr..: wandr-profile: frame 259800 t+4406878ms  win[N=60 min=13.2ms mean=16.6ms max=19.9ms] over[16ms=42 50ms=0 100ms=0 250ms=0]
05-18 12:46:29.101 11901 11918 I wasm_android_host::pr..: wandr-profile: frame 259860 t+4407876ms  win[N=60 min=14.0ms mean=16.6ms max=20.4ms] over[16ms=46 50ms=0 100ms=0 250ms=0]
05-18 12:46:30.099 11901 11918 I wasm_android_host::pr..: wandr-profile: frame 259920 t+4408875ms  win[N=60 min=14.5ms mean=16.6ms max=18.8ms] over[16ms=44 50ms=0 100ms=0 250ms=0]
05-18 12:46:31.098 11901 11918 I wasm_android_host::pr..: wandr-profile: frame 259980 t+4409874ms  win[N=60 min=13.7ms mean=16.6ms max=20.1ms] over[16ms=42 50ms=0 100ms=0 250ms=0]
05-18 12:46:32.096 11901 11918 I wasm_android_host::pr..: wandr-profile: frame 260040 t+4410872ms  win[N=60 min=14.5ms mean=16.6ms max=20.7ms] over[16ms=42 50ms=0 100ms=0 250ms=0]
05-18 12:46:33.098 11901 11918 I wasm_android_host::pr..: wandr-profile: frame 260100 t+4411874ms  win[N=60 min=13.5ms mean=16.6ms max=20.3ms] over[16ms=42 50ms=0 100ms=0 250ms=0]
05-18 12:46:34.093 11901 11918 I wasm_android_host::pr..: wandr-profile: frame 260160 t+4412869ms  win[N=60 min=14.0ms mean=16.5ms max=18.8ms] over[16ms=47 50ms=0 100ms=0 250ms=0]
05-18 12:46:35.093 11901 11918 I wasm_android_host::pr..: wandr-profile: frame 260220 t+4413869ms  win[N=60 min=14.8ms mean=16.6ms max=19.7ms] over[16ms=42 50ms=0 100ms=0 250ms=0]
05-18 12:46:36.092 11901 11918 I wasm_android_host::pr..: wandr-profile: frame 260280 t+4414867ms  win[N=60 min=13.4ms mean=16.6ms max=20.4ms] over[16ms=46 50ms=0 100ms=0 250ms=0]
05-18 12:46:37.090 11901 11918 I wasm_android_host::pr..: wandr-profile: frame 260340 t+4415866ms  win[N=60 min=14.8ms mean=16.6ms max=19.5ms] over[16ms=47 50ms=0 100ms=0 250ms=0]
05-18 12:46:38.089 11901 11918 I wasm_android_host::pr..: wandr-profile: frame 260400 t+4416864ms  win[N=60 min=13.1ms mean=16.6ms max=20.4ms] over[16ms=43 50ms=0 100ms=0 250ms=0]
05-18 12:46:39.087 11901 11918 I wasm_android_host::pr..: wandr-profile: frame 260460 t+4417863ms  win[N=60 min=12.9ms mean=16.6ms max=20.4ms] over[16ms=44 50ms=0 100ms=0 250ms=0]
05-18 12:46:40.084 11901 11918 I wasm_android_host::pr..: wandr-profile: frame 260520 t+4418860ms  win[N=60 min=14.2ms mean=16.5ms max=19.5ms] over[16ms=44 50ms=0 100ms=0 250ms=0]
05-18 12:46:41.083 11901 11918 I wasm_android_host::pr..: wandr-profile: frame 260580 t+4419858ms  win[N=60 min=14.4ms mean=16.6ms max=20.4ms] over[16ms=42 50ms=0 100ms=0 250ms=0]
05-18 12:46:42.081 11901 11918 I wasm_android_host::pr..: wandr-profile: frame 260640 t+4420857ms  win[N=60 min=14.3ms mean=16.6ms max=20.5ms] over[16ms=48 50ms=0 100ms=0 250ms=0]
05-18 12:46:43.080 11901 11918 I wasm_android_host::pr..: wandr-profile: frame 260700 t+4421855ms  win[N=60 min=11.8ms mean=16.6ms max=25.0ms] over[16ms=42 50ms=0 100ms=0 250ms=0]
05-18 12:46:44.078 11901 11918 I wasm_android_host::pr..: wandr-profile: frame 260760 t+4422854ms  win[N=60 min=14.3ms mean=16.6ms max=19.4ms] over[16ms=46 50ms=0 100ms=0 250ms=0]
05-18 12:46:45.077 11901 11918 I wasm_android_host::pr..: wandr-profile: frame 260820 t+4423852ms  win[N=60 min=13.5ms mean=16.6ms max=20.2ms] over[16ms=45 50ms=0 100ms=0 250ms=0]
05-18 12:46:46.075 11901 11918 I wasm_android_host::pr..: wandr-profile: frame 260880 t+4424851ms  win[N=60 min=14.8ms mean=16.6ms max=18.8ms] over[16ms=48 50ms=0 100ms=0 250ms=0]
05-18 12:46:47.074 11901 11918 I wasm_android_host::pr..: wandr-profile: frame 260940 t+4425849ms  win[N=60 min=12.9ms mean=16.6ms max=20.4ms] over[16ms=42 50ms=0 100ms=0 250ms=0]
05-18 12:46:48.074 11901 11918 I wasm_android_host::pr..: wandr-profile: frame 261000 t+4426849ms  win[N=60 min=14.6ms mean=16.6ms max=20.3ms] over[16ms=42 50ms=0 100ms=0 250ms=0]
05-18 12:46:49.072 11901 11918 I wasm_android_host::pr..: wandr-profile: frame 261060 t+4427848ms  win[N=60 min=13.8ms mean=16.6ms max=20.2ms] over[16ms=45 50ms=0 100ms=0 250ms=0]
05-18 12:46:50.070 11901 11918 I wasm_android_host::pr..: wandr-profile: frame 261120 t+4428846ms  win[N=60 min=13.8ms mean=16.6ms max=19.4ms] over[16ms=44 50ms=0 100ms=0 250ms=0]
05-18 12:46:51.070 11901 11918 I wasm_android_host::pr..: wandr-profile: frame 261180 t+4429846ms  win[N=60 min=14.0ms mean=16.6ms max=20.6ms] over[16ms=43 50ms=0 100ms=0 250ms=0]
